date,state,county,production,birds
2022-02-08,Indiana,Dubois,Commercial Turkey Meat Bird,0
2022-02-12,Kentucky,Fulton,Commercial Broiler Production,200000
2022-02-12,Virginia,Fauquier,WOAH Non-Poultry,0
2022-02-15,Kentucky,Webster,Commercial Turkey Meat Bird,100000
2022-02-16,Indiana,Dubois,Commercial Turkey Meat Bird,0
2022-02-18,New York,Suffolk,WOAH Non-Poultry,0
2022-02-19,Maine,Knox,WOAH Non-Poultry,0
2022-02-22,Delaware,New Castle,Commercial Table Egg Layer,1000000
2022-02-23,Indiana,Greene,Commercial Turkey Meat Bird,0
2022-02-23,Indiana,Greene,Commercial Turkey Meat Bird,0
2022-02-23,Maine,Knox,WOAH Non-Poultry,0
2022-02-23,Michigan,Kalamazoo,WOAH Non-Poultry,0
2022-02-24,Indiana,Dubois,Commercial Turkey Meat Bird,0
2022-02-24,New York,Dutchess,WOAH Non-Poultry,0
2022-02-24,New York,Ulster,WOAH Non-Poultry,0
2022-03-01,Connecticut,New London,WOAH Non-Poultry,0
2022-03-01,Iowa,Pottawattamie,WOAH Non-Poultry,0
2022-03-02,Indiana,Dubois,Commercial Turkey Meat Bird,0
2022-03-04,Maryland,Cecil,Commercial Table Egg Layer,600000
2022-03-04,Missouri,Bates,WOAH Non-Poultry,0
2022-03-04,Missouri,Stoddard,Commercial Broiler Production,300000
2022-03-05,South Dakota,Charles Mix,Commercial Turkey Meat Bird,0
2022-03-06,Iowa,Buena Vista,Commercial Turkey Meat Bird,0
2022-03-08,Delaware,New Castle,Commercial Table Egg Pullets,200000
2022-03-08,Maryland,Queen Anne's,Commercial Broiler Production,100000
2022-03-08,Missouri,Jasper,Commercial Turkey Meat Bird,0
2022-03-09,Missouri,Lawrence,Commercial Turkey Breeder Replacement Hens,0
2022-03-10,Iowa,Taylor,Commercial Table Egg Layer,900000
2022-03-10,Maryland,Cecil,Commercial Table Egg Layer,700000
2022-03-11,Illinois,Mclean,WOAH Non-Poultry,0
2022-03-11,Kansas,Franklin,WOAH Poultry,0
2022-03-12,Maine,Lincoln,WOAH Non-Poultry,0
2022-03-12,South Dakota,Charles Mix,Commercial Turkey Meat Bird,0
2022-03-14,Maine,York,WOAH Non-Poultry,0
2022-03-14,Wisconsin,Jefferson,Commercial Table Egg Layer,2800000
2022-03-15,Missouri,Ralls,WOAH Non-Poultry,0
2022-03-15,Nebraska,Merrick,WOAH Non-Poultry,0
2022-03-16,New Hampshire,Rockingham,WOAH Non-Poultry,0
2022-03-17,Delaware,Kent,Commercial Broiler Production,100000
2022-03-17,Iowa,Buena Vista,Commercial Table Egg Layer,5300000
2022-03-17,Kansas,Sedgwick,WOAH Non-Poultry,0
2022-03-17,Maine,Lincoln,WOAH Non-Poultry,0
2022-03-18,Kansas,Dickinson,WOAH Poultry,0
2022-03-18,Maryland,Cecil,Commercial Table Egg Pullets,300000
2022-03-18,South Dakota,Hanson,Commercial Turkey Meat Bird,0
2022-03-18,South Dakota,Kingsbury,Commercial Turkey Meat Bird,0
2022-03-19,Maine,Knox,WOAH Non-Poultry,0
2022-03-19,Maine,York,WOAH Non-Poultry,0
2022-03-20,Iowa,Warren,WOAH Non-Poultry,0
2022-03-20,South Dakota,Hutchinson,Commercial Turkey Meat Bird,100000
2022-03-22,Maine,Cumberland,WOAH Poultry,0
2022-03-22,Nebraska,Butler,Commercial Broiler Production,600000
2022-03-22,South Dakota,Beadle,Commercial Turkey Meat Bird,0
2022-03-22,South Dakota,Charles Mix,Commercial Turkey Meat Bird,100000
2022-03-22,South Dakota,Hanson,Commercial Turkey Meat Bird,100000
2022-03-23,New York,Suffolk,Commercial Upland Gamebird Producer,0
2022-03-23,South Dakota,Beadle,Commercial Turkey Meat Bird,0
2022-03-23,South Dakota,Edmunds,Commercial Turkey Breeder Hens,0
2022-03-23,South Dakota,Kingsbury,Commercial Table Egg Layer,100000
2022-03-24,Iowa,Buena Vista,Commercial Turkey Meat Bird,100000
2022-03-24,Michigan,Macomb,WOAH Non-Poultry,0
2022-03-24,Nebraska,Butler,Commercial Broiler Production,400000
2022-03-24,South Dakota,Jerauld,Commercial Turkey Meat Bird,0
2022-03-25,Iowa,Franklin,Commercial Table Egg Pullets,300000
2022-03-25,Kansas,Mitchell,WOAH Non-Poultry,0
2022-03-25,New York,Suffolk,WOAH Poultry,0
2022-03-25,South Dakota,Hutchinson,Commercial Turkey Meat Bird,0
2022-03-26,Maine,Washington,WOAH Non-Poultry,0
2022-03-26,Minnesota,Meeker,Commercial Turkey Meat Bird,300000
2022-03-26,Minnesota,Mower,WOAH Non-Poultry,0
2022-03-26,Minnesota,Stearns,Commercial Turkey Meat Bird,0
2022-03-26,Missouri,Gentry,WOAH Non-Poultry,0
2022-03-26,Nebraska,Holt,WOAH Non-Poultry,0
2022-03-26,South Dakota,Bon Homme,WOAH Non-Poultry,0
2022-03-27,South Dakota,Clark,Commercial Turkey Meat Bird,0
2022-03-27,South Dakota,Hutchinson,Commercial Turkey Meat Bird,0
2022-03-27,South Dakota,Mcpherson,Commercial Turkey Meat Bird,0
2022-03-28,Iowa,Guthrie,Commercial Table Egg Layer,1500000
2022-03-28,Iowa,Hamilton,Commercial Turkey Meat Bird,0
2022-03-29,Maine,Knox,WOAH Non-Poultry,0
2022-03-29,Massachusetts,Berkshire,WOAH Non-Poultry,0
2022-03-29,Minnesota,Kandiyohi,Commercial Turkey Meat Bird,0
2022-03-29,Minnesota,Lac Qui Parle,Commercial Turkey Meat Bird,0
2022-03-29,New York,Monroe,WOAH Poultry,0
2022-03-29,North Carolina,Johnston,Commercial Turkey Meat Bird,0
2022-03-29,North Dakota,Kidder,WOAH Poultry,0
2022-03-29,Ohio,Franklin,WOAH Non-Poultry,0
2022-03-29,South Dakota,Bon Homme,Commercial Turkey Meat Bird,0
2022-03-29,South Dakota,Edmunds,Commercial Turkey Breeder Hens,0
2022-03-29,South Dakota,Spink,Commercial Turkey Meat Bird,0
2022-03-29,Wyoming,Johnson,WOAH Non-Poultry,0
2022-03-30,Iowa,Buena Vista,Commercial Turkey Meat Bird,0
2022-03-30,Maine,Lincoln,WOAH Non-Poultry,0
2022-03-30,South Dakota,Brule,Commercial Turkey Meat Bird,100000
2022-03-30,Wyoming,Park,WOAH Non-Poultry,0
2022-03-31,Illinois,Carroll,WOAH Non-Poultry,0
2022-03-31,Iowa,Cherokee,Commercial Turkey Meat Bird,100000
2022-03-31,Iowa,Osceola,Commercial Table Egg Layer,5000000
2022-03-31,Minnesota,Morrison,Commercial Turkey Meat Bird,100000
2022-03-31,Minnesota,Stearns,WOAH Non-Poultry,0
2022-03-31,North Dakota,Dickey,WOAH Poultry,0
2022-03-31,South Dakota,Mcpherson,Commercial Turkey Breeder Hens,0
2022-04-01,Missouri,Jasper,Commercial Turkey Meat Bird,0
2022-04-01,North Dakota,Dickey,Commercial Turkey Meat Bird,100000
2022-04-01,South Dakota,Charles Mix,Commercial Turkey Meat Bird,100000
2022-04-01,South Dakota,Edmunds,Commercial Turkey Breeder Replacement Hens,0
2022-04-01,Wisconsin,Rock,WOAH Non-Poultry,0
2022-04-01,Wyoming,Fremont,WOAH Non-Poultry,0
2022-04-02,Iowa,Humboldt,Commercial Table Egg Breeder,0
2022-04-02,Iowa,Sac,Commercial Turkey Meat Bird,0
2022-04-02,Minnesota,Stearns,Commercial Turkey Meat Bird,0
2022-04-02,North Carolina,Johnston,Commercial Turkey Meat Bird,0
2022-04-02,North Carolina,Johnston,Commercial Turkey Meat Bird,0
2022-04-02,North Carolina,Wayne,Commercial Turkey Meat Bird,0
2022-04-02,North Dakota,Lamoure,Commercial Turkey Meat Bird,0
2022-04-02,South Dakota,Lake,Commercial Turkey Meat Bird,100000
2022-04-02,South Dakota,Spink,Commercial Turkey Meat Bird,0
2022-04-03,Minnesota,Dodge,Commercial Turkey Meat Bird,0
2022-04-03,Minnesota,Le Sueur,Commercial Turkey Meat Bird,0
2022-04-03,Texas,Erath,Commercial Upland Gamebird Producer,0
2022-04-04,Iowa,Hamilton,Commercial Turkey Poult Supplier,0
2022-04-04,Minnesota,Becker,Commercial Turkey Meat Bird,0
2022-04-04,Minnesota,Kandiyohi,Commercial Turkey Meat Bird,0
2022-04-04,Minnesota,Kandiyohi,Commercial Turkey Breeder Hens,0
2022-04-04,Minnesota,Kandiyohi,Commercial Turkey Breeder Hens,0
2022-04-04,Minnesota,Morrison,Commercial Turkey Meat Bird,0
2022-04-04,North Dakota,Lamoure,Commercial Turkey Meat Bird,100000
2022-04-04,South Dakota,Mcpherson,Commercial Turkey Meat Bird,100000
2022-04-05,Iowa,Hardin,Commercial Turkey Meat Bird,0
2022-04-05,Maine,Waldo,WOAH Non-Poultry,0
2022-04-05,Minnesota,Big Stone,Commercial Turkey Meat Bird,0
2022-04-05,Minnesota,Meeker,Commercial Turkey Meat Bird,100000
2022-04-05,Minnesota,Morrison,Commercial Turkey Meat Bird,0
2022-04-05,Minnesota,Morrison,Commercial Turkey Meat Bird,100000
2022-04-05,Minnesota,Stearns,Commercial Turkey Meat Bird,0
2022-04-05,Minnesota,Waseca,Commercial Turkey Meat Bird,0
2022-04-05,Missouri,Lawrence,Commercial Turkey Meat Bird,0
2022-04-05,Nebraska,Scotts Bluff,WOAH Non-Poultry,0
2022-04-05,New York,Orleans,WOAH Poultry,0
2022-04-05,North Carolina,Wayne,Commercial Turkey Meat Bird,0
2022-04-05,North Dakota,Cass,WOAH Non-Poultry,0
2022-04-05,South Dakota,Beadle,Commercial Turkey Meat Bird,100000
2022-04-05,South Dakota,Clark,Commercial Turkey Meat Bird,0
2022-04-05,South Dakota,Faulk,Commercial Turkey Meat Bird,0
2022-04-05,South Dakota,Spink,Commercial Turkey Meat Bird,0
2022-04-05,Wyoming,Sheridan,WOAH Non-Poultry,0
2022-04-06,Minnesota,Waseca,Commercial Turkey Meat Bird,0
2022-04-06,Missouri,Dade,Commercial Turkey Meat Bird,0
2022-04-06,New York,Fulton,WOAH Non-Poultry,0
2022-04-06,North Carolina,Wayne,Commercial Broiler Production,200000
2022-04-06,North Carolina,Wayne,Commercial Broiler Production,100000
2022-04-06,South Dakota,Mcpherson,Commercial Turkey Meat Bird,0
2022-04-06,Wyoming,Park,WOAH Non-Poultry,0
2022-04-07,Minnesota,Kandiyohi,Commercial Turkey Breeder Hens,0
2022-04-07,Montana,Cascade,WOAH Poultry,0
2022-04-07,Montana,Judith Basin,WOAH Non-Poultry,0
2022-04-07,North Carolina,Wayne,Commercial Turkey Meat Bird,0
2022-04-07,Wisconsin,Racine,WOAH Poultry,0
2022-04-08,Colorado,Pitkin,WOAH Poultry,0
2022-04-08,Indiana,Elkhart,Commercial Duck Breeder,0
2022-04-08,Minnesota,Otter Tail,Commercial Turkey Meat Bird,0
2022-04-08,Minnesota,Renville,Commercial Turkey Meat Bird,100000
2022-04-08,North Dakota,Stutsman,WOAH Poultry,0
2022-04-08,South Dakota,Clark,Commercial Turkey Meat Bird,0
2022-04-08,South Dakota,Edmunds,Commercial Turkey Meat Bird,0
2022-04-09,Minnesota,Le Sueur,Commercial Turkey Meat Bird,0
2022-04-09,Minnesota,Stearns,Commercial Turkey Meat Bird,0
2022-04-09,Minnesota,Swift,Commercial Turkey Meat Bird,100000
2022-04-09,South Dakota,Yankton,Commercial Turkey Meat Bird,100000
2022-04-11,Michigan,Menominee,WOAH Non-Poultry,0
2022-04-12,Minnesota,Benton,WOAH Non-Poultry,0
2022-04-12,Minnesota,Kandiyohi,Commercial Turkey Meat Bird,0
2022-04-12,Minnesota,Morrison,Commercial Turkey Meat Bird,0
2022-04-12,Minnesota,Morrison,Commercial Broiler Production,0
2022-04-12,Minnesota,Morrison,Commercial Table Egg Layer,200000
2022-04-12,Minnesota,Yellow Medicine,Commercial Turkey Meat Bird,0
2022-04-12,Montana,Toole,WOAH Non-Poultry,0
2022-04-12,Nebraska,Dixon,Commercial Table Egg Layer,1700000
2022-04-12,North Carolina,Wayne,Commercial Broiler Production,100000
2022-04-12,North Dakota,Sheridan,WOAH Non-Poultry,0
2022-04-12,Wisconsin,Barron,Commercial Turkey Meat Bird,0
2022-04-13,Kansas,Mcpherson,Commercial Turkey Breeder Hens,0
2022-04-13,Michigan,Menominee,WOAH Poultry,0
2022-04-13,Minnesota,Benton,WOAH Non-Poultry,0
2022-04-13,Minnesota,Blue Earth,Commercial Turkey Meat Bird,0
2022-04-13,Minnesota,Otter Tail,Commercial Turkey Meat Bird,0
2022-04-13,Minnesota,Waseca,Commercial Turkey Meat Bird,0
2022-04-13,North Dakota,Barnes,WOAH Poultry,0
2022-04-13,South Dakota,Deuel,Commercial Upland Gamebird Producer,0
2022-04-14,Idaho,Caribou,WOAH Non-Poultry,0
2022-04-14,Idaho,Gooding,WOAH Poultry,0
2022-04-14,Indiana,Elkhart,Commercial Duck Breeder,0
2022-04-14,Minnesota,Blue Earth,Commercial Turkey Meat Bird,0
2022-04-14,Minnesota,Meeker,Commercial Turkey Meat Bird,100000
2022-04-14,North Dakota,Lamoure,WOAH Non-Poultry,0
2022-04-14,Wisconsin,Columbia,WOAH Non-Poultry,0
2022-04-14,Wisconsin,Sheboygan,WOAH Non-Poultry,0
2022-04-15,Michigan,Livingston,WOAH Non-Poultry,0
2022-04-15,Michigan,Macomb,WOAH Non-Poultry,0
2022-04-15,Pennsylvania,Lancaster,Commercial Table Egg Layer,1400000
2022-04-15,Utah,Utah,WOAH Non-Poultry,0
2022-04-15,Wisconsin,Polk,Commercial Turkey Meat Bird,0
2022-04-16,Michigan,Menominee,WOAH Non-Poultry,0
2022-04-19,Colorado,La Plata,WOAH Poultry,0
2022-04-19,Colorado,Montrose,Commercial Broiler Breeder,100000
2022-04-19,Idaho,Gooding,WOAH Non-Poultry,0
2022-04-19,Minnesota,Kandiyohi,Commercial Turkey Meat Bird,0
2022-04-19,Minnesota,Kandiyohi,Commercial Turkey Meat Bird,0
2022-04-19,Minnesota,Meeker,Commercial Turkey Meat Bird,100000
2022-04-19,Minnesota,Morrison,Commercial Turkey Meat Bird,100000
2022-04-19,Minnesota,Morrison,Commercial Turkey Meat Bird,0
2022-04-19,Minnesota,Morrison,Commercial Turkey Meat Bird,0
2022-04-19,Minnesota,Otter Tail,Commercial Turkey Meat Bird,0
2022-04-19,Minnesota,Swift,Commercial Turkey Meat Bird,0
2022-04-19,North Dakota,Stutsman,WOAH Poultry,0
2022-04-20,Idaho,Madison,WOAH Poultry,0
2022-04-20,Indiana,Elkhart,Commercial Duck Meat Bird,0
2022-04-20,Minnesota,Stearns,Commercial Turkey Meat Bird,100000
2022-04-20,Minnesota,Stearns,Commercial Turkey Meat Bird,100000
2022-04-20,Minnesota,Todd,Commercial Turkey Meat Bird,0
2022-04-20,Minnesota,Todd,Commercial Turkey Meat Bird,0
2022-04-20,Montana,Glacier,WOAH Poultry,100000
2022-04-20,Pennsylvania,Lancaster,Commercial Table Egg Layer,1100000
2022-04-20,Pennsylvania,Lancaster,Commercial Table Egg Layer,900000
2022-04-21,Iowa,Bremer,Commercial Turkey Meat Bird,0
2022-04-21,Minnesota,Morrison,Commercial Turkey Meat Bird,0
2022-04-21,Minnesota,Todd,Commercial Turkey Meat Bird,0
2022-04-21,Minnesota,Todd,Commercial Turkey Meat Bird,0
2022-04-21,North Dakota,Renville,WOAH Non-Poultry,0
2022-04-21,North Dakota,Richland,Commercial Turkey Meat Bird,0
2022-04-22,Minnesota,Otter Tail,Commercial Turkey Meat Bird,0
2022-04-22,Minnesota,Swift,Commercial Turkey Meat Bird,100000
2022-04-22,Minnesota,Yellow Medicine,Commercial Turkey Meat Bird,0
2022-04-22,Pennsylvania,Lancaster,Commercial Broiler Production,100000
2022-04-23,Wisconsin,Polk,WOAH Non-Poultry,0
2022-04-25,Michigan,Menominee,WOAH Non-Poultry,0
2022-04-25,Minnesota,Rice,WOAH Non-Poultry,0
2022-04-25,Minnesota,Stearns,Commercial Turkey Meat Bird,0
2022-04-25,Utah,Cache,Commercial Table Egg Layer,1500000
2022-04-26,Iowa,Kossuth,WOAH Non-Poultry,0
2022-04-26,Montana,Missoula,WOAH Non-Poultry,0
2022-04-26,North Dakota,Richland,WOAH Poultry,0
2022-04-26,Pennsylvania,Lancaster,Commercial Table Egg Layer,300000
2022-04-27,Kansas,Republic,WOAH Poultry,0
2022-04-27,Michigan,Saginaw,WOAH Non-Poultry,0
2022-04-27,Nebraska,Knox,Commercial Table Egg Layer,2100000
2022-04-27,Pennsylvania,Lancaster,Commercial Broiler Breeder Pullets,0
2022-04-28,Indiana,Johnson,WOAH Non-Poultry,0
2022-04-28,Michigan,Wexford,WOAH Poultry,0
2022-04-28,Minnesota,Carver,WOAH Non-Poultry,0
2022-04-28,Minnesota,Swift,WOAH Non-Poultry,0
2022-04-28,Vermont,Caledonia,WOAH Non-Poultry,0
2022-04-28,Wisconsin,Barron,Commercial Turkey Meat Bird,100000
2022-04-29,Alaska,Matanuska Susitna,WOAH Non-Poultry,0
2022-04-29,Colorado,Weld,Commercial Table Egg Layer,1400000
2022-04-29,Minnesota,Stearns,Commercial Turkey Breeder Hens,0
2022-04-29,Montana,Fergus,WOAH Non-Poultry,0
2022-04-29,Montana,Gallatin,WOAH Non-Poultry,0
2022-04-29,Montana,Pondera,WOAH Non-Poultry,0
2022-04-29,Nebraska,Washington,WOAH Non-Poultry,0
2022-04-29,Pennsylvania,Lancaster,Commercial Duck Meat Bird,0
2022-04-29,Wisconsin,Barron,WOAH Non-Poultry,0
2022-04-29,Wisconsin,Oconto,WOAH Non-Poultry,0
2022-04-30,Michigan,Branch,WOAH Non-Poultry,0
2022-04-30,Minnesota,Chisago,WOAH Non-Poultry,0
2022-04-30,Minnesota,Chisago,WOAH Non-Poultry,0
2022-04-30,Minnesota,Morrison,WOAH Non-Poultry,0
2022-04-30,Oklahoma,Sequoyah,Commercial Broiler Breeder,0
2022-05-03,Illinois,Kane,WOAH Non-Poultry,0
2022-05-03,Minnesota,Chisago,WOAH Non-Poultry,0
2022-05-03,Minnesota,Lyon,Commercial Turkey Meat Bird,100000
2022-05-03,Pennsylvania,Berks,Commercial Duck Breeder,0
2022-05-03,Pennsylvania,Berks,Commercial Duck Meat Bird,100000
2022-05-03,South Dakota,Beadle,Commercial Turkey Meat Bird,100000
2022-05-03,Wisconsin,Barron,Commercial Turkey Meat Bird,0
2022-05-03,Wisconsin,Barron,Commercial Turkey Meat Bird,0
2022-05-03,Wisconsin,Fond Du Lac,WOAH Non-Poultry,0
2022-05-03,Wisconsin,Polk,WOAH Non-Poultry,0
2022-05-03,Wisconsin,Sauk,WOAH Non-Poultry,0
2022-05-04,Iowa,Bremer,WOAH Non-Poultry,0
2022-05-04,Minnesota,Carver,WOAH Non-Poultry,0
2022-05-04,South Dakota,Day,WOAH Poultry,0
2022-05-04,South Dakota,Hamlin,WOAH Non-Poultry,0
2022-05-05,Oregon,Linn,WOAH Non-Poultry,0
2022-05-05,Washington,Pacific,WOAH Poultry,0
2022-05-05,Wisconsin,Pierce,WOAH Non-Poultry,0
2022-05-06,Michigan,Oakland,WOAH Non-Poultry,0
2022-05-06,Minnesota,Anoka,WOAH Non-Poultry,0
2022-05-06,Montana,Fergus,WOAH Non-Poultry,0
2022-05-07,Washington,Spokane,WOAH Non-Poultry,0
2022-05-07,Wisconsin,Barron,Commercial Turkey Meat Bird,0
2022-05-09,Idaho,Canyon,WOAH Poultry,0
2022-05-10,Idaho,Ada,WOAH Poultry,0
2022-05-10,Michigan,Muskegon,Commercial Turkey Meat Bird,0
2022-05-10,Minnesota,Crow Wing,WOAH Poultry,0
2022-05-10,Minnesota,Todd,WOAH Non-Poultry,0
2022-05-10,Pennsylvania,Berks,Commercial Duck Breeder,0
2022-05-10,Pennsylvania,Berks,Commercial Duck Meat Bird,0
2022-05-10,Pennsylvania,Lancaster,Commercial Table Egg Layer,100000
2022-05-10,Washington,Pierce,WOAH Non-Poultry,0
2022-05-11,Idaho,Ada,WOAH Non-Poultry,0
2022-05-11,Minnesota,Chisago,WOAH Poultry,0
2022-05-11,Utah,Cache,WOAH Non-Poultry,0
2022-05-11,Washington,Clallam,WOAH Non-Poultry,0
2022-05-11,Washington,Clallam,WOAH Non-Poultry,0
2022-05-11,Washington,Pierce,WOAH Non-Poultry,0
2022-05-12,Idaho,Ada,WOAH Non-Poultry,0
2022-05-12,Minnesota,Chisago,WOAH Non-Poultry,0
2022-05-12,Minnesota,Grant,WOAH Non-Poultry,0
2022-05-12,Washington,Okanogan,WOAH Non-Poultry,0
2022-05-12,Washington,Whatcom,WOAH Non-Poultry,0
2022-05-13,Idaho,Ada,WOAH Non-Poultry,0
2022-05-13,Idaho,Canyon,WOAH Non-Poultry,0
2022-05-13,Wisconsin,Barron,Commercial Turkey Meat Bird,0
2022-05-13,Wisconsin,Marinette,WOAH Non-Poultry,0
2022-05-13,Wyoming,Lincoln,WOAH Non-Poultry,0
2022-05-13,Wyoming,Sheridan,WOAH Non-Poultry,0
2022-05-14,Pennsylvania,Berks,Commercial Table Egg Breeder,100000
2022-05-16,Wisconsin,Dunn,WOAH Non-Poultry,0
2022-05-17,Idaho,Ada,WOAH Non-Poultry,0
2022-05-17,Idaho,Ada,WOAH Poultry,0
2022-05-17,Idaho,Canyon,WOAH Poultry,0
2022-05-17,Idaho,Canyon,WOAH Non-Poultry,0
2022-05-17,Idaho,Canyon,WOAH Poultry,0
2022-05-17,Illinois,Boone,WOAH Non-Poultry,0
2022-05-17,New Jersey,Monmouth,WOAH Poultry,0
2022-05-17,North Dakota,Burke,WOAH Non-Poultry,0
2022-05-17,Oregon,Lane,WOAH Poultry,0
2022-05-17,Pennsylvania,Berks,Commercial Table Egg Layer,100000
2022-05-17,Utah,Salt Lake,WOAH Non-Poultry,0
2022-05-17,Washington,Thurston,WOAH Non-Poultry,0
2022-05-18,Idaho,Ada,WOAH Non-Poultry,0
2022-05-18,Idaho,Canyon,WOAH Poultry,0
2022-05-18,Idaho,Canyon,WOAH Poultry,0
2022-05-18,Idaho,Canyon,WOAH Non-Poultry,0
2022-05-18,Minnesota,Clay,WOAH Non-Poultry,0
2022-05-18,Minnesota,Kandiyohi,Commercial Turkey Breeder Toms,0
2022-05-18,Pennsylvania,Berks,Commercial Duck Breeder,0
2022-05-19,Colorado,Jefferson,WOAH Non-Poultry,0
2022-05-19,Idaho,Ada,WOAH Poultry,0
2022-05-19,Idaho,Ada,WOAH Non-Poultry,0
2022-05-19,Idaho,Canyon,WOAH Non-Poultry,0
2022-05-19,Idaho,Canyon,WOAH Non-Poultry,0
2022-05-19,Indiana,Allen,WOAH Non-Poultry,0
2022-05-20,Idaho,Ada,WOAH Non-Poultry,0
2022-05-20,Minnesota,Polk,WOAH Non-Poultry,0
2022-05-20,South Dakota,Codington,WOAH Poultry,0
2022-05-20,Wyoming,Campbell,WOAH Non-Poultry,0
2022-05-21,Minnesota,Dakota,Commercial Turkey Meat Bird,100000
2022-05-23,Pennsylvania,Berks,Commercial Duck Breeder,0
2022-05-23,Wisconsin,Bayfield,WOAH Non-Poultry,0
2022-05-24,Idaho,Ada,WOAH Non-Poultry,0
2022-05-24,Washington,King,WOAH Non-Poultry,0
2022-05-24,Washington,King,WOAH Non-Poultry,0
2022-05-25,Washington,King,WOAH Non-Poultry,0
2022-05-27,Washington,Snohomish,WOAH Non-Poultry,0
2022-05-31,Minnesota,Becker,WOAH Non-Poultry,0
2022-06-01,Georgia,Toombs,WOAH Non-Poultry,0
2022-06-02,Pennsylvania,Berks,Commercial Duck Meat Bird,0
2022-06-02,Washington,Snohomish,WOAH Non-Poultry,0
2022-06-06,North Dakota,Mchenry,WOAH Poultry,0
2022-06-07,Colorado,Weld,Commercial Table Egg Layer,1900000
2022-06-07,Indiana,Allen,WOAH Poultry,0
2022-06-07,Washington,King,WOAH Poultry,0
2022-06-08,Oregon,Polk,WOAH Non-Poultry,0
2022-06-09,Colorado,Weld,Commercial Table Egg Pullets,200000
2022-06-09,Indiana,Allen,WOAH Non-Poultry,0
2022-06-09,Washington,Snohomish,WOAH Non-Poultry,0
2022-06-09,Washington,Snohomish,WOAH Non-Poultry,0
2022-06-09,Washington,Yakima,WOAH Non-Poultry,0
2022-06-13,Utah,Salt Lake,WOAH Non-Poultry,0
2022-06-14,Washington,Yakima,WOAH Non-Poultry,0
2022-06-22,Washington,King,WOAH Non-Poultry,0
2022-06-22,Washington,King,WOAH Non-Poultry,0
2022-06-22,Washington,Snohomish,WOAH Non-Poultry,0
2022-06-22,Washington,Yakima,WOAH Non-Poultry,0
2022-06-24,Washington,Pierce,WOAH Non-Poultry,0
2022-06-29,Maine,Cumberland,WOAH Non-Poultry,0
2022-06-29,Washington,Yakima,WOAH Non-Poultry,0
2022-07-01,Utah,Salt Lake,WOAH Non-Poultry,0
2022-07-01,Washington,King,WOAH Poultry,0
2022-07-01,Washington,Kitsap,WOAH Non-Poultry,0
2022-07-06,Oregon,Linn,WOAH Non-Poultry,0
2022-07-06,Washington,Jefferson,WOAH Non-Poultry,0
2022-07-07,Nevada,Carson City,WOAH Non-Poultry,0
2022-07-12,Oregon,Deschutes,WOAH Poultry,0
2022-07-14,Utah,Sanpete,Commercial Turkey Meat Bird,0
2022-07-15,Oregon,Deschutes,WOAH Poultry,0
2022-07-19,Oregon,Deschutes,WOAH Poultry,0
2022-07-19,Utah,Sanpete,Commercial Turkey Meat Bird,0
2022-07-19,Washington,Snohomish,WOAH Poultry,0
2022-07-21,Florida,Seminole,WOAH Non-Poultry,0
2022-07-21,Oregon,Deschutes,WOAH Poultry,0
2022-07-22,Oregon,Deschutes,WOAH Non-Poultry,0
2022-07-22,Oregon,Deschutes,WOAH Non-Poultry,0
2022-07-26,Montana,Flathead,WOAH Non-Poultry,0
2022-07-26,Utah,Sanpete,Commercial Turkey Meat Bird,0
2022-07-26,Washington,Jefferson,WOAH Non-Poultry,0
2022-07-28,Oregon,Coos,WOAH Non-Poultry,0
2022-08-02,Alaska,Bethel,WOAH Non-Poultry,0
2022-08-10,California,Sacramento,WOAH Non-Poultry,0
2022-08-11,Pennsylvania,Northampton,WOAH Poultry,0
2022-08-16,California,Butte,WOAH Non-Poultry,0
2022-08-16,Florida,Osceola,WOAH Non-Poultry,0
2022-08-18,Washington,Walla Walla,WOAH Non-Poultry,0
2022-08-19,Washington,Kitsap,WOAH Non-Poultry,0
2022-08-22,California,Fresno,Commercial Broiler Breeder,0
2022-08-22,Georgia,Henry,WOAH Non-Poultry,0
2022-08-23,California,Contra Costa,WOAH Non-Poultry,0
2022-08-24,Utah,Weber,WOAH Non-Poultry,0
2022-08-25,Washington,Pierce,WOAH Non-Poultry,0
2022-08-26,California,Fresno,Commercial Broiler Breeder,0
2022-08-26,California,Tuolumne,Commercial Turkey Meat Bird,200000
2022-08-26,Washington,Cowlitz,WOAH Non-Poultry,0
2022-08-29,Virginia,Caroline,WOAH Non-Poultry,0
2022-08-30,California,Sacramento,Commercial Turkey Meat Bird,100000
2022-08-30,California,Tuolumne,Commercial Turkey Meat Bird,0
2022-08-30,California,Tuolumne,Commercial Turkey Meat Bird,100000
2022-08-30,Minnesota,Meeker,Commercial Turkey Meat Bird,100000
2022-08-30,Minnesota,Meeker,Commercial Turkey Meat Bird,100000
2022-09-01,California,Fresno,Commercial Broiler Breeder,0
2022-09-01,California,Sacramento,WOAH Non-Poultry,0
2022-09-01,California,Tuolumne,Commercial Turkey Meat Bird,0
2022-09-01,Indiana,Elkhart,WOAH Poultry,0
2022-09-01,Minnesota,Hennepin,WOAH Non-Poultry,0
2022-09-01,North Dakota,Cass,WOAH Non-Poultry,0
2022-09-02,Wisconsin,Washington,WOAH Poultry,0
2022-09-03,Ohio,Ashland,WOAH Non-Poultry,0
2022-09-03,Ohio,Defiance,Commercial Table Egg Layer,3700000
2022-09-07,Minnesota,Morrison,Commercial Turkey Meat Bird,100000
2022-09-08,Minnesota,Meeker,Commercial Turkey Meat Bird,0
2022-09-09,California,El Dorado,WOAH Non-Poultry,0
2022-09-09,California,Fresno,Commercial Broiler Breeder,0
2022-09-09,Minnesota,Becker,Commercial Turkey Breeder Hens,0
2022-09-12,Idaho,Twin Falls,WOAH Non-Poultry,0
2022-09-13,Michigan,Ingham,WOAH Poultry,0
2022-09-13,Minnesota,Brown,Commercial Turkey Meat Bird,0
2022-09-13,Minnesota,Freeborn,WOAH Non-Poultry,0
2022-09-13,Minnesota,Stearns,Commercial Turkey Meat Bird,100000
2022-09-13,Utah,Sanpete,Commercial Turkey Meat Bird,0
2022-09-14,Minnesota,Isanti,WOAH Non-Poultry,0
2022-09-14,Minnesota,Meeker,Commercial Turkey Meat Bird,100000
2022-09-14,Minnesota,Otter Tail,Commercial Turkey Breeder Hens,0
2022-09-14,Ohio,Allen,WOAH Non-Poultry,0
2022-09-14,Ohio,Williams,WOAH Non-Poultry,0
2022-09-15,California,Fresno,Commercial Broiler Breeder,0
2022-09-15,Massachusetts,Bristol,WOAH Non-Poultry,0
2022-09-15,Montana,Teton,WOAH Poultry,0
2022-09-15,Ohio,Summit,WOAH Non-Poultry,0
2022-09-15,Tennessee,Obion,WOAH Poultry,0
2022-09-16,Washington,Pierce,WOAH Non-Poultry,0
2022-09-19,Michigan,Macomb,WOAH Non-Poultry,0
2022-09-19,Nebraska,Dawes,WOAH Non-Poultry,0
2022-09-20,California,Fresno,WOAH Non-Poultry,0
2022-09-20,Minnesota,Brown,Commercial Turkey Meat Bird,0
2022-09-20,Minnesota,Stearns,Commercial Turkey Meat Bird,100000
2022-09-20,Pennsylvania,Washington,WOAH Poultry,0
2022-09-20,South Dakota,Clark,Commercial Turkey Meat Bird,0
2022-09-20,South Dakota,Clark,Commercial Turkey Meat Bird,0
2022-09-20,Utah,Sanpete,Commercial Turkey Meat Bird,100000
2022-09-21,Colorado,Weld,Commercial Table Egg Layer,1200000
2022-09-21,Idaho,Gooding,WOAH Poultry,0
2022-09-21,Minnesota,Otter Tail,Commercial Turkey Meat Bird,0
2022-09-21,Minnesota,Roseau,Commercial Turkey Meat Bird,100000
2022-09-21,Utah,Sanpete,Commercial Turkey Meat Bird,0
2022-09-22,Maryland,Anne Arundel,WOAH Non-Poultry,0
2022-09-22,Minnesota,Todd,WOAH Non-Poultry,0
2022-09-22,North Dakota,Ward,WOAH Poultry,0
2022-09-22,South Dakota,Kingsbury,WOAH Non-Poultry,0
2022-09-23,New Hampshire,Merrimack,WOAH Poultry,0
2022-09-24,Delaware,Kent,WOAH Non-Poultry,0
2022-09-24,Delaware,Kent,WOAH Non-Poultry,0
2022-09-24,South Dakota,Mcpherson,Commercial Turkey Meat Bird,100000
2022-09-24,Texas,Dallas,WOAH Non-Poultry,0
2022-09-27,Minnesota,Goodhue,WOAH Non-Poultry,0
2022-09-27,North Dakota,Ransom,Commercial Turkey Meat Bird,100000
2022-09-27,Utah,Sanpete,Commercial Turkey Meat Bird,100000
2022-09-27,Utah,Sanpete,Commercial Turkey Meat Bird,0
2022-09-28,Oregon,Tillamook,WOAH Non-Poultry,0
2022-09-28,Oregon,Tillamook,WOAH Non-Poultry,0
2022-09-28,Utah,Sanpete,Commercial Turkey Meat Bird,0
2022-09-28,Wisconsin,Racine,Commercial Duck Meat Bird,0
2022-09-29,Colorado,Mesa,WOAH Non-Poultry,0
2022-09-29,Pennsylvania,Lancaster,WOAH Non-Poultry,0
2022-09-29,Pennsylvania,York,Commercial Turkey Meat Bird,0
2022-09-29,Utah,Sanpete,Commercial Turkey Meat Bird,0
2022-09-29,Utah,Sanpete,Commercial Turkey Meat Bird,0
2022-09-29,Wisconsin,Dunn,Commercial Turkey Meat Bird,100000
2022-09-30,North Dakota,Nelson,WOAH Non-Poultry,0
2022-09-30,Oregon,Douglas,WOAH Non-Poultry,0
2022-10-03,California,Calaveras,WOAH Non-Poultry,0
2022-10-03,California,Stanislaus,Commercial Turkey Meat Bird,100000
2022-10-03,Michigan,Tuscola,WOAH Poultry,0
2022-10-03,Ohio,Portage,WOAH Non-Poultry,0
2022-10-03,Utah,Cache,WOAH Non-Poultry,0
2022-10-04,California,Del Norte,WOAH Poultry,0
2022-10-04,California,Monterey,Commercial Duck Breeder,0
2022-10-04,Nebraska,Box Butte,WOAH Non-Poultry,0
2022-10-04,Nebraska,York,Commercial Upland Gamebird Producer,100000
2022-10-04,New Mexico,Bernalillo,WOAH Non-Poultry,0
2022-10-04,Pennsylvania,Westmoreland,WOAH Non-Poultry,0
2022-10-05,Alaska,Matanuska Susitna,WOAH Non-Poultry,0
2022-10-05,Alaska,Matanuska Susitna,WOAH Poultry,0
2022-10-05,Connecticut,New Haven,WOAH Non-Poultry,0
2022-10-05,Montana,Glacier,WOAH Non-Poultry,0
2022-10-05,Pennsylvania,Berks,WOAH Non-Poultry,0
2022-10-05,Pennsylvania,Monroe,WOAH Non-Poultry,0
2022-10-06,Kentucky,Fayette,WOAH Poultry,0
2022-10-06,South Dakota,Brule,Commercial Upland Gamebird Producer,0
2022-10-06,Virginia,Hampton City,WOAH Non-Poultry,0
2022-10-07,Arkansas,Madison,Commercial Broiler Breeder Pullets,100000
2022-10-07,Colorado,Boulder,WOAH Poultry,0
2022-10-07,Kansas,Johnson,WOAH Poultry,0
2022-10-07,Kansas,Neosho,WOAH Poultry,0
2022-10-07,Michigan,Lapeer,WOAH Poultry,0
2022-10-07,Minnesota,Pope,WOAH Non-Poultry,0
2022-10-07,Utah,Sanpete,Commercial Turkey Meat Bird,0
2022-10-07,Utah,Sanpete,Commercial Turkey Meat Bird,0
2022-10-11,Florida,Broward,WOAH Non-Poultry,0
2022-10-11,Florida,Martin,WOAH Non-Poultry,0
2022-10-11,Kentucky,Logan,WOAH Non-Poultry,0
2022-10-11,Michigan,Lapeer,WOAH Poultry,0
2022-10-11,Pennsylvania,Adams,WOAH Poultry,0
2022-10-11,South Dakota,Gregory,Commercial Upland Gamebird Producer,0
2022-10-12,Colorado,Weld,WOAH Non-Poultry,0
2022-10-12,Michigan,Genesee,WOAH Non-Poultry,0
2022-10-12,South Dakota,Beadle,Commercial Turkey Meat Bird,100000
2022-10-12,South Dakota,Hamlin,WOAH Non-Poultry,0
2022-10-12,Utah,Sanpete,Commercial Turkey Meat Bird,100000
2022-10-12,Wyoming,Fremont,WOAH Non-Poultry,0
2022-10-13,California,Stanislaus,Commercial Turkey Meat Bird,100000
2022-10-13,New Jersey,Warren,WOAH Non-Poultry,0
2022-10-13,Utah,Sanpete,Commercial Turkey Meat Bird,100000
2022-10-13,Wisconsin,Saint Croix,WOAH Non-Poultry,0
2022-10-14,Alaska,Matanuska Susitna,WOAH Poultry,0
2022-10-14,Arkansas,Pope,WOAH Non-Poultry,0
2022-10-14,Colorado,La Plata,WOAH Non-Poultry,0
2022-10-14,Colorado,Larimer,WOAH Non-Poultry,0
2022-10-14,Florida,Broward,WOAH Poultry,0
2022-10-14,Oklahoma,Tulsa,WOAH Non-Poultry,0
2022-10-17,Nevada,Nye,WOAH Poultry,0
2022-10-17,Pennsylvania,Adams,Commercial Turkey Meat Bird,0
2022-10-18,Florida,Indian River,WOAH Non-Poultry,0
2022-10-18,Florida,Osceola,WOAH Non-Poultry,0
2022-10-18,Florida,St. Lucie,WOAH Non-Poultry,0
2022-10-18,Missouri,Jackson,WOAH Non-Poultry,0
2022-10-18,Nebraska,York,Commercial Upland Gamebird Producer,0
2022-10-18,North Dakota,Traill,WOAH Non-Poultry,0
2022-10-18,Utah,Sanpete,Commercial Turkey Meat Bird,100000
2022-10-19,Kansas,Shawnee,WOAH Poultry,0
2022-10-19,South Dakota,Roberts,Commercial Breeder Operation,0
2022-10-19,Texas,Rockwall,WOAH Non-Poultry,0
2022-10-19,Utah,Sanpete,Commercial Turkey Meat Bird,0
2022-10-20,Colorado,Jefferson,WOAH Poultry,0
2022-10-20,Florida,Indian River,WOAH Non-Poultry,0
2022-10-20,Florida,Okeechobee,WOAH Non-Poultry,0
2022-10-20,Idaho,Valley,WOAH Non-Poultry,0
2022-10-20,Iowa,Dallas,WOAH Non-Poultry,0
2022-10-20,Montana,Hill,WOAH Non-Poultry,0
2022-10-20,Oklahoma,Creek,WOAH Non-Poultry,0
2022-10-20,Rhode Island,Newport,WOAH Non-Poultry,0
2022-10-20,South Dakota,Spink,WOAH Non-Poultry,0
2022-10-20,Virginia,Virginia Beach City,WOAH Non-Poultry,0
2022-10-21,Minnesota,Itasca,WOAH Non-Poultry,0
2022-10-21,North Carolina,Wake,WOAH Non-Poultry,0
2022-10-21,Oklahoma,Cleveland,WOAH Non-Poultry,0
2022-10-22,New Jersey,Ocean,WOAH Non-Poultry,0
2022-10-22,Virginia,Southampton,WOAH Non-Poultry,0
2022-10-25,Florida,Indian River,WOAH Non-Poultry,0
2022-10-25,Florida,Indian River,WOAH Poultry,0
2022-10-25,Florida,Lake,WOAH Non-Poultry,0
2022-10-25,Florida,Martin,WOAH Non-Poultry,0
2022-10-25,Minnesota,Swift,Commercial Turkey Meat Bird,0
2022-10-25,South Dakota,Grant,WOAH Non-Poultry,0
2022-10-25,Utah,Sanpete,Commercial Turkey Meat Bird,0
2022-10-26,Colorado,La Plata,WOAH Non-Poultry,0
2022-10-26,Florida,Pasco,WOAH Non-Poultry,0
2022-10-27,Minnesota,Le Sueur,Commercial Turkey Meat Bird,0
2022-10-27,Minnesota,Stearns,Commercial Turkey Meat Bird,100000
2022-10-28,Florida,Hillsborough,WOAH Non-Poultry,0
2022-10-31,Iowa,Wright,Commercial Table Egg Layer,1100000
2022-10-31,Minnesota,Swift,Commercial Turkey Meat Bird,0
2022-10-31,Tennessee,Tipton,WOAH Non-Poultry,0
2022-11-01,Minnesota,Stearns,Commercial Turkey Meat Bird,0
2022-11-01,Montana,Granite,WOAH Poultry,0
2022-11-01,New York,Wayne,WOAH Non-Poultry,0
2022-11-01,Oregon,Deschutes,WOAH Non-Poultry,0
2022-11-01,South Dakota,Gregory,Commercial Upland Gamebird Producer,0
2022-11-02,Arizona,Yavapai,WOAH Non-Poultry,0
2022-11-02,New Jersey,Bergen,WOAH Non-Poultry,0
2022-11-02,Pennsylvania,Allegheny,WOAH Non-Poultry,0
2022-11-02,Wisconsin,Waukesha,WOAH Non-Poultry,0
2022-11-03,Arizona,Yavapai,WOAH Non-Poultry,0
2022-11-03,California,San Diego,WOAH Poultry,0
2022-11-03,Florida,Broward,WOAH Non-Poultry,0
2022-11-03,Massachusetts,Middlesex,WOAH Non-Poultry,0
2022-11-03,North Dakota,Bottineau,WOAH Poultry,0
2022-11-03,Oregon,Yamhill,WOAH Poultry,0
2022-11-03,Pennsylvania,Lehigh,Commercial Turkey Meat Bird,0
2022-11-03,South Carolina,Beaufort,WOAH Non-Poultry,0
2022-11-03,Wisconsin,Marathon,WOAH Non-Poultry,0
2022-11-04,Mississippi,Lawrence,Commercial Broiler Breeder,0
2022-11-04,New York,Sullivan,WOAH Non-Poultry,0
2022-11-04,Pennsylvania,Dauphin,WOAH Non-Poultry,0
2022-11-04,Pennsylvania,Lehigh,Commercial Turkey Meat Bird,0
2022-11-06,Iowa,Wright,Commercial Table Egg Layer,1000000
2022-11-07,Ohio,Butler,WOAH Poultry,0
2022-11-07,Virginia,Gloucester,WOAH Non-Poultry,0
2022-11-07,Wisconsin,Jefferson,Commercial Upland Gamebird Producer,200000
2022-11-07,Wyoming,Converse,WOAH Non-Poultry,0
2022-11-08,Iowa,Louisa,WOAH Non-Poultry,0
2022-11-08,Pennsylvania,Lehigh,Commercial Turkey Breeder Hens,0
2022-11-08,Pennsylvania,Lehigh,Commercial Turkey Meat Bird,0
2022-11-08,Washington,Snohomish,WOAH Non-Poultry,0
2022-11-10,Michigan,Lapeer,WOAH Poultry,0
2022-11-10,North Dakota,Mountrail,WOAH Non-Poultry,0
2022-11-10,North Dakota,Ward,WOAH Poultry,0
2022-11-10,Pennsylvania,Lehigh,Commercial Turkey Meat Bird,0
2022-11-10,Pennsylvania,Lehigh,Commercial Turkey Breeder Toms,0
2022-11-12,New York,Queens,Live Bird Market,0
2022-11-14,Mississippi,Lowndes,WOAH Non-Poultry,0
2022-11-15,Florida,Duval,WOAH Non-Poultry,0
2022-11-15,Minnesota,Otter Tail,Commercial Turkey Meat Bird,0
2022-11-15,Tennessee,Bledsoe,Commercial Broiler Breeder,0
2022-11-16,California,Fresno,Commercial Duck Breeder,0
2022-11-16,Florida,Hillsborough,WOAH Non-Poultry,0
2022-11-16,Florida,Seminole,WOAH Poultry,0
2022-11-17,Florida,Broward,WOAH Non-Poultry,0
2022-11-17,Pennsylvania,Berks,WOAH Non-Poultry,0
2022-11-18,North Carolina,Union,WOAH Non-Poultry,0
2022-11-18,Utah,Utah,WOAH Non-Poultry,0
2022-11-21,Maine,Washington,WOAH Non-Poultry,0
2022-11-21,South Dakota,Edmunds,Commercial Turkey Meat Bird,0
2022-11-22,Missouri,Webster,WOAH Poultry,0
2022-11-22,South Dakota,Beadle,Commercial Turkey Meat Bird,0
2022-11-23,Florida,Broward,WOAH Non-Poultry,0
2022-11-23,Minnesota,Todd,Commercial Turkey Meat Bird,0
2022-11-23,Oregon,Columbia,WOAH Non-Poultry,0
2022-11-23,South Dakota,Brule,WOAH Non-Poultry,0
2022-11-23,South Dakota,Faulk,Commercial Turkey Meat Bird,0
2022-11-23,Tennessee,Davidson,WOAH Non-Poultry,0
2022-11-25,Alaska,Matanuska Susitna,WOAH Non-Poultry,0
2022-11-25,Nebraska,Dixon,Commercial Table Egg Layer,1700000
2022-11-25,North Carolina,Durham,WOAH Non-Poultry,0
2022-11-25,South Dakota,Beadle,Commercial Turkey Meat Bird,100000
2022-11-25,South Dakota,Beadle,Commercial Turkey Meat Bird,100000
2022-11-25,South Dakota,Spink,Commercial Turkey Meat Bird,100000
2022-11-25,South Dakota,Turner,WOAH Non-Poultry,0
2022-11-28,Missouri,Webster,Commercial Turkey Meat Bird,0
2022-11-28,Utah,Iron,WOAH Poultry,0
2022-11-29,Maryland,Washington,Commercial Table Egg Breeder,0
2022-11-29,South Dakota,Hanson,Commercial Turkey Meat Bird,100000
2022-11-29,South Dakota,Spink,Commercial Turkey Meat Bird,0
2022-11-30,Illinois,Grundy,WOAH Poultry,0
2022-11-30,South Dakota,Charles Mix,Commercial Turkey Meat Bird,100000
2022-11-30,South Dakota,Hamlin,Commercial Turkey Meat Bird,100000
2022-12-01,Arkansas,Arkansas,WOAH Non-Poultry,0
2022-12-01,Missouri,Jackson,WOAH Non-Poultry,0
2022-12-01,South Dakota,Brookings,WOAH Non-Poultry,0
2022-12-01,South Dakota,Lake,Commercial Turkey Meat Bird,100000
2022-12-02,Nebraska,Knox,WOAH Non-Poultry,0
2022-12-02,North Carolina,Union,WOAH Non-Poultry,0
2022-12-02,South Dakota,Clark,WOAH Non-Poultry,0
2022-12-05,Alabama,Lawrence,WOAH Non-Poultry,0
2022-12-05,Iowa,Buena Vista,Commercial Turkey Meat Bird,0
2022-12-05,South Dakota,Charles Mix,Commercial Turkey Meat Bird,0
2022-12-05,South Dakota,Clark,Commercial Turkey Meat Bird,0
2022-12-06,Colorado,Larimer,WOAH Non-Poultry,0
2022-12-06,Missouri,Harrison,WOAH Non-Poultry,0
2022-12-06,Oklahoma,Pawnee,WOAH Non-Poultry,0
2022-12-06,Texas,Denton,WOAH Non-Poultry,0
2022-12-06,Vermont,Lamoille,WOAH Non-Poultry,0
2022-12-07,Iowa,Cherokee,Commercial Turkey Meat Bird,100000
2022-12-07,Iowa,Sac,Commercial Turkey Meat Bird,0
2022-12-07,South Dakota,Kingsbury,WOAH Non-Poultry,0
2022-12-08,Minnesota,Dodge,Commercial Turkey Meat Bird,0
2022-12-08,Missouri,Dade,WOAH Non-Poultry,0
2022-12-08,South Dakota,Hamlin,Commercial Turkey Meat Bird,100000
2022-12-09,Colorado,Prowers,Commercial Upland Gamebird Producer,0
2022-12-09,Missouri,Osage,Commercial Turkey Meat Bird,0
2022-12-09,North Carolina,Onslow,WOAH Non-Poultry,0
2022-12-09,Oregon,Clackamas,WOAH Non-Poultry,0
2022-12-09,Oregon,Polk,WOAH Non-Poultry,0
2022-12-12,Iowa,Buena Vista,Commercial Turkey Meat Bird,100000
2022-12-12,Iowa,Cherokee,Commercial Turkey Meat Bird,100000
2022-12-12,Iowa,Ida,Commercial Turkey Meat Bird,100000
2022-12-12,Iowa,Sac,Commercial Turkey Meat Bird,100000
2022-12-12,Minnesota,Wadena,Commercial Turkey Meat Bird,300000
2022-12-12,South Dakota,Hanson,Commercial Turkey Meat Bird,0
2022-12-13,Indiana,Daviess,Commercial Turkey Meat Bird,0
2022-12-13,Oregon,Columbia,WOAH Non-Poultry,0
2022-12-13,Oregon,Linn,WOAH Non-Poultry,0
2022-12-14,Minnesota,Redwood,WOAH Non-Poultry,0
2022-12-14,Nebraska,Knox,WOAH Poultry,0
2022-12-14,South Dakota,Moody,Commercial Table Egg Layer,1300000
2022-12-14,South Dakota,Spink,WOAH Poultry,0
2022-12-14,Tennessee,Weakley,WOAH Poultry,0
2022-12-14,Washington,Franklin,Commercial Table Egg Layer,1000000
2022-12-15,Oregon,Polk,WOAH Non-Poultry,0
2022-12-16,California,Butte,WOAH Non-Poultry,0
2022-12-16,Colorado,Weld,Commercial Table Egg Layer,1300000
2022-12-16,Florida,Duval,WOAH Non-Poultry,0
2022-12-16,Montana,Flathead,WOAH Non-Poultry,0
2022-12-19,California,Mendocino,WOAH Non-Poultry,0
2022-12-20,Colorado,Weld,Commercial Table Egg Layer,200000
2022-12-20,Idaho,Gem,WOAH Non-Poultry,0
2022-12-20,South Dakota,Hanson,Commercial Turkey Meat Bird,0
2022-12-21,Illinois,St. Clair,WOAH Non-Poultry,0
2022-12-21,Missouri,Bates,WOAH Non-Poultry,0
2022-12-21,Oregon,Umatilla,WOAH Non-Poultry,0
2022-12-21,Tennessee,Weakley,WOAH Poultry,0
2022-12-22,California,Glenn,Commercial Upland Gamebird Producer,0
2022-12-28,Kansas,Elk,WOAH Non-Poultry,0
2022-12-28,Tennessee,Weakley,Commercial Broiler Breeder,0
2022-12-28,Tennessee,Weakley,Commercial Broiler Breeder,0
2022-12-29,Washington,Pierce,WOAH Non-Poultry,0
2022-12-30,Michigan,Sanilac,WOAH Non-Poultry,0
2022-12-30,Washington,Snohomish,WOAH Poultry,0
2023-01-04,Kansas,Anderson,Commercial Upland Gamebird Producer,0
2023-01-04,Missouri,Johnson,WOAH Non-Poultry,0
2023-01-04,Oregon,Josephine,WOAH Non-Poultry,0
2023-01-05,South Dakota,Codington,WOAH Poultry,0
2023-01-06,Colorado,Weld,WOAH Non-Poultry,0
2023-01-06,Washington,Thurston,WOAH Non-Poultry,0
2023-01-09,California,San Joaquin,WOAH Non-Poultry,0
2023-01-09,California,Sonoma,WOAH Non-Poultry,0
2023-01-09,California,Sonoma,WOAH Non-Poultry,0
2023-01-09,Nebraska,Scotts Bluff,WOAH Non-Poultry,0
2023-01-10,Montana,Cascade,WOAH Non-Poultry,0
2023-01-11,Oregon,Douglas,WOAH Non-Poultry,0
2023-01-12,California,Tehama,WOAH Poultry,0
2023-01-17,Kansas,Mitchell,Commercial Upland Gamebird Producer,0
2023-01-18,Ohio,Licking,WOAH Non-Poultry,0
2023-01-18,Texas,Lampasas,WOAH Poultry,0
2023-01-19,California,El Dorado,WOAH Non-Poultry,0
2023-01-19,Virginia,Rockingham,Commercial Turkey Meat Bird,0
2023-01-19,Washington,Snohomish,WOAH Non-Poultry,0
2023-01-20,Colorado,Larimer,WOAH Non-Poultry,0
2023-01-20,Tennessee,Weakley,Commercial Broiler Production,300000
2023-01-23,New Hampshire,Belknap,WOAH Non-Poultry,0
2023-01-25,Iowa,Buena Vista,Commercial Turkey Meat Bird,0
2023-01-25,New York,Suffolk,WOAH Non-Poultry,0
2023-01-25,North Carolina,Rowan,WOAH Non-Poultry,0
2023-01-25,Oregon,Polk,WOAH Non-Poultry,0
2023-01-25,Virginia,Rockingham,Commercial Turkey Meat Bird,0
2023-01-27,Maine,Hancock,WOAH Non-Poultry,0
2023-02-01,Pennsylvania,Lancaster,Commercial Duck Meat Bird,0
2023-02-01,Pennsylvania,Lancaster,WOAH Poultry,0
2023-02-06,California,Merced,Commercial Duck Breeder,0
2023-02-06,California,Placer,WOAH Non-Poultry,0
2023-02-06,California,San Joaquin,WOAH Non-Poultry,0
2023-02-06,Maine,Hancock,WOAH Non-Poultry,0
2023-02-06,Maine,Kennebec,WOAH Non-Poultry,0
2023-02-06,Wyoming,Park,WOAH Non-Poultry,0
2023-02-07,Mississippi,Leake,Commercial Broiler Production,100000
2023-02-07,Pennsylvania,Allegheny,WOAH Non-Poultry,0
2023-02-08,Kansas,Mitchell,Commercial Upland Gamebird Producer,0
2023-02-08,Pennsylvania,Lancaster,WOAH Poultry,0
2023-02-13,Kansas,Doniphan,WOAH Non-Poultry,0
2023-02-13,Missouri,Carroll,WOAH Non-Poultry,0
2023-02-14,Florida,Hillsborough,WOAH Non-Poultry,0
2023-02-14,Washington,Benton,WOAH Non-Poultry,0
2023-02-15,New York,Columbia,WOAH Poultry,0
2023-02-17,California,San Joaquin,WOAH Non-Poultry,0
2023-02-17,Mississippi,Copiah,WOAH Poultry,0
2023-02-17,Pennsylvania,Tioga,WOAH Non-Poultry,0
2023-02-21,Nebraska,Lincoln,WOAH Poultry,0
2023-02-21,Pennsylvania,Lancaster,Commercial Broiler Production,100000
2023-02-22,Pennsylvania,Lancaster,WOAH Poultry,0
2023-02-23,Colorado,Moffat,WOAH Non-Poultry,0
2023-02-23,Pennsylvania,Lancaster,WOAH Poultry,0
2023-02-23,Virginia,Alexandria City,Live Bird Market,0
2023-02-24,Illinois,Wayne,Commercial Turkey Meat Bird,0
2023-02-24,Pennsylvania,Chester,WOAH Poultry,0
2023-02-24,Pennsylvania,Lancaster,WOAH Poultry,0
2023-02-27,Pennsylvania,Lancaster,WOAH Poultry,0
2023-02-28,Florida,Miami-dade,Live Bird Market,0
2023-03-03,Nevada,Douglas,WOAH Non-Poultry,0
2023-03-03,Pennsylvania,Chester,WOAH Poultry,0
2023-03-04,Pennsylvania,Chester,WOAH Poultry,0
2023-03-04,Pennsylvania,Lancaster,Commercial Turkey Meat Bird,0
2023-03-04,Pennsylvania,Lancaster,Commercial Turkey Meat Bird,0
2023-03-04,Pennsylvania,Lancaster,Commercial Duck Breeder,0
2023-03-04,Pennsylvania,Northumberland,WOAH Poultry,0
2023-03-06,Idaho,Bingham,WOAH Non-Poultry,0
2023-03-06,Pennsylvania,Bucks,WOAH Poultry,0
2023-03-06,Pennsylvania,Lancaster,WOAH Poultry,0
2023-03-06,Pennsylvania,Lancaster,WOAH Poultry,0
2023-03-06,Pennsylvania,Lancaster,WOAH Poultry,0
2023-03-07,Virginia,Rockingham,WOAH Non-Poultry,0
2023-03-13,Pennsylvania,Lancaster,WOAH Poultry,0
2023-03-14,Michigan,Eaton,WOAH Non-Poultry,0
2023-03-14,Pennsylvania,Lancaster,WOAH Poultry,0
2023-03-14,Pennsylvania,Lancaster,WOAH Poultry,0
2023-03-14,Pennsylvania,Lancaster,WOAH Poultry,0
2023-03-14,Pennsylvania,Lancaster,WOAH Poultry,0
2023-03-14,Pennsylvania,Lancaster,WOAH Poultry,0
2023-03-15,Iowa,Chickasaw,WOAH Non-Poultry,0
2023-03-15,Pennsylvania,Mifflin,WOAH Non-Poultry,0
2023-03-16,Mississippi,Monroe,WOAH Non-Poultry,0
2023-03-16,Missouri,Maries,WOAH Non-Poultry,0
2023-03-16,Pennsylvania,Chester,Commercial Turkey Meat Bird,0
2023-03-16,Pennsylvania,Lancaster,WOAH Poultry,0
2023-03-16,Pennsylvania,Lancaster,WOAH Poultry,0
2023-03-17,Pennsylvania,Lancaster,WOAH Poultry,0
2023-03-21,Florida,Hillsborough,Live Bird Market,0
2023-03-21,New York,Washington,WOAH Non-Poultry,0
2023-03-22,New York,Queens,Live Bird Market,0
2023-03-22,New York,Tompkins,WOAH Poultry,0
2023-03-22,Oregon,Klamath,WOAH Non-Poultry,0
2023-03-22,South Dakota,Spink,Commercial Upland Gamebird Producer,0
2023-03-22,Texas,Hale,WOAH Non-Poultry,0
2023-03-23,Michigan,Lapeer,WOAH Poultry,0
2023-03-24,Colorado,Arapahoe,WOAH Non-Poultry,0
2023-03-24,Kansas,Ellsworth,WOAH Non-Poultry,0
2023-03-28,Colorado,Yuma,WOAH Poultry,0
2023-03-30,Oregon,Umatilla,WOAH Non-Poultry,0
2023-04-03,Minnesota,Le Sueur,WOAH Non-Poultry,0
2023-04-05,New York,Queens,Live Bird Market,0
2023-04-10,Kansas,Mitchell,WOAH Non-Poultry,0
2023-04-12,California,Modoc,WOAH Non-Poultry,0
2023-04-12,Colorado,Pueblo,WOAH Non-Poultry,0
2023-04-12,New York,Putnam,WOAH Poultry,0
2023-04-14,Montana,Rosebud,WOAH Non-Poultry,0
2023-04-14,Nebraska,Sheridan,WOAH Non-Poultry,0
2023-04-17,Colorado,Moffat,WOAH Non-Poultry,0
2023-04-17,Idaho,Bonneville,WOAH Non-Poultry,0
2023-04-17,New York,Putnam,WOAH Poultry,0
2023-04-18,New York,Kings,Live Bird Market,0
2023-04-19,North Dakota,Dickey,Commercial Turkey Meat Bird,100000
2023-04-19,South Dakota,Beadle,Commercial Turkey Meat Bird,100000
2023-04-24,Colorado,Routt,WOAH Non-Poultry,0
2023-05-05,Indiana,Posey,WOAH Non-Poultry,0
2023-05-11,Minnesota,Nobles,WOAH Non-Poultry,0
2023-05-18,Missouri,Phelps,WOAH Non-Poultry,0
2023-05-18,North Carolina,Rowan,WOAH Non-Poultry,0
2023-07-25,New York,Kings,Live Bird Market,0
2023-07-28,New York,Kings,Live Bird Market,0
2023-08-03,New York,Kings,Live Bird Market,0
2023-09-15,New Jersey,Union,Live Bird Market,0
2023-10-03,Idaho,Canyon,WOAH Non-Poultry,0
2023-10-04,South Dakota,Jerauld,Commercial Turkey Meat Bird,0
2023-10-06,Utah,Sanpete,Commercial Turkey Meat Bird,100000
2023-10-06,Utah,Sanpete,Commercial Turkey Meat Bird,0
2023-10-10,Montana,Glacier,WOAH Poultry,100000
2023-10-11,Minnesota,Meeker,Commercial Turkey Meat Bird,100000
2023-10-12,Colorado,Weld,WOAH Non-Poultry,0
2023-10-12,North Dakota,Williams,WOAH Non-Poultry,0
2023-10-13,Minnesota,Meeker,Commercial Turkey Meat Bird,100000
2023-10-13,Montana,Flathead,WOAH Non-Poultry,0
2023-10-13,North Dakota,Golden Valley,WOAH Non-Poultry,0
2023-10-16,Oklahoma,Carter,WOAH Non-Poultry,0
2023-10-17,Minnesota,Becker,Commercial Turkey Breeder Toms,0
2023-10-17,South Dakota,Faulk,Commercial Turkey Meat Bird,0
2023-10-17,South Dakota,Mcpherson,Commercial Turkey Meat Bird,100000
2023-10-17,Washington,King,WOAH Non-Poultry,0
2023-10-18,Minnesota,Blue Earth,Commercial Turkey Meat Bird,0
2023-10-18,Minnesota,Redwood,Commercial Turkey Meat Bird,0
2023-10-19,Minnesota,Becker,Commercial Breeder Operation,0
2023-10-19,Montana,Park,WOAH Non-Poultry,0
2023-10-19,South Dakota,Spink,Commercial Turkey Meat Bird,0
2023-10-20,Oregon,Union,WOAH Poultry,0
2023-10-23,Iowa,Buena Vista,Commercial Turkey Meat Bird,0
2023-10-24,Iowa,Guthrie,WOAH Non-Poultry,0
2023-10-24,Iowa,Pocahontas,Commercial Turkey Meat Bird,100000
2023-10-24,Minnesota,Blue Earth,Commercial Turkey Meat Bird,0
2023-10-24,Minnesota,Kandiyohi,Commercial Turkey Meat Bird,100000
2023-10-25,Minnesota,Brown,WOAH Non-Poultry,0
2023-10-25,Minnesota,Meeker,Commercial Turkey Meat Bird,0
2023-10-25,Minnesota,Pine,WOAH Non-Poultry,0
2023-10-25,Oregon,Union,WOAH Non-Poultry,0
2023-10-25,South Dakota,Beadle,Commercial Turkey Meat Bird,100000
2023-10-25,South Dakota,Clark,Commercial Turkey Meat Bird,0
2023-10-25,South Dakota,Hanson,Commercial Turkey Meat Bird,0
2023-10-26,California,Merced,Commercial Turkey Meat Bird,0
2023-10-27,Alabama,Chilton,Commercial Upland Gamebird Producer,300000
2023-10-27,Washington,Kittitas,WOAH Poultry,0
2023-10-28,Alaska,Matanuska Susitna,WOAH Non-Poultry,0
2023-10-28,Alaska,Matanuska Susitna,WOAH Non-Poultry,0
2023-10-31,Arkansas,Madison,Commercial Broiler Breeder Pullets,0
2023-10-31,Minnesota,Meeker,Commercial Turkey Meat Bird,0
2023-10-31,Oklahoma,Wagoner,WOAH Non-Poultry,0
2023-10-31,South Dakota,Beadle,Commercial Turkey Meat Bird,0
2023-10-31,Tennessee,Lincoln,WOAH Non-Poultry,0
2023-11-01,Iowa,Buena Vista,Commercial Turkey Meat Bird,0
2023-11-02,Alabama,Marshall,Commercial Broiler Breeder Pullets,0
2023-11-02,Oklahoma,Grady,WOAH Non-Poultry,0
2023-11-03,Iowa,Clay,WOAH Poultry,0
2023-11-03,Iowa,Clay,WOAH Poultry,0
2023-11-03,Minnesota,Wright,Commercial Table Egg Layer,900000
2023-11-03,South Dakota,Mcpherson,Commercial Turkey Breeder Hens,0
2023-11-06,Iowa,Clay,WOAH Poultry,0
2023-11-06,Iowa,Hamilton,Commercial Breeder (Multiple Bird Species),0
2023-11-06,Missouri,Benton,Commercial Broiler Breeder,0
2023-11-07,Minnesota,Stearns,Commercial Turkey Meat Bird,100000
2023-11-08,Alaska,Matanuska Susitna,WOAH Non-Poultry,0
2023-11-08,Iowa,Kossuth,WOAH Poultry,0
2023-11-08,South Dakota,Charles Mix,Commercial Turkey Meat Bird,100000
2023-11-08,South Dakota,Clark,Commercial Upland Gamebird Producer,0
2023-11-08,Utah,Utah,WOAH Non-Poultry,0
2023-11-09,Minnesota,Redwood,Commercial Turkey Meat Bird,0
2023-11-09,Minnesota,Steele,Commercial Turkey Meat Bird,0
2023-11-09,Montana,Sweet Grass,WOAH Non-Poultry,0
2023-11-09,Montana,Wheatland,WOAH Poultry,0
2023-11-09,South Dakota,Mcpherson,Commercial Turkey Meat Bird,100000
2023-11-09,South Dakota,Roberts,Commercial Turkey Meat Bird,100000
2023-11-13,Colorado,Montrose,WOAH Non-Poultry,0
2023-11-13,Idaho,Bonneville,WOAH Non-Poultry,0
2023-11-13,North Dakota,Mcintosh,WOAH Non-Poultry,0
2023-11-14,Iowa,Cerro Gordo,WOAH Non-Poultry,0
2023-11-14,Iowa,Jones,WOAH Non-Poultry,0
2023-11-14,Iowa,Kossuth,WOAH Poultry,0
2023-11-14,Iowa,Taylor,Commercial Table Egg Layer,1100000
2023-11-14,Minnesota,Kandiyohi,Commercial Turkey Meat Bird,0
2023-11-14,Minnesota,Redwood,Commercial Turkey Meat Bird,0
2023-11-14,Missouri,Jasper,Commercial Turkey Meat Bird,0
2023-11-14,Montana,Missoula,WOAH Non-Poultry,0
2023-11-14,Oregon,Deschutes,WOAH Non-Poultry,0
2023-11-14,Oregon,Marion,WOAH Non-Poultry,0
2023-11-14,Texas,Ellis,WOAH Non-Poultry,0
2023-11-15,Michigan,Cass,WOAH Non-Poultry,0
2023-11-15,North Dakota,Lamoure,Commercial Turkey Meat Bird,0
2023-11-15,North Dakota,Mcintosh,WOAH Poultry,0
2023-11-15,South Dakota,Edmunds,Commercial Turkey Breeder Replacement Hens,0
2023-11-16,Florida,Duval,WOAH Non-Poultry,0
2023-11-16,Iowa,Benton,WOAH Non-Poultry,0
2023-11-16,Minnesota,Stearns,Commercial Turkey Meat Bird,0
2023-11-16,Oregon,Linn,Commercial Broiler Production,600000
2023-11-16,Oregon,Marion,Commercial Broiler Production,100000
2023-11-17,South Dakota,Fall River,WOAH Non-Poultry,0
2023-11-20,California,Fresno,Commercial Duck Breeder,0
2023-11-20,Minnesota,Swift,Commercial Turkey Meat Bird,100000
2023-11-20,New Mexico,San Juan,WOAH Non-Poultry,0
2023-11-20,South Dakota,Day,WOAH Poultry,0
2023-11-20,South Dakota,Edmunds,Commercial Turkey Breeder Replacement Hens,0
2023-11-20,South Dakota,Edmunds,Commercial Turkey Breeder Hens,0
2023-11-20,South Dakota,Edmunds,Commercial Turkey Meat Bird,0
2023-11-20,South Dakota,Walworth,WOAH Non-Poultry,0
2023-11-20,Wisconsin,Taylor,WOAH Non-Poultry,0
2023-11-21,Florida,Broward,WOAH Non-Poultry,0
2023-11-21,Georgia,Sumter,Commercial Raised for Release Waterfowl,0
2023-11-21,Maryland,Caroline,Commercial Broiler Production,200000
2023-11-21,Minnesota,Big Stone,Commercial Turkey Meat Bird,100000
2023-11-21,Minnesota,Brown,Commercial Turkey Breeder Hens,0
2023-11-21,Minnesota,Kandiyohi,Commercial Breeder Operation,0
2023-11-21,Ohio,Union,Commercial Table Egg Layer,1300000
2023-11-21,South Dakota,Beadle,Commercial Turkey Meat Bird,100000
2023-11-21,South Dakota,Clark,Commercial Turkey Meat Bird,0
2023-11-21,South Dakota,Clark,Commercial Turkey Meat Bird,100000
2023-11-21,South Dakota,Kingsbury,Commercial Turkey Meat Bird,0
2023-11-21,Texas,Grimes,WOAH Non-Poultry,0
2023-11-22,Minnesota,Otter Tail,Commercial Turkey Meat Bird,0
2023-11-22,Minnesota,Stearns,Commercial Turkey Meat Bird,0
2023-11-22,South Dakota,Brule,Commercial Turkey Meat Bird,0
2023-11-22,Wisconsin,Trempealeau,Commercial Turkey Meat Bird,100000
2023-11-24,Minnesota,Freeborn,WOAH Non-Poultry,0
2023-11-24,Minnesota,Kandiyohi,Commercial Turkey Breeder Hens,0
2023-11-24,Minnesota,Otter Tail,Commercial Breeder Operation,0
2023-11-24,Oregon,Clackamas,WOAH Non-Poultry,0
2023-11-27,California,Sonoma,Commercial Duck Breeder,200000
2023-11-27,Minnesota,Brown,Commercial Turkey Breeder Hens,0
2023-11-28,Iowa,Sioux,Commercial Table Egg Layer,1600000
2023-11-28,Nebraska,Colfax,WOAH Non-Poultry,0
2023-11-28,North Dakota,Dickey,Commercial Turkey Meat Bird,100000
2023-11-28,North Dakota,Emmons,WOAH Non-Poultry,0
2023-11-28,South Dakota,Mcpherson,Commercial Turkey Meat Bird,100000
2023-11-28,South Dakota,Yankton,Commercial Turkey Meat Bird,0
2023-11-28,Washington,Pierce,WOAH Non-Poultry,0
2023-11-28,Wisconsin,Trempealeau,Commercial Turkey Meat Bird,0
2023-11-28,Wisconsin,Trempealeau,Commercial Turkey Meat Bird,0
2023-11-29,Arkansas,Carroll,Commercial Broiler Production,100000
2023-11-29,Colorado,Morgan,WOAH Non-Poultry,0
2023-11-29,Iowa,Woodbury,WOAH Non-Poultry,0
2023-11-29,Minnesota,Becker,Commercial Turkey Breeder Hens,0
2023-11-29,Minnesota,Douglas,Commercial Turkey Meat Bird,0
2023-11-29,Minnesota,Otter Tail,Commercial Turkey Meat Bird,0
2023-11-29,North Dakota,Dickey,WOAH Poultry,0
2023-11-30,California,San Benito,Commercial Duck Breeder,0
2023-11-30,California,Sonoma,Commercial Table Egg Layer,100000
2023-11-30,Colorado,Bent,WOAH Poultry,0
2023-11-30,Montana,Lewis And Clark,WOAH Non-Poultry,0
2023-11-30,South Dakota,Minnehaha,WOAH Non-Poultry,0
2023-12-01,Idaho,Canyon,WOAH Non-Poultry,0
2023-12-01,Iowa,Woodbury,WOAH Non-Poultry,0
2023-12-01,Michigan,Bay,WOAH Non-Poultry,0
2023-12-01,Ohio,Darke,Commercial Turkey Meat Bird,0
2023-12-04,Arkansas,Johnson,Commercial Broiler Production,100000
2023-12-04,Kansas,Pottawatomie,WOAH Non-Poultry,0
2023-12-04,South Dakota,Mcpherson,Commercial Turkey Meat Bird,0
2023-12-04,Wisconsin,Barron,Commercial Turkey Meat Bird,100000
2023-12-05,California,Stanislaus,Commercial Broiler Production,300000
2023-12-05,California,Stanislaus,Commercial Broiler Production,200000
2023-12-05,Kansas,Shawnee,WOAH Non-Poultry,0
2023-12-05,Minnesota,Otter Tail,Commercial Turkey Meat Bird,0
2023-12-05,South Dakota,Kingsbury,WOAH Non-Poultry,0
2023-12-05,South Dakota,Spink,Commercial Turkey Meat Bird,0
2023-12-06,California,Sonoma,Commercial Table Egg Layer,200000
2023-12-06,Minnesota,Becker,Commercial Breeder Operation,0
2023-12-06,Minnesota,Todd,Commercial Turkey Meat Bird,100000
2023-12-06,South Dakota,Bon Homme,Commercial Turkey Meat Bird,0
2023-12-06,South Dakota,Hamlin,Commercial Turkey Meat Bird,100000
2023-12-07,Arkansas,Carroll,Commercial Turkey Meat Bird,0
2023-12-07,California,Sonoma,Commercial Duck Meat Bird,0
2023-12-07,California,Stanislaus,Commercial Broiler Production,300000
2023-12-07,Michigan,Montmorency,WOAH Poultry,0
2023-12-07,Ohio,Darke,Commercial Turkey Meat Bird,0
2023-12-07,Ohio,Hardin,Commercial Table Egg Layer,2600000
2023-12-07,Vermont,Orleans,WOAH Non-Poultry,0
2023-12-08,Iowa,Mills,WOAH Non-Poultry,0
2023-12-08,Kansas,Barton,WOAH Non-Poultry,0
2023-12-08,South Dakota,Charles Mix,Commercial Turkey Meat Bird,0
2023-12-08,Wisconsin,Barron,Commercial Turkey Meat Bird,100000
2023-12-11,Minnesota,Olmsted,Commercial Turkey Breeder Hens,0
2023-12-12,Alabama,Etowah,WOAH Non-Poultry,0
2023-12-12,Missouri,St. Louis,WOAH Non-Poultry,0
2023-12-12,New York,Dutchess,WOAH Poultry,0
2023-12-12,South Dakota,Lake,Commercial Turkey Meat Bird,100000
2023-12-13,California,Merced,Commercial Table Egg Layer,1400000
2023-12-13,California,Merced,Commercial Broiler Production,200000
2023-12-13,California,San Joaquin,Commercial Duck Breeder,0
2023-12-13,Colorado,Weld,WOAH Non-Poultry,0
2023-12-13,Kansas,Mcpherson,WOAH Poultry,0
2023-12-13,Kansas,Rice,Commercial Table Egg Layer,700000
2023-12-14,Arkansas,Scott,WOAH Non-Poultry,0
2023-12-14,Ohio,Darke,Commercial Table Egg Layer,500000
2023-12-14,Oregon,Clatsop,WOAH Non-Poultry,0
2023-12-15,Idaho,Latah,WOAH Poultry,0
2023-12-15,Minnesota,Waseca,WOAH Non-Poultry,0
2023-12-18,California,Sonoma,WOAH Poultry,0
2023-12-18,California,Sonoma,Commercial Table Egg Layer,500000
2023-12-18,Kansas,Rice,WOAH Non-Poultry,0
2023-12-18,South Dakota,Edmunds,Commercial Upland Gamebird Producer,0
2023-12-19,California,Lassen,WOAH Non-Poultry,0
2023-12-19,California,Sonoma,Commercial Duck Meat Bird,0
2023-12-19,Kansas,Barton,WOAH Non-Poultry,0
2023-12-19,Kansas,Mcpherson,WOAH Poultry,0
2023-12-19,Kansas,Rice,Commercial Table Egg Layer,800000
2023-12-19,Michigan,Muskegon,Commercial Turkey Meat Bird,0
2023-12-19,Washington,King,WOAH Poultry,0
2023-12-20,California,Merced,Commercial Table Egg Layer,200000
2023-12-20,California,Merced,Commercial Turkey Meat Bird,100000
2023-12-20,Iowa,Mahaska,WOAH Non-Poultry,0
2023-12-20,Oregon,Benton,WOAH Non-Poultry,0
2023-12-20,South Dakota,Charles Mix,Commercial Upland Gamebird Producer,0
2023-12-21,Nebraska,Dodge,WOAH Non-Poultry,0
2023-12-21,South Dakota,Edmunds,Commercial Upland Gamebird Producer,0
2023-12-26,California,Merced,Commercial Table Egg Layer,700000
2023-12-27,Michigan,Muskegon,Commercial Turkey Meat Bird,0
2023-12-27,Minnesota,Todd,Commercial Turkey Meat Bird,100000
2023-12-27,Ohio,Hardin,Commercial Table Egg Pullets,1400000
2023-12-27,Oklahoma,Garfield,WOAH Non-Poultry,0
2023-12-27,Pennsylvania,Northumberland,Commercial Raised for Release Upland Game Bird,100000
2023-12-28,California,Marin,Commercial Table Egg Pullets,200000
2023-12-28,California,Sonoma,Commercial Table Egg Layer,100000
2023-12-28,California,Sonoma,Commercial Table Egg Layer,0
2023-12-28,Missouri,Audrain,WOAH Poultry,0
2023-12-28,Montana,Missoula,WOAH Non-Poultry,0
2023-12-29,North Dakota,Mcintosh,WOAH Non-Poultry,0
2023-12-29,Texas,Carson,WOAH Non-Poultry,0
2023-12-30,South Dakota,Edmunds,Commercial Upland Gamebird Producer,0
2024-01-03,California,Merced,Commercial Table Egg Layer,800000
2024-01-03,California,Merced,Commercial Broiler Production,500000
2024-01-03,California,Sonoma,Commercial Broiler Production,100000
2024-01-04,Kansas,Rice,Commercial Table Egg Pullets,200000
2024-01-05,Wisconsin,Washburn,Commercial Turkey Meat Bird,0
2024-01-08,California,Merced,WOAH Non-Poultry,0
2024-01-08,California,Sacramento,WOAH Non-Poultry,0
2024-01-08,Colorado,Arapahoe,WOAH Non-Poultry,0
2024-01-10,Kansas,Mitchell,Commercial Upland Gamebird Producer,0
2024-01-10,Kansas,Mitchell,Commercial Upland Gamebird Producer,0
2024-01-10,Maine,York,WOAH Non-Poultry,0
2024-01-10,Minnesota,Sherburne,WOAH Non-Poultry,0
2024-01-11,Kansas,Mitchell,Commercial Raised for Release Upland Game Bird,0
2024-01-16,Kansas,Mitchell,WOAH Poultry,0
2024-01-16,Massachusetts,Barnstable,WOAH Non-Poultry,0
2024-01-16,Montana,Cascade,WOAH Non-Poultry,0
2024-01-16,South Dakota,Spink,Commercial Raised for Release Upland Game Bird,0
2024-01-17,South Carolina,Horry,WOAH Non-Poultry,0
2024-01-18,California,Merced,Commercial Table Egg Pullets,300000
2024-01-22,Kansas,Mitchell,Commercial Upland Gamebird Producer,0
2024-01-22,South Carolina,Orangeburg,WOAH Non-Poultry,0
2024-01-23,South Dakota,Edmunds,Commercial Upland Gamebird Producer,0
2024-01-25,Indiana,Daviess,Commercial Turkey Meat Bird,0
2024-01-25,Maine,Kennebec,WOAH Non-Poultry,0
2024-01-26,Florida,De Soto,WOAH Non-Poultry,0
2024-01-31,California,Placer,WOAH Non-Poultry,0
2024-02-06,Massachusetts,Essex,WOAH Non-Poultry,0
2024-02-06,Nebraska,Gage,Commercial Broiler Production,100000
2024-02-06,Pennsylvania,Wayne,WOAH Non-Poultry,0
2024-02-08,Colorado,Delta,Commercial Broiler Breeder,100000
2024-02-08,Florida,Miami-dade,Live Bird Market,0
2024-02-08,Idaho,Owyhee,WOAH Non-Poultry,0
2024-02-09,North Carolina,Lenoir,Commercial Turkey Meat Bird,0
2024-02-12,Idaho,Twin Falls,WOAH Non-Poultry,0
2024-02-12,Pennsylvania,Schuylkill,WOAH Non-Poultry,0
2024-02-16,West Virginia,Kanawha,WOAH Non-Poultry,0
2024-02-20,North Carolina,Duplin,Commercial Turkey Meat Bird,0
2024-02-21,Missouri,Dallas,Commercial Turkey Meat Bird,0
2024-02-21,Missouri,Dallas,Commercial Turkey Meat Bird,0
2024-02-21,Missouri,Dallas,Commercial Turkey Meat Bird,0
2024-02-21,Ohio,Franklin,WOAH Non-Poultry,0
2024-02-22,Maryland,Charles,WOAH Non-Poultry,0
2024-02-23,Indiana,Allen,WOAH Non-Poultry,0
2024-02-23,Missouri,Dallas,WOAH Poultry,0
2024-02-23,New York,Onondaga,WOAH Non-Poultry,0
2024-02-26,New York,Monroe,WOAH Non-Poultry,0
2024-02-27,Minnesota,Stevens,WOAH Non-Poultry,0
2024-02-27,Ohio,Mahoning,WOAH Non-Poultry,0
2024-03-07,Massachusetts,Essex,WOAH Poultry,0
2024-03-11,Minnesota,Clay,WOAH Non-Poultry,0
2024-03-11,Texas,Moore,WOAH Non-Poultry,0
2024-03-12,South Dakota,Hutchinson,Commercial Turkey Meat Bird,0
2024-03-14,Oregon,Klamath,WOAH Non-Poultry,0
2024-03-18,Maine,Knox,WOAH Non-Poultry,0
2024-03-20,Texas,Deaf Smith,WOAH Non-Poultry,0
2024-03-28,North Carolina,Guilford,WOAH Non-Poultry,0
2024-04-02,Michigan,Ionia,Commercial Table Egg Layer,1900000
2024-04-02,Texas,Parmer,Commercial Table Egg Layer,1900000
2024-04-09,Michigan,Ionia,Commercial Table Egg Layer,2100000
2024-04-10,Kansas,Grant,WOAH Poultry,0
2024-04-11,Minnesota,Meeker,Commercial Turkey Meat Bird,100000
2024-04-12,New Mexico,Roosevelt,Commercial Breeder (Multiple Bird Species),100000
2024-04-15,Florida,Miami-dade,Live Bird Market,0
2024-04-15,New Mexico,Roosevelt,Commercial Breeder (Multiple Bird Species),0
2024-04-16,Michigan,Ionia,Commercial Table Egg Layer,2400000
2024-04-17,Michigan,Newaygo,Commercial Turkey Meat Bird,100000
2024-04-17,New Mexico,Roosevelt,Commercial Breeder (Multiple Bird Species),100000
2024-04-24,Michigan,Ottawa,Commercial Turkey Meat Bird,100000
2024-04-25,Idaho,Cassia,WOAH Non-Poultry,0
2024-04-26,Michigan,Gratiot,Commercial Turkey Meat Bird,0
2024-04-30,Florida,Clay,WOAH Non-Poultry,0
2024-05-02,Michigan,Gratiot,Commercial Turkey Meat Bird,0
2024-05-02,Minnesota,Dodge,Commercial Breeder Operation,0
2024-05-06,Idaho,Cassia,WOAH Non-Poultry,0
2024-05-09,California,San Francisco,Live Bird Market,0
2024-05-10,Idaho,Jerome,WOAH Poultry,0
2024-05-10,Idaho,Jerome,WOAH Non-Poultry,0
2024-05-10,Michigan,Ionia,WOAH Non-Poultry,0
2024-05-20,Idaho,Jerome,WOAH Poultry,0
2024-05-21,Minnesota,Meeker,Commercial Table Egg Layer,1400000
2024-05-21,Minnesota,Morrison,Commercial Turkey Meat Bird,100000
2024-05-21,Minnesota,Stearns,Commercial Turkey Meat Bird,0
2024-05-21,Minnesota,Stearns,Commercial Turkey Meat Bird,0
2024-05-21,Minnesota,Stearns,Commercial Turkey Breeder Hens,0
2024-05-28,Iowa,Sioux,Commercial Table Egg Layer,4300000
2024-05-29,Minnesota,Stearns,Commercial Turkey Meat Bird,0
2024-05-31,Minnesota,Stearns,Commercial Turkey Meat Bird,0
2024-05-31,South Carolina,Richland,WOAH Non-Poultry,0
2024-06-03,Iowa,Cherokee,Commercial Turkey Meat Bird,100000
2024-06-10,Idaho,Jerome,WOAH Non-Poultry,0
2024-06-12,Minnesota,Lyon,Commercial Turkey Meat Bird,100000
2024-06-13,Minnesota,Stearns,Commercial Turkey Meat Bird,0
2024-06-18,Minnesota,Pipestone,Commercial Turkey Meat Bird,100000
2024-06-18,Minnesota,Swift,Commercial Turkey Meat Bird,100000
2024-06-21,Iowa,Sac,Commercial Turkey Meat Bird,0
2024-06-24,Minnesota,Stearns,WOAH Non-Poultry,0
2024-06-26,Colorado,Larimer,WOAH Non-Poultry,0
2024-06-27,Colorado,Morgan,WOAH Non-Poultry,0
2024-06-27,Minnesota,Otter Tail,Commercial Turkey Meat Bird,100000
2024-06-27,Minnesota,Swift,Commercial Turkey Meat Bird,0
2024-07-08,Colorado,Weld,Commercial Table Egg Layer,1800000
2024-07-09,Minnesota,Kandiyohi,Commercial Turkey Breeder Toms,0
2024-07-09,Minnesota,Kandiyohi,Commercial Turkey Breeder Hens,0
2024-07-09,Minnesota,Renville,Commercial Turkey Breeder Hens,0
2024-07-11,Idaho,Twin Falls,WOAH Non-Poultry,0
2024-07-16,Colorado,Weld,Commercial Table Egg Layer,1300000
2024-07-19,Colorado,Weld,Commercial Table Egg Pullets,300000
2024-07-19,Florida,Miami-dade,Live Bird Market,0
2024-07-19,Florida,Miami-dade,Live Bird Market,0
2024-07-19,Florida,Miami-dade,Live Bird Market,0
2024-07-24,Florida,Hendry,WOAH Non-Poultry,0
2024-08-05,Florida,Miami-dade,WOAH Poultry,0
2024-08-20,Florida,Hillsborough,Live Bird Market,0
2024-09-18,California,Merced,Commercial Turkey Meat Bird,100000
2024-09-18,Florida,Orange,Live Bird Market,0
2024-09-27,Idaho,Lincoln,WOAH Poultry,0
2024-10-03,Idaho,Canyon,WOAH Poultry,0
2024-10-07,Florida,Miami-dade,Live Bird Sales  (non-slaughter),0
2024-10-15,Utah,Cache,Commercial Table Egg Layer,1900000
2024-10-15,Washington,Franklin,Commercial Table Egg Layer,800000
2024-10-16,California,Tulare,Commercial Broiler Production,800000
2024-10-17,Washington,Kitsap,WOAH Non-Poultry,0
2024-10-23,Oregon,Clackamas,Commercial Table Egg Layer,200000
2024-10-24,California,Tulare,Commercial Broiler Production,0
2024-10-25,Oregon,Crook,WOAH Non-Poultry,0
2024-10-25,Washington,Lewis,WOAH Non-Poultry,0
2024-10-29,California,Kings,Commercial Broiler Production,100000
2024-10-29,California,Kings,Commercial Broiler Production,300000
2024-10-29,California,Tulare,WOAH Non-Poultry,0
2024-10-30,California,Fresno,Commercial Broiler Production,200000
2024-10-30,California,Kings,Commercial Broiler Production,100000
2024-10-30,Pennsylvania,Venango,WOAH Non-Poultry,0
2024-11-01,Montana,Flathead,WOAH Non-Poultry,0
2024-11-01,Oregon,Jackson,WOAH Non-Poultry,0
2024-11-01,Washington,Okanogan,WOAH Non-Poultry,0
2024-11-01,Washington,Stevens,WOAH Non-Poultry,0
2024-11-02,California,Sacramento,Commercial Turkey Meat Bird,0
2024-11-02,California,Sonoma,WOAH Non-Poultry,0
2024-11-07,Washington,Snohomish,WOAH Non-Poultry,0
2024-11-12,California,Fresno,Commercial Broiler Production,200000
2024-11-12,California,Fresno,Commercial Turkey Meat Bird,0
2024-11-12,California,Kern,Commercial Table Egg Layer,2200000
2024-11-12,California,Tulare,WOAH Non-Poultry,0
2024-11-12,Montana,Missoula,WOAH Poultry,0
2024-11-12,Utah,Piute,Commercial Turkey Meat Bird,0
2024-11-13,Arizona,Pinal,Commercial Table Egg Layer,800000
2024-11-13,Oregon,Malheur,WOAH Non-Poultry,0
2024-11-14,California,Fresno,Commercial Turkey Meat Bird,0
2024-11-14,California,Fresno,Commercial Turkey Meat Bird,0
2024-11-14,California,Fresno,Commercial Turkey Meat Bird,0
2024-11-14,California,Fresno,Commercial Broiler Production,300000
2024-11-14,California,Kings,Commercial Broiler Production,300000
2024-11-14,California,Kings,Commercial Broiler Production,100000
2024-11-14,California,Kings,WOAH Non-Poultry,0
2024-11-14,California,Merced,Commercial Turkey Meat Bird,100000
2024-11-14,California,San Joaquin,Commercial Broiler Production,0
2024-11-14,Colorado,Weld,WOAH Non-Poultry,0
2024-11-15,California,Stanislaus,Commercial Turkey Meat Bird,0
2024-11-15,Hawaii,Honolulu,WOAH Non-Poultry,0
2024-11-15,Utah,Piute,Commercial Turkey Meat Bird,0
2024-11-18,Hawaii,Honolulu,WOAH Non-Poultry,0
2024-11-18,Minnesota,Martin,WOAH Non-Poultry,0
2024-11-18,Minnesota,Martin,WOAH Non-Poultry,0
2024-11-19,California,Fresno,Commercial Broiler Production,200000
2024-11-19,California,Merced,Commercial Turkey Meat Bird,0
2024-11-19,Illinois,Henry,WOAH Poultry,0
2024-11-19,South Dakota,Lake,WOAH Non-Poultry,0
2024-11-19,Washington,Whatcom,WOAH Non-Poultry,0
2024-11-20,Alaska,Matanuska Susitna,WOAH Non-Poultry,0
2024-11-20,California,Kern,Commercial Table Egg Layer,1000000
2024-11-20,California,Marin,Commercial Duck Meat Bird,0
2024-11-21,Arizona,Maricopa,WOAH Non-Poultry,0
2024-11-21,California,Madera,WOAH Non-Poultry,0
2024-11-21,California,Tulare,Commercial Duck Meat Bird,100000
2024-11-21,Idaho,Lemhi,WOAH Non-Poultry,0
2024-11-21,Oklahoma,Roger Mills,WOAH Non-Poultry,0
2024-11-21,Utah,Piute,Commercial Turkey Meat Bird,0
2024-11-21,Utah,Salt Lake,WOAH Non-Poultry,0
2024-11-22,California,Merced,Commercial Table Egg Pullets,500000
2024-11-22,North Dakota,Mchenry,WOAH Poultry,0
2024-11-25,Minnesota,Meeker,Commercial Turkey Meat Bird,0
2024-11-26,Alaska,Matanuska Susitna,WOAH Non-Poultry,0
2024-11-27,Minnesota,Meeker,Commercial Turkey Meat Bird,0
2024-11-27,North Dakota,Ransom,Commercial Turkey Meat Bird,100000
2024-11-27,Oregon,Union,WOAH Non-Poultry,0
2024-11-27,South Dakota,Beadle,Commercial Turkey Meat Bird,0
2024-11-27,South Dakota,Faulk,Commercial Turkey Meat Bird,100000
2024-11-27,Utah,Sanpete,Commercial Turkey Meat Bird,100000
2024-11-29,California,Fresno,Commercial Duck Breeder,0
2024-11-29,California,Fresno,Commercial Broiler Production,300000
2024-11-29,California,Merced,Commercial Turkey Meat Bird,0
2024-11-29,California,Tulare,Commercial Duck Breeder,0
2024-11-29,Minnesota,Meeker,Commercial Turkey Meat Bird,200000
2024-11-29,Tennessee,Gibson,Commercial Broiler Breeder,0
2024-12-02,North Dakota,Bottineau,WOAH Poultry,0
2024-12-03,California,Fresno,Commercial Broiler Production,200000
2024-12-03,Kansas,Douglas,WOAH Non-Poultry,0
2024-12-03,Oklahoma,Adair,Commercial Broiler Breeder,100000
2024-12-03,South Dakota,Mcpherson,Commercial Turkey Meat Bird,100000
2024-12-03,South Dakota,Spink,Commercial Turkey Meat Bird,0
2024-12-03,Utah,Utah,WOAH Non-Poultry,0
2024-12-04,California,Riverside,WOAH Non-Poultry,0
2024-12-04,California,Sacramento,Commercial Turkey Meat Bird,100000
2024-12-04,California,Stanislaus,Commercial Turkey Meat Bird,0
2024-12-04,California,Stanislaus,Commercial Table Egg Layer,700000
2024-12-04,California,Stanislaus,Commercial Turkey Meat Bird,100000
2024-12-04,South Dakota,Charles Mix,Commercial Turkey Meat Bird,100000
2024-12-05,California,Merced,Commercial Table Egg Layer,1700000
2024-12-05,California,Merced,Commercial Table Egg Layer,800000
2024-12-05,California,Merced,Commercial Table Egg Layer,300000
2024-12-05,California,San Joaquin,Commercial Duck Meat Bird,0
2024-12-06,California,Stanislaus,WOAH Poultry,0
2024-12-06,Colorado,Pitkin,WOAH Non-Poultry,0
2024-12-06,Iowa,Sioux,Commercial Table Egg Layer,4200000
2024-12-06,Nebraska,Nemaha,Commercial Turkey Breeder Hens,0
2024-12-06,Wyoming,Washakie,WOAH Non-Poultry,0
2024-12-09,Arkansas,Lafayette,WOAH Non-Poultry,0
2024-12-09,California,Kern,WOAH Poultry,0
2024-12-09,South Dakota,Beadle,Commercial Turkey Meat Bird,100000
2024-12-09,South Dakota,Hutchinson,Commercial Turkey Meat Bird,0
2024-12-10,California,Stanislaus,Commercial Duck Breeder,100000
2024-12-10,California,Tulare,Commercial Broiler Production,300000
2024-12-10,Colorado,La Plata,WOAH Non-Poultry,0
2024-12-10,Idaho,Franklin,WOAH Non-Poultry,0
2024-12-10,Idaho,Jefferson,WOAH Non-Poultry,0
2024-12-10,Kansas,Jewell,WOAH Non-Poultry,0
2024-12-10,Missouri,Cedar,WOAH Non-Poultry,0
2024-12-10,Missouri,Daviess,WOAH Poultry,0
2024-12-10,South Dakota,Beadle,Commercial Turkey Meat Bird,100000
2024-12-10,South Dakota,Charles Mix,Commercial Turkey Meat Bird,0
2024-12-10,South Dakota,Moody,Commercial Turkey Meat Bird,0
2024-12-11,Iowa,Palo Alto,Commercial Turkey Meat Bird,0
2024-12-11,Iowa,Sioux,Commercial Table Egg Layer,1600000
2024-12-11,Nebraska,Dodge,WOAH Non-Poultry,0
2024-12-11,Oklahoma,Adair,WOAH Poultry,0
2024-12-11,South Dakota,Brule,Commercial Turkey Meat Bird,100000
2024-12-12,Arkansas,Craighead,WOAH Non-Poultry,0
2024-12-12,Arkansas,Pope,WOAH Non-Poultry,0
2024-12-12,Iowa,Sac,Commercial Turkey Meat Bird,0
2024-12-12,South Dakota,Kingsbury,Commercial Turkey Meat Bird,0
2024-12-13,California,Tulare,Commercial Broiler Production,500000
2024-12-13,Illinois,Livingston,Commercial Turkey Breeder Hens,0
2024-12-13,Wisconsin,Barron,Commercial Turkey Breeder Hens,0
2024-12-14,California,Merced,Commercial Duck Meat Bird,100000
2024-12-14,California,Monterey,Commercial Duck Breeder,0
2024-12-14,California,Tulare,Commercial Duck Meat Bird,0
2024-12-14,Louisiana,Bossier,WOAH Non-Poultry,0
2024-12-16,California,Merced,Commercial Turkey Meat Bird,100000
2024-12-16,California,Merced,Commercial Table Egg Pullets,400000
2024-12-16,Nebraska,Sarpy,WOAH Non-Poultry,0
2024-12-17,California,Stanislaus,Commercial Turkey Meat Bird,0
2024-12-17,Idaho,Lemhi,WOAH Non-Poultry,0
2024-12-17,Idaho,Lemhi,WOAH Non-Poultry,0
2024-12-17,Iowa,Monona,WOAH Non-Poultry,0
2024-12-17,Iowa,O'brien,Commercial Table Egg Layer,400000
2024-12-17,Iowa,Sioux,Commercial Table Egg Layer,400000
2024-12-17,Iowa,Worth,Commercial Turkey Meat Bird,0
2024-12-17,Nebraska,Lancaster,WOAH Poultry,0
2024-12-17,South Dakota,Bon Homme,Commercial Turkey Meat Bird,0
2024-12-17,South Dakota,Charles Mix,WOAH Poultry,0
2024-12-17,South Dakota,Charles Mix,Commercial Turkey Meat Bird,100000
2024-12-18,Kansas,Doniphan,Commercial Raised for Release Upland Game Bird,0
2024-12-18,Kansas,Rooks,Commercial Raised for Release Upland Game Bird,0
2024-12-18,Louisiana,Jefferson Davis Pari,WOAH Non-Poultry,0
2024-12-18,Missouri,Howard,WOAH Non-Poultry,0
2024-12-18,North Dakota,Nelson,WOAH Non-Poultry,0
2024-12-19,Alabama,Cullman,Commercial Broiler Production,100000
2024-12-19,Alabama,Pickens,WOAH Non-Poultry,0
2024-12-19,Arkansas,Jackson,WOAH Non-Poultry,0
2024-12-19,California,Stanislaus,Commercial Table Egg Layer,300000
2024-12-19,Minnesota,Fillmore,Commercial Turkey Meat Bird,0
2024-12-19,Minnesota,Stearns,Commercial Turkey Meat Bird,0
2024-12-19,Ohio,Greene,WOAH Poultry,0
2024-12-19,Oregon,Coos,WOAH Non-Poultry,0
2024-12-19,Oregon,Deschutes,WOAH Non-Poultry,0
2024-12-19,Wisconsin,Kenosha,WOAH Poultry,0
2024-12-20,Arkansas,Craighead,WOAH Non-Poultry,0
2024-12-20,Kansas,Sedgwick,WOAH Non-Poultry,0
2024-12-20,Minnesota,Chippewa,Commercial Turkey Meat Bird,100000
2024-12-20,Minnesota,Houston,WOAH Non-Poultry,0
2024-12-20,Mississippi,Greene,Commercial Broiler Breeder,0
2024-12-20,Missouri,Cooper,Commercial Turkey Breeder Hens,0
2024-12-23,California,El Dorado,WOAH Non-Poultry,0
2024-12-23,Illinois,Lawrence,Commercial Turkey Meat Bird,0
2024-12-23,Michigan,Ottawa,Commercial Turkey Meat Bird,100000
2024-12-24,California,Riverside,Commercial Table Egg Layer,1100000
2024-12-24,California,San Joaquin,Commercial Table Egg Layer,600000
2024-12-24,California,Stanislaus,Commercial Table Egg Layer,400000
2024-12-24,Missouri,Cass,WOAH Non-Poultry,0
2024-12-24,Missouri,Dade,WOAH Non-Poultry,0
2024-12-24,Oklahoma,Adair,Commercial Turkey Meat Bird,0
2024-12-24,Oklahoma,Adair,Commercial Turkey Meat Bird,100000
2024-12-24,Vermont,Franklin,WOAH Non-Poultry,0
2024-12-26,Kansas,Phillips,WOAH Non-Poultry,0
2024-12-27,California,Sacramento,Commercial Broiler Production,200000
2024-12-27,California,Stanislaus,Commercial Broiler Production,100000
2024-12-27,Kansas,Anderson,WOAH Non-Poultry,0
2024-12-27,Kansas,Coffey,WOAH Non-Poultry,0
2024-12-27,Michigan,Ottawa,Commercial Turkey Meat Bird,100000
2024-12-27,Missouri,Cooper,Commercial Turkey Breeder Hens,0
2024-12-27,Missouri,Pemiscot,WOAH Non-Poultry,0
2024-12-27,Ohio,Darke,Commercial Table Egg Layer,900000
2024-12-27,Wisconsin,Burnett,Commercial Turkey Meat Bird,0
2024-12-27,Wyoming,Sheridan,WOAH Non-Poultry,0
2024-12-30,Arkansas,Clay,Commercial Broiler Production,200000
2024-12-30,Idaho,Twin Falls,WOAH Non-Poultry,0
2024-12-30,Mississippi,Copiah,Commercial Broiler Production,200000
2024-12-30,Nebraska,Johnson,Commercial Broiler Production,200000
2024-12-30,Tennessee,Tipton,WOAH Non-Poultry,0
2024-12-31,California,Butte,WOAH Non-Poultry,0
2024-12-31,California,Riverside,Commercial Table Egg Layer,200000
2024-12-31,Michigan,Jackson,WOAH Non-Poultry,0
2024-12-31,Michigan,Ottawa,Commercial Turkey Meat Bird,0
2024-12-31,Michigan,Ottawa,Commercial Turkey Meat Bird,0
2024-12-31,South Carolina,Spartanburg,Commercial Upland Gamebird Producer,0
2024-12-31,South Dakota,Miner,WOAH Poultry,0
2025-01-02,California,Stanislaus,Commercial Table Egg Layer,100000
2025-01-03,Arkansas,Sharp,WOAH Non-Poultry,0
2025-01-03,California,Butte,Commercial Raised for Release Upland Game Bird,0
2025-01-03,California,Stanislaus,Commercial Broiler Production,200000
2025-01-03,Idaho,Canyon,WOAH Non-Poultry,0
2025-01-03,Idaho,Canyon,WOAH Non-Poultry,0
2025-01-03,Idaho,Canyon,WOAH Non-Poultry,0
2025-01-03,Idaho,Canyon,WOAH Non-Poultry,0
2025-01-03,West Virginia,Pocahontas,WOAH Poultry,0
2025-01-04,Delaware,Kent,Commercial Broiler Production,100000
2025-01-04,Michigan,Ottawa,Commercial Turkey Meat Bird,0
2025-01-04,Michigan,Ottawa,Commercial Turkey Meat Bird,100000
2025-01-06,Minnesota,Olmsted,WOAH Non-Poultry,0
2025-01-07,Florida,Palm Beach,WOAH Non-Poultry,0
2025-01-07,Indiana,Jay,Commercial Turkey Meat Bird,0
2025-01-07,Iowa,Clinton,WOAH Non-Poultry,0
2025-01-07,North Carolina,Hyde,Commercial Table Egg Layer,3300000
2025-01-07,South Dakota,Hanson,WOAH Non-Poultry,0
2025-01-08,Missouri,Perry,WOAH Non-Poultry,0
2025-01-08,Ohio,Darke,Commercial Table Egg Layer,200000
2025-01-09,Delaware,Kent,Commercial Broiler Production,200000
2025-01-09,Georgia,Clayton,WOAH Non-Poultry,0
2025-01-09,Idaho,Canyon,WOAH Non-Poultry,0
2025-01-09,Michigan,Oakland,WOAH Non-Poultry,0
2025-01-09,Ohio,Darke,Commercial Turkey Meat Bird,0
2025-01-09,Oregon,Union,WOAH Poultry,0
2025-01-09,Texas,Brazoria,WOAH Non-Poultry,0
2025-01-09,Texas,Burnet,WOAH Non-Poultry,0
2025-01-10,South Dakota,Gregory,WOAH Non-Poultry,0
2025-01-13,Kansas,Phillips,WOAH Non-Poultry,0
2025-01-13,Puerto Rico,Culebra,WOAH Poultry,0
2025-01-14,Florida,Hillsborough,Live Bird Market,0
2025-01-14,Florida,Orange,Live Bird Market,0
2025-01-14,Maryland,Caroline,Commercial Broiler Production,200000
2025-01-14,Missouri,Newton,Commercial Table Egg Layer,1600000
2025-01-14,Ohio,Darke,Commercial Turkey Meat Bird,0
2025-01-14,Ohio,Mercer,Commercial Turkey Meat Bird,0
2025-01-15,Connecticut,New London,WOAH Non-Poultry,0
2025-01-15,Idaho,Owyhee,WOAH Non-Poultry,0
2025-01-15,Ohio,Darke,Commercial Turkey Meat Bird,0
2025-01-15,Ohio,Darke,Commercial Turkey Meat Bird,0
2025-01-15,Ohio,Darke,Commercial Turkey Meat Bird,0
2025-01-15,Ohio,Mercer,Commercial Turkey Meat Bird,0
2025-01-16,California,Riverside,Commercial Table Egg Pullets,200000
2025-01-16,Indiana,Jay,Commercial Table Egg Layer,400000
2025-01-16,Maryland,Queen Anne's,Commercial Broiler Production,100000
2025-01-16,Michigan,Wayne,WOAH Non-Poultry,0
2025-01-16,Minnesota,Dakota,Commercial Turkey Meat Bird,100000
2025-01-16,Ohio,Mercer,Commercial Table Egg Layer,1400000
2025-01-16,Tennessee,Greene,WOAH Non-Poultry,0
2025-01-17,Georgia,Elbert,Commercial Broiler Breeder,0
2025-01-17,Indiana,Jay,Commercial Turkey Meat Bird,0
2025-01-17,New York,Suffolk,Commercial Duck Meat Bird,100000
2025-01-17,Ohio,Darke,Commercial Table Egg Pullets,200000
2025-01-17,Ohio,Darke,Commercial Table Egg Layer,100000
2025-01-21,Georgia,Elbert,Commercial Broiler Production,100000
2025-01-21,Maryland,Caroline,Commercial Broiler Production,100000
2025-01-21,Missouri,Newton,Commercial Table Egg Layer,1200000
2025-01-21,Oregon,Umatilla,WOAH Non-Poultry,0
2025-01-21,Virginia,Accomack,Commercial Broiler Production,400000
2025-01-22,Arkansas,Cleveland,Commercial Broiler Production,100000
2025-01-22,Illinois,Cook,WOAH Poultry,0
2025-01-22,Maryland,Dorchester,Commercial Broiler Production,100000
2025-01-22,Missouri,Jasper,Commercial Turkey Meat Bird,0
2025-01-22,Missouri,Lawrence,Commercial Turkey Meat Bird,100000
2025-01-22,Missouri,Newton,Commercial Turkey Meat Bird,0
2025-01-22,Missouri,Newton,Commercial Turkey Meat Bird,0
2025-01-23,California,Yolo,WOAH Non-Poultry,0
2025-01-23,New York,Putnam,WOAH Non-Poultry,0
2025-01-23,Ohio,Darke,Commercial Table Egg Pullets,300000
2025-01-23,Ohio,Mercer,Commercial Table Egg Layer,1500000
2025-01-23,Ohio,Mercer,Commercial Turkey Meat Bird,0
2025-01-23,Ohio,Mercer,Commercial Table Egg Layer,100000
2025-01-24,Arkansas,Cleveland,Commercial Broiler Breeder,0
2025-01-24,Connecticut,New Haven,WOAH Non-Poultry,0
2025-01-24,Florida,Orange,WOAH Non-Poultry,0
2025-01-24,Indiana,Allen,WOAH Poultry,0
2025-01-24,Massachusetts,Plymouth,WOAH Non-Poultry,0
2025-01-24,Minnesota,Wadena,Commercial Turkey Meat Bird,300000
2025-01-24,Missouri,Mcdonald,Primary Broiler Breeder Pedigree Farm,0
2025-01-24,Missouri,Newton,Commercial Table Egg Layer,1100000
2025-01-24,Ohio,Darke,Commercial Table Egg Layer,1800000
2025-01-24,Ohio,Darke,Commercial Turkey Meat Bird,0
2025-01-24,Ohio,Mercer,Commercial Turkey Meat Bird,0
2025-01-24,Ohio,Mercer,Commercial Turkey Meat Bird,0
2025-01-24,Ohio,Mercer,Commercial Turkey Meat Bird,0
2025-01-24,Ohio,Mercer,Commercial Turkey Meat Bird,0
2025-01-24,Rhode Island,Washington,WOAH Non-Poultry,0
2025-01-24,Vermont,Windsor,WOAH Non-Poultry,0
2025-01-24,Washington,Franklin,Commercial Table Egg Layer,300000
2025-01-27,Arizona,Pinal,Commercial Table Egg Layer,300000
2025-01-27,Indiana,Adams,Commercial Turkey Meat Bird,0
2025-01-27,Nebraska,Kearney,WOAH Non-Poultry,0
2025-01-27,New York,Ulster,WOAH Non-Poultry,0
2025-01-27,North Carolina,Sampson,Commercial Turkey Breeder Replacement Hens,0
2025-01-27,Ohio,Mercer,Commercial Duck Meat Bird,0
2025-01-27,Ohio,Mercer,Commercial Turkey Meat Bird,0
2025-01-27,Ohio,Mercer,Commercial Turkey Meat Bird,0
2025-01-27,Ohio,Mercer,Commercial Turkey Meat Bird,0
2025-01-28,Delaware,Kent,Commercial Broiler Production,100000
2025-01-28,Indiana,Jackson,Commercial Table Egg Layer,2600000
2025-01-28,Indiana,Shelby,WOAH Non-Poultry,0
2025-01-28,Missouri,Mcdonald,Commercial Broiler Breeder,0
2025-01-28,Missouri,Newton,Commercial Turkey Meat Bird,0
2025-01-28,North Carolina,Sampson,Commercial Turkey Breeder Hens,0
2025-01-28,Pennsylvania,Lehigh,WOAH Poultry,0
2025-01-29,California,Madera,Commercial Duck Meat Bird,0
2025-01-29,California,Merced,Commercial Duck Meat Bird,100000
2025-01-29,California,San Mateo,WOAH Non-Poultry,0
2025-01-29,Missouri,Newton,Commercial Turkey Meat Bird,0
2025-01-29,Ohio,Darke,Commercial Turkey Meat Bird,0
2025-01-29,Ohio,Darke,Commercial Table Egg Layer,1400000
2025-01-29,Ohio,Mercer,Commercial Turkey Meat Bird,0
2025-01-29,Ohio,Mercer,Commercial Turkey Meat Bird,0
2025-01-30,Florida,Broward,WOAH Non-Poultry,0
2025-01-30,Idaho,Jerome,WOAH Non-Poultry,0
2025-01-30,Missouri,Mcdonald,Commercial Turkey Meat Bird,0
2025-01-30,Nebraska,Nance,WOAH Non-Poultry,0
2025-01-30,Ohio,Darke,Commercial Table Egg Layer,200000
2025-01-30,Ohio,Mercer,Commercial Turkey Meat Bird,0
2025-01-30,Ohio,Mercer,Commercial Table Egg Layer,400000
2025-01-30,Ohio,Mercer,Commercial Turkey Meat Bird,0
2025-01-30,Ohio,Mercer,Commercial Turkey Meat Bird,0
2025-01-30,Ohio,Mercer,Commercial Turkey Meat Bird,0
2025-01-30,Ohio,Van Wert,Commercial Turkey Meat Bird,0
2025-01-30,Pennsylvania,Monroe,WOAH Non-Poultry,0
2025-01-31,Maryland,Montgomery,WOAH Non-Poultry,0
2025-01-31,Missouri,Barry,Commercial Turkey Meat Bird,0
2025-01-31,Missouri,Mcdonald,Commercial Broiler Production,100000
2025-01-31,Ohio,Darke,Commercial Turkey Meat Bird,0
2025-01-31,Ohio,Mercer,Commercial Turkey Meat Bird,0
2025-01-31,Ohio,Mercer,Commercial Table Egg Layer,700000
2025-01-31,Virginia,Virginia Beach City,WOAH Non-Poultry,0
2025-02-02,Iowa,O'brien,Commercial Table Egg Layer,200000
2025-02-03,California,San Joaquin,Commercial Turkey Meat Bird,0
2025-02-03,Oregon,Klamath,WOAH Non-Poultry,0
2025-02-04,Kansas,Harvey,WOAH Non-Poultry,0
2025-02-04,Maryland,Worcester,Commercial Broiler Production,200000
2025-02-04,Michigan,Alpena,WOAH Non-Poultry,0
2025-02-04,Missouri,Jasper,Commercial Turkey Meat Bird,0
2025-02-04,Missouri,Lawrence,Commercial Turkey Breeder Replacement Hens,0
2025-02-04,Missouri,Newton,Commercial Turkey Meat Bird,0
2025-02-04,New York,Bronx,Live Bird Market,0
2025-02-04,New York,Queens,Live Bird Market,0
2025-02-04,Ohio,Darke,Commercial Turkey Meat Bird,0
2025-02-04,Ohio,Mercer,Commercial Table Egg Layer,100000
2025-02-04,Ohio,Mercer,Commercial Turkey Meat Bird,0
2025-02-04,Ohio,Mercer,Commercial Turkey Meat Bird,0
2025-02-04,Ohio,Mercer,Commercial Turkey Meat Bird,0
2025-02-04,Ohio,Mercer,Commercial Table Egg Pullets,100000
2025-02-04,Pennsylvania,Adams,WOAH Non-Poultry,0
2025-02-04,Pennsylvania,Dauphin,Commercial Table Egg Layer,2000000
2025-02-05,Arizona,Pinal,WOAH Non-Poultry,0
2025-02-05,California,Stanislaus,Commercial Turkey Meat Bird,0
2025-02-05,Colorado,Larimer,WOAH Non-Poultry,0
2025-02-05,New York,Kings,Live Bird Market,0
2025-02-05,New York,Queens,Live Bird Market,0
2025-02-05,Ohio,Auglaize,Commercial Turkey Meat Bird,0
2025-02-05,Ohio,Mercer,Commercial Turkey Meat Bird,0
2025-02-05,Ohio,Mercer,Commercial Table Egg Layer,200000
2025-02-05,Pennsylvania,Cumberland,Commercial Broiler Production,0
2025-02-06,Connecticut,New London,WOAH Non-Poultry,0
2025-02-06,Missouri,Lawrence,Commercial Turkey Meat Bird,0
2025-02-06,Missouri,Newton,Commercial Broiler Production,0
2025-02-06,New York,Bronx,Live Bird Market,0
2025-02-06,New York,Queens,Live Bird Market,0
2025-02-06,Ohio,Darke,Commercial Table Egg Layer,500000
2025-02-06,Ohio,Mercer,Commercial Turkey Meat Bird,0
2025-02-06,Ohio,Mercer,Commercial Turkey Meat Bird,0
2025-02-06,Ohio,Mercer,Commercial Table Egg Layer,200000
2025-02-06,Pennsylvania,Lancaster,WOAH Poultry,0
2025-02-06,Pennsylvania,Lancaster,Commercial Duck Meat Bird,0
2025-02-06,Pennsylvania,Lebanon,Commercial Table Egg Layer,100000
2025-02-07,Louisiana,Calcasieu,WOAH Non-Poultry,0
2025-02-07,Ohio,Mercer,Commercial Table Egg Layer,100000
2025-02-07,Ohio,Mercer,Commercial Turkey Meat Bird,0
2025-02-07,Ohio,Mercer,Commercial Table Egg Layer,400000
2025-02-07,Pennsylvania,Lancaster,WOAH Poultry,0
2025-02-07,Pennsylvania,Lebanon,Commercial Broiler Production,100000
2025-02-10,Missouri,Lawrence,Commercial Turkey Breeder Hens,0
2025-02-10,Ohio,Mercer,Commercial Turkey Meat Bird,0
2025-02-10,Washington,Mason,WOAH Non-Poultry,0
2025-02-11,Indiana,Jay,Commercial Table Egg Layer,900000
2025-02-11,New York,Madison,WOAH Non-Poultry,0
2025-02-11,Ohio,Mercer,Commercial Table Egg Pullets,0
2025-02-11,Pennsylvania,Cumberland,Commercial Duck Meat Bird,0
2025-02-11,Pennsylvania,Lancaster,Commercial Broiler Production,100000
2025-02-11,South Dakota,Yankton,WOAH Non-Poultry,0
2025-02-12,California,Merced,Commercial Broiler Production,300000
2025-02-12,Colorado,Weld,WOAH Poultry,0
2025-02-12,Colorado,Weld,WOAH Non-Poultry,0
2025-02-12,Minnesota,Crow Wing,WOAH Non-Poultry,0
2025-02-12,Missouri,Lawrence,Commercial Turkey Breeder Hens,0
2025-02-12,Ohio,Mercer,Commercial Table Egg Layer,100000
2025-02-12,Pennsylvania,Lancaster,WOAH Poultry,0
2025-02-12,Wyoming,Platte,WOAH Non-Poultry,0
2025-02-13,California,Riverside,WOAH Poultry,0
2025-02-13,Delaware,Sussex,WOAH Non-Poultry,0
2025-02-13,Michigan,Monroe,WOAH Non-Poultry,0
2025-02-13,Ohio,Auglaize,Commercial Table Egg Layer,200000
2025-02-13,Ohio,Mercer,Commercial Table Egg Layer,100000
2025-02-14,Indiana,Jay,Commercial Table Egg Layer,1200000
2025-02-14,Indiana,Jay,Commercial Table Egg Layer,1500000
2025-02-14,Indiana,Randolph,WOAH Non-Poultry,0
2025-02-14,Indiana,Washington,Commercial Turkey Meat Bird,0
2025-02-14,Iowa,Buena Vista,Commercial Turkey Meat Bird,0
2025-02-14,Nebraska,Saunders,WOAH Non-Poultry,0
2025-02-14,Ohio,Darke,Commercial Turkey Meat Bird,0
2025-02-14,Ohio,Mercer,Commercial Turkey Meat Bird,0
2025-02-18,Nevada,Churchill,WOAH Non-Poultry,0
2025-02-18,Ohio,Darke,Commercial Table Egg Layer,200000
2025-02-18,Ohio,Mercer,Commercial Turkey Meat Bird,0
2025-02-18,Ohio,Stark,WOAH Non-Poultry,0
2025-02-19,Arizona,Graham,WOAH Non-Poultry,0
2025-02-20,Iowa,Sac,Commercial Turkey Meat Bird,0
2025-02-20,Maine,Cumberland,WOAH Non-Poultry,0
2025-02-20,Pennsylvania,Butler,WOAH Non-Poultry,0
2025-02-20,Pennsylvania,Luzerne,WOAH Non-Poultry,0
2025-02-21,Florida,Broward,WOAH Non-Poultry,0
2025-02-21,Indiana,Elkhart,Commercial Duck Meat Bird,0
2025-02-21,Indiana,Washington,Commercial Turkey Meat Bird,0
2025-02-21,New York,Delaware,WOAH Non-Poultry,0
2025-02-21,Ohio,Darke,Commercial Table Egg Layer,3100000
2025-02-21,Ohio,Mercer,Commercial Table Egg Layer,100000
2025-02-21,Ohio,Mercer,WOAH Poultry,100000
2025-02-22,New Jersey,Union,Live Bird Market,0
2025-02-24,Pennsylvania,Philadelphia,Live Bird Market,0
2025-02-25,Indiana,Elkhart,Commercial Duck Breeder,0
2025-02-25,Indiana,Jasper,WOAH Non-Poultry,0
2025-02-25,Indiana,Jay,Commercial Turkey Meat Bird,0
2025-02-25,Indiana,Jay,Commercial Turkey Meat Bird,0
2025-02-25,Indiana,Lagrange,Commercial Duck Breeder,0
2025-02-25,Indiana,Union,WOAH Non-Poultry,0
2025-02-25,Michigan,Monroe,WOAH Non-Poultry,0
2025-02-25,Ohio,Mercer,Commercial Table Egg Layer,100000
2025-02-26,Maine,Cumberland,WOAH Non-Poultry,0
2025-02-26,Massachusetts,Dukes,WOAH Non-Poultry,0
2025-02-26,New York,Westchester,WOAH Non-Poultry,0
2025-02-27,Florida,Collier,WOAH Non-Poultry,0
2025-02-27,Florida,Miami-dade,WOAH Poultry,0
2025-02-28,New Mexico,Bernalillo,WOAH Non-Poultry,0
2025-02-28,New York,Suffolk,WOAH Non-Poultry,0
2025-02-28,North Carolina,Dare,WOAH Non-Poultry,0
2025-02-28,Ohio,Portage,WOAH Non-Poultry,0
2025-02-28,Wyoming,Hot Springs,WOAH Non-Poultry,0
2025-03-03,New York,Queens,Live Bird Market,0
2025-03-03,New York,Queens,Live Bird Market,0
2025-03-04,Illinois,Will,WOAH Non-Poultry,0
2025-03-04,Indiana,Jay,Commercial Table Egg Layer,200000
2025-03-04,Oregon,Multnomah,WOAH Non-Poultry,0
2025-03-06,Michigan,Monroe,WOAH Non-Poultry,0
2025-03-06,New York,Kings,Live Bird Market,0
2025-03-06,Ohio,Mercer,Commercial Turkey Meat Bird,0
2025-03-06,Ohio,Mercer,Commercial Turkey Meat Bird,0
2025-03-07,Indiana,Adams,Commercial Duck Breeder,0
2025-03-07,Kansas,Russell,WOAH Non-Poultry,0
2025-03-07,New York,Bronx,Live Bird Market,0
2025-03-07,New York,Richmond,Live Bird Market,0
2025-03-07,Pennsylvania,Lancaster,WOAH Poultry,0
2025-03-10,Colorado,Weld,WOAH Non-Poultry,0
2025-03-10,Indiana,Montgomery,WOAH Non-Poultry,0
2025-03-10,New York,Kings,Live Bird Market,0
2025-03-10,New York,Queens,Live Bird Market,0
2025-03-11,Iowa,Dallas,WOAH Non-Poultry,0
2025-03-11,Nebraska,Dawson,WOAH Non-Poultry,0
2025-03-11,New York,Rensselaer,WOAH Non-Poultry,0
2025-03-12,Mississippi,Noxubee,Commercial Broiler Breeder,0
2025-03-12,New Jersey,Hudson,Live Bird Market,0
2025-03-12,New Jersey,Hudson,Live Bird Market,0
2025-03-12,New Jersey,Mercer,Live Bird Market,0
2025-03-12,Oklahoma,Grady,WOAH Non-Poultry,0
2025-03-12,Pennsylvania,Philadelphia,Live Bird Market,0
2025-03-13,Illinois,Lawrence,Commercial Turkey Meat Bird,0
2025-03-13,Maryland,Anne Arundel,WOAH Non-Poultry,0
2025-03-13,New Jersey,Salem,WOAH Non-Poultry,0
2025-03-13,Pennsylvania,Lehigh,Live Bird Market,0
2025-03-17,Iowa,Buena Vista,Commercial Table Egg Pullets,400000
2025-03-17,Oklahoma,Woodward,WOAH Non-Poultry,0
2025-03-18,Indiana,Adams,Commercial Duck Breeder,0
2025-03-18,Indiana,Jay,Commercial Table Egg Pullets,1300000
2025-03-18,Kansas,Butler,WOAH Non-Poultry,0
2025-03-19,Illinois,Bond,WOAH Non-Poultry,0
2025-03-19,Montana,Gallatin,WOAH Non-Poultry,0
2025-03-20,Illinois,Crawford,Commercial Turkey Meat Bird,0
2025-03-20,Kansas,Reno,WOAH Non-Poultry,0
2025-03-20,New Jersey,Atlantic,WOAH Poultry,0
2025-03-20,New Mexico,Valencia,WOAH Non-Poultry,0
2025-03-20,New York,Onondaga,Live Bird Market,0
2025-03-21,Missouri,Cass,WOAH Non-Poultry,0
2025-03-21,New York,Dutchess,WOAH Non-Poultry,0
2025-03-21,Pennsylvania,Franklin,Commercial Turkey Meat Bird,0
2025-03-24,Michigan,Ingham,WOAH Non-Poultry,0
2025-03-25,Florida,Miami-dade,WOAH Non-Poultry,0
2025-03-26,New York,Queens,Live Bird Market,0
2025-03-27,New York,Queens,Live Bird Market,0
2025-03-27,Pennsylvania,Lancaster,WOAH Poultry,0
2025-03-28,Indiana,Kosciusko,Commercial Table Egg Pullets,0
2025-03-28,Maryland,Montgomery,WOAH Non-Poultry,0
2025-04-01,New York,Delaware,WOAH Non-Poultry,0
2025-04-02,New York,Queens,Live Bird Market,0
2025-04-04,Colorado,Larimer,WOAH Non-Poultry,0
2025-04-07,New Mexico,Curry,WOAH Poultry,0
2025-04-07,New York,Queens,Live Bird Market,0
2025-04-07,Wisconsin,Sheboygan,WOAH Poultry,0
2025-04-08,New York,Queens,Live Bird Market,0
2025-04-08,South Dakota,Beadle,Commercial Turkey Meat Bird,0
2025-04-09,New Mexico,Roosevelt,WOAH Non-Poultry,0
2025-04-11,Iowa,Hardin,WOAH Non-Poultry,0
2025-04-11,New York,Jefferson,WOAH Non-Poultry,0
2025-04-11,New York,Queens,Live Bird Market,0
2025-04-14,New York,Queens,Live Bird Market,0
2025-04-14,Ohio,Darke,Commercial Table Egg Layer,300000
2025-04-18,New York,Queens,Live Bird Market,0
2025-04-23,Minnesota,Stearns,WOAH Non-Poultry,0
2025-04-24,New York,Queens,Live Bird Market,0
2025-04-24,North Dakota,Stutsman,WOAH Poultry,0
2025-04-30,South Dakota,Aurora,Commercial Table Egg Layer,600000
2025-05-02,Illinois,Douglas,WOAH Poultry,0
2025-05-02,Indiana,Porter,WOAH Non-Poultry,0
2025-05-05,North Dakota,Kidder,WOAH Poultry,0
2025-05-08,Florida,Miami-dade,Live Bird Market,0
2025-05-09,Maryland,Anne Arundel,WOAH Non-Poultry,0
2025-05-12,New Jersey,Essex,Live Bird Market,0
2025-05-13,South Dakota,Hutchinson,Commercial Turkey Meat Bird,0
2025-05-19,Arizona,Maricopa,Commercial Table Egg Layer,2300000
2025-05-19,Pennsylvania,Northampton,WOAH Non-Poultry,0
2025-05-27,Arizona,Maricopa,Commercial Table Egg Layer,1600000
2025-05-27,New Jersey,Essex,Live Bird Market,0
2025-05-30,Arizona,Maricopa,Commercial Table Egg Layer,1400000
2025-06-05,Arizona,Maricopa,Commercial Table Egg Pullets,300000
2025-06-10,Arizona,Maricopa,WOAH Non-Poultry,0
2025-06-11,Idaho,Lincoln,WOAH Non-Poultry,0
2025-07-02,Pennsylvania,Lancaster,Commercial Raised for Release Upland Game Bird,0
2025-08-15,California,Los Angeles,Live Bird Sales  (non-slaughter),0
2025-08-27,New York,St. Lawrence,WOAH Non-Poultry,0
2025-08-28,South Dakota,Faulk,Commercial Turkey Meat Bird,100000
2025-09-02,South Dakota,Beadle,Commercial Turkey Meat Bird,100000
2025-09-03,Georgia,Henry,WOAH Non-Poultry,0
2025-09-04,North Dakota,Dickey,Commercial Turkey Meat Bird,100000
2025-09-04,South Dakota,Mcpherson,Commercial Turkey Breeder Hens,0
2025-09-09,North Dakota,Dickey,WOAH Non-Poultry,0
2025-09-09,South Dakota,Beadle,Commercial Turkey Meat Bird,0
2025-09-10,North Dakota,Lamoure,Commercial Turkey Meat Bird,0
2025-09-10,South Dakota,Beadle,Commercial Turkey Meat Bird,100000
2025-09-11,Maryland,Anne Arundel,WOAH Non-Poultry,0
2025-09-11,Montana,Liberty,WOAH Poultry,0
2025-09-11,South Dakota,Jerauld,Commercial Turkey Meat Bird,0
2025-09-11,South Dakota,Spink,WOAH Poultry,0
2025-09-13,South Dakota,Mcpherson,Commercial Turkey Meat Bird,100000
2025-09-16,Minnesota,Redwood,Commercial Turkey Meat Bird,0
2025-09-16,South Dakota,Beadle,Commercial Turkey Meat Bird,100000
2025-09-19,Michigan,Allegan,WOAH Non-Poultry,0
2025-09-22,Minnesota,Blue Earth,Commercial Turkey Meat Bird,0
2025-09-22,Minnesota,Redwood,Commercial Turkey Meat Bird,0
2025-09-23,Minnesota,Stearns,Commercial Turkey Meat Bird,0
2025-09-24,South Dakota,Hamlin,Commercial Turkey Meat Bird,100000
2025-09-25,Minnesota,Blue Earth,Commercial Turkey Meat Bird,0
2025-09-25,Wisconsin,Jefferson,Commercial Table Egg Layer,3100000
2025-09-26,Minnesota,Le Sueur,Commercial Turkey Meat Bird,0
2025-09-26,South Dakota,Mcpherson,Commercial Turkey Meat Bird,0
2025-09-29,Utah,Sanpete,Commercial Turkey Meat Bird,0
2025-09-30,Minnesota,Becker,Commercial Breeder Operation,0
2025-09-30,Minnesota,Otter Tail,Commercial Breeder Operation,0
2025-09-30,Montana,Broadwater,WOAH Non-Poultry,0
2025-09-30,North Carolina,Guilford,WOAH Non-Poultry,0
2025-10-01,Utah,Sanpete,Commercial Turkey Meat Bird,0
2025-10-01,Virginia,Goochland,WOAH Non-Poultry,0
2025-10-02,Iowa,Calhoun,Commercial Turkey Meat Bird,0
2025-10-02,Wisconsin,Jefferson,Commercial Table Egg Pullets,500000
2025-10-06,Idaho,Latah,WOAH Poultry,0
2025-10-06,Oregon,Wallowa,WOAH Non-Poultry,0
2025-10-07,Arkansas,Mississippi,WOAH Non-Poultry,0
2025-10-07,Michigan,Ottawa,Commercial Turkey Meat Bird,0
2025-10-07,Minnesota,Kandiyohi,Commercial Turkey Meat Bird,0
2025-10-07,Montana,Beaverhead,WOAH Non-Poultry,0
2025-10-07,Montana,Park,WOAH Non-Poultry,0
2025-10-08,Minnesota,Becker,Commercial Turkey Meat Bird,0
2025-10-08,Minnesota,Becker,Commercial Turkey Meat Bird,100000
2025-10-08,Montana,Cascade,WOAH Non-Poultry,0
2025-10-08,Utah,Sanpete,Commercial Turkey Meat Bird,0
2025-10-08,Utah,Sanpete,Commercial Turkey Meat Bird,0
2025-10-09,Minnesota,Kandiyohi,Commercial Turkey Meat Bird,0
2025-10-09,Minnesota,Kandiyohi,Commercial Turkey Meat Bird,0
2025-10-09,Minnesota,Todd,WOAH Non-Poultry,0
2025-10-09,North Carolina,Union,WOAH Non-Poultry,0
2025-10-09,Oregon,Deschutes,WOAH Non-Poultry,0
2025-10-09,Oregon,Wallowa,WOAH Non-Poultry,0
2025-10-09,Oregon,Wallowa,WOAH Non-Poultry,0
2025-10-09,Washington,Grant,Commercial Table Egg Layer,2000000
2025-10-10,Idaho,Gem,WOAH Non-Poultry,0
2025-10-10,Idaho,Madison,WOAH Non-Poultry,0
2025-10-10,Wisconsin,Racine,WOAH Non-Poultry,0
2025-10-14,Indiana,Elkhart,Commercial Duck Meat Bird,0
2025-10-14,Indiana,Lagrange,Commercial Duck Breeder,0
2025-10-14,Minnesota,Kandiyohi,Commercial Turkey Breeder Hens,0
2025-10-14,Minnesota,Meeker,Commercial Turkey Meat Bird,100000
2025-10-14,Minnesota,Stearns,Commercial Turkey Meat Bird,100000
2025-10-14,Oregon,Malheur,WOAH Non-Poultry,0
2025-10-14,Pennsylvania,Lancaster,WOAH Poultry,0
2025-10-15,North Carolina,Rutherford,WOAH Non-Poultry,0
2025-10-16,Indiana,Elkhart,Commercial Duck Meat Bird,0
2025-10-16,Indiana,Lagrange,Commercial Duck Breeder,0
2025-10-16,Indiana,Lagrange,Commercial Duck Breeder,0
2025-10-16,Minnesota,Otter Tail,Commercial Turkey Meat Bird,0
2025-10-16,Ohio,Auglaize,WOAH Non-Poultry,0
2025-10-20,Idaho,Canyon,WOAH Non-Poultry,0
2025-10-20,Idaho,Payette,WOAH Poultry,0
2025-10-20,Minnesota,Swift,Commercial Breeder Operation,0
2025-10-20,Pennsylvania,Lancaster,WOAH Poultry,0
2025-10-20,Pennsylvania,Lancaster,WOAH Poultry,0
2025-10-21,Indiana,Lagrange,WOAH Poultry,0
2025-10-21,Minnesota,Washington,WOAH Non-Poultry,0
2025-10-21,Montana,Cascade,WOAH Non-Poultry,0
2025-10-21,Montana,Yellowstone,WOAH Non-Poultry,0
2025-10-21,South Dakota,Spink,Commercial Turkey Meat Bird,0
2025-10-21,Wyoming,Weston,WOAH Non-Poultry,0
2025-10-22,Minnesota,Meeker,Commercial Turkey Meat Bird,100000
2025-10-22,Minnesota,Otter Tail,Commercial Turkey Meat Bird,0
2025-10-22,Pennsylvania,Lancaster,WOAH Poultry,0
2025-10-23,Michigan,Ottawa,WOAH Non-Poultry,0
2025-10-23,Pennsylvania,Lancaster,WOAH Poultry,0
2025-10-24,Georgia,Gordon,Commercial Broiler Production,100000
2025-10-24,Montana,Valley,WOAH Non-Poultry,0
2025-10-24,Pennsylvania,Lancaster,WOAH Poultry,0
2025-10-27,California,Sonoma,Commercial Duck Breeder,100000
2025-10-28,California,Sonoma,Commercial Table Egg Layer,200000
2025-10-28,South Dakota,Spink,Commercial Turkey Meat Bird,100000
2025-10-29,Illinois,Vermilion,WOAH Non-Poultry,0
2025-10-29,Indiana,Lagrange,WOAH Poultry,0
2025-10-29,Indiana,Lagrange,WOAH Poultry,0
2025-10-29,Minnesota,Clay,WOAH Non-Poultry,0
2025-10-31,Michigan,Ottawa,Commercial Turkey Meat Bird,100000
2025-11-03,Indiana,Elkhart,Commercial Duck Breeder,0
2025-11-03,North Dakota,Lamoure,Commercial Turkey Meat Bird,0
2025-11-03,South Dakota,Mcpherson,Commercial Turkey Meat Bird,100000
2025-11-04,Indiana,Elkhart,Commercial Duck Breeder,0
2025-11-04,Michigan,Ottawa,Commercial Turkey Meat Bird,100000
2025-11-05,California,Sonoma,WOAH Poultry,100000
2025-11-05,Illinois,Madison,WOAH Non-Poultry,0
2025-11-05,Indiana,Lagrange,WOAH Poultry,0
2025-11-05,Indiana,Lagrange,WOAH Poultry,0
2025-11-05,Indiana,Lagrange,Commercial Duck Meat Bird,0
2025-11-06,Indiana,Elkhart,Commercial Duck Meat Bird,0
2025-11-06,Indiana,Johnson,WOAH Non-Poultry,0
2025-11-06,Indiana,Lagrange,Commercial Duck Meat Bird,0
2025-11-06,Michigan,Ottawa,Commercial Turkey Meat Bird,100000
2025-11-06,Washington,Snohomish,WOAH Poultry,0
2025-11-07,Indiana,Lagrange,Commercial Duck Meat Bird,0
2025-11-07,Indiana,Lagrange,Commercial Duck Meat Bird,0
2025-11-07,Indiana,Lagrange,WOAH Poultry,0
2025-11-07,Oregon,Linn,WOAH Non-Poultry,0
2025-11-07,Virginia,Bedford,WOAH Non-Poultry,0
2025-11-10,California,El Dorado,WOAH Non-Poultry,0
2025-11-10,Delaware,Kent,WOAH Non-Poultry,0
2025-11-10,Michigan,Allegan,Commercial Turkey Meat Bird,0
2025-11-10,Oregon,Deschutes,WOAH Non-Poultry,0
2025-11-12,Indiana,Lagrange,Commercial Duck Meat Bird,0
2025-11-12,Indiana,Lagrange,Commercial Duck Breeder,0
2025-11-12,Indiana,Lagrange,Commercial Duck Breeder,0
2025-11-12,Indiana,Lagrange,Commercial Duck Breeder,0
2025-11-12,Indiana,Lagrange,Commercial Duck Breeder,0
2025-11-12,Indiana,Lagrange,WOAH Poultry,0
2025-11-12,Indiana,Lagrange,WOAH Poultry,0
2025-11-12,Indiana,Lagrange,Commercial Duck Meat Bird,0
2025-11-12,Indiana,Lagrange,Commercial Duck Meat Bird,0
2025-11-12,Indiana,Lagrange,Commercial Duck Meat Bird,0
2025-11-12,Michigan,Monroe,WOAH Non-Poultry,0
2025-11-12,Michigan,Ottawa,Commercial Turkey Meat Bird,0
2025-11-12,Michigan,Ottawa,Commercial Turkey Meat Bird,100000
2025-11-12,Michigan,Ottawa,Commercial Turkey Meat Bird,0
2025-11-12,Michigan,St. Clair,WOAH Non-Poultry,0
2025-11-12,Minnesota,Mcleod,WOAH Non-Poultry,0
2025-11-12,Texas,Harris,WOAH Non-Poultry,0
2025-11-13,Indiana,Elkhart,Commercial Duck Meat Bird,0
2025-11-13,Indiana,Lagrange,Commercial Duck Meat Bird,0
2025-11-13,Indiana,Lagrange,WOAH Poultry,0
2025-11-13,Indiana,Lagrange,WOAH Poultry,0
2025-11-13,Indiana,Lagrange,WOAH Poultry,0
2025-11-13,New Hampshire,Rockingham,WOAH Non-Poultry,0
2025-11-17,Indiana,Elkhart,WOAH Poultry,0
2025-11-17,Indiana,Lagrange,Commercial Duck Meat Bird,0
2025-11-17,Indiana,Lagrange,WOAH Poultry,0
2025-11-17,Indiana,Lagrange,WOAH Poultry,0
2025-11-17,Indiana,Lagrange,WOAH Poultry,0
2025-11-17,Indiana,Lagrange,WOAH Poultry,0
2025-11-17,Oklahoma,Grady,WOAH Non-Poultry,0
2025-11-17,Oklahoma,Mcclain,WOAH Non-Poultry,0
2025-11-17,Oregon,Washington,WOAH Non-Poultry,0
2025-11-17,Washington,Whatcom,WOAH Non-Poultry,0
2025-11-18,Indiana,Elkhart,Commercial Duck Breeder,0
2025-11-18,Indiana,Lagrange,WOAH Poultry,0
2025-11-18,Indiana,Lagrange,Commercial Duck Meat Bird,0
2025-11-18,Indiana,Lagrange,WOAH Poultry,0
2025-11-18,North Carolina,Wayne,Commercial Turkey Breeder Hens,0
2025-11-18,Ohio,Clermont,WOAH Non-Poultry,0
2025-11-18,Washington,Grays Harbor,WOAH Non-Poultry,0
2025-11-19,South Dakota,Edmunds,Commercial Turkey Meat Bird,0
2025-11-21,Indiana,Elkhart,Commercial Duck Meat Bird,0
2025-11-21,Indiana,Lagrange,Commercial Duck Breeder,0
2025-11-21,Indiana,Lagrange,Commercial Duck Meat Bird,0
2025-11-21,Indiana,Lagrange,Commercial Broiler Production,0
2025-11-21,Indiana,Lagrange,Commercial Broiler Production,0
2025-11-21,Indiana,Lagrange,Commercial Duck Meat Bird,0
2025-11-21,Indiana,Lagrange,Commercial Duck Breeder,0
2025-11-21,Indiana,Lagrange,WOAH Poultry,0
2025-11-21,Indiana,Lagrange,WOAH Poultry,0
2025-11-21,Indiana,Lagrange,WOAH Poultry,0
2025-11-21,Indiana,Lagrange,WOAH Poultry,0
2025-11-21,Michigan,Ontonagon,WOAH Non-Poultry,0
2025-11-21,Montana,Fergus,WOAH Non-Poultry,0
2025-11-21,Nebraska,Keith,WOAH Non-Poultry,0
2025-11-21,North Carolina,Wayne,Commercial Turkey Breeder Hens,0
2025-11-21,Washington,Jefferson,WOAH Non-Poultry,0
2025-11-21,Washington,Snohomish,WOAH Non-Poultry,0
2025-11-24,Arkansas,Prairie,WOAH Non-Poultry,0
2025-11-24,Indiana,Lagrange,WOAH Poultry,0
2025-11-24,Indiana,Lagrange,WOAH Poultry,0
2025-11-24,North Dakota,Mercer,WOAH Non-Poultry,0
2025-11-24,South Dakota,Edmunds,Commercial Turkey Breeder Hens,0
2025-11-24,Washington,San Juan,WOAH Non-Poultry,0
2025-11-26,North Carolina,Wayne,Commercial Turkey Breeder Hens,0
2025-11-26,North Carolina,Wayne,Commercial Turkey Breeder Hens,0
2025-11-28,Colorado,Morgan,WOAH Non-Poultry,0
2025-11-28,Indiana,Lagrange,WOAH Poultry,0
2025-11-28,Indiana,Lagrange,Commercial Duck Meat Bird,0
2025-11-28,Indiana,Lagrange,WOAH Poultry,0
2025-11-28,Indiana,Lagrange,WOAH Poultry,0
2025-11-28,Pennsylvania,Wyoming,WOAH Non-Poultry,0
2025-12-01,Maine,Penobscot,WOAH Non-Poultry,0
2025-12-03,Iowa,Hamilton,Commercial Turkey Meat Bird,0
2025-12-04,Illinois,St. Clair,WOAH Poultry,0
2025-12-04,North Carolina,Wayne,Commercial Turkey Breeder Replacement Hens,0
2025-12-04,North Dakota,Barnes,WOAH Non-Poultry,0
2025-12-04,Texas,Hays,WOAH Non-Poultry,0
2025-12-04,Wisconsin,Marquette,WOAH Non-Poultry,0
2025-12-05,Florida,Broward,WOAH Non-Poultry,0
2025-12-05,Indiana,Elkhart,Commercial Duck Meat Bird,0
2025-12-05,Indiana,Elkhart,Commercial Duck Meat Bird,0
2025-12-05,Indiana,Lagrange,WOAH Poultry,0
2025-12-05,Indiana,Lagrange,WOAH Poultry,0
2025-12-05,Indiana,Lagrange,Commercial Duck Breeder,0
2025-12-05,Indiana,Lagrange,Commercial Duck Meat Bird,0
2025-12-05,Indiana,Lagrange,Commercial Duck Meat Bird,0
2025-12-05,Indiana,Lagrange,WOAH Poultry,0
2025-12-05,Indiana,Lagrange,Commercial Duck Meat Bird,0
2025-12-05,Indiana,Lagrange,WOAH Poultry,0
2025-12-05,Indiana,Noble,Commercial Duck Meat Bird,0
2025-12-05,Nevada,Clark,WOAH Non-Poultry,0
2025-12-05,South Dakota,Kingsbury,Commercial Turkey Meat Bird,0
2025-12-05,Texas,Galveston,WOAH Non-Poultry,0
2025-12-05,Vermont,Orleans,WOAH Poultry,0
2025-12-05,Washington,Clark,WOAH Non-Poultry,0
2025-12-08,Indiana,Elkhart,Commercial Duck Meat Bird,0
2025-12-08,Indiana,Lagrange,Commercial Duck Meat Bird,0
2025-12-08,Indiana,Lagrange,WOAH Poultry,0
2025-12-08,Indiana,Noble,Commercial Duck Meat Bird,0
2025-12-08,North Dakota,Stutsman,WOAH Poultry,0
2025-12-08,South Carolina,York,WOAH Non-Poultry,0
2025-12-08,Washington,Jefferson,WOAH Non-Poultry,0
2025-12-08,West Virginia,Jackson,WOAH Non-Poultry,0
2025-12-08,Wyoming,Carbon,WOAH Non-Poultry,0
2025-12-09,Indiana,Elkhart,Commercial Duck Meat Bird,0
2025-12-09,Minnesota,Waseca,Commercial Turkey Meat Bird,0
2025-12-09,North Dakota,Richland,Commercial Turkey Meat Bird,0
2025-12-09,Washington,Island,WOAH Non-Poultry,0
2025-12-12,Kentucky,Jessamine,WOAH Poultry,0
2025-12-12,North Dakota,Sioux,WOAH Non-Poultry,0
2025-12-12,Oregon,Coos,WOAH Non-Poultry,0
2025-12-12,South Dakota,Marshall,WOAH Non-Poultry,0
2025-12-12,Washington,Lewis,WOAH Poultry,0
2025-12-15,Indiana,Lagrange,Commercial Duck Meat Bird,0
2025-12-15,Kansas,Smith,WOAH Poultry,0
2025-12-15,Minnesota,Nicollet,WOAH Non-Poultry,0
2025-12-15,New York,Queens,Live Bird Market,0
2025-12-15,Texas,Kaufman,WOAH Non-Poultry,0
2025-12-15,Texas,Shelby,Commercial Broiler Production,300000
2025-12-16,Washington,Pierce,WOAH Non-Poultry,0
2025-12-17,Indiana,Lagrange,Commercial Duck Meat Bird,0
2025-12-17,Oregon,Malheur,WOAH Non-Poultry,0
2025-12-18,California,Placer,WOAH Non-Poultry,0
2025-12-18,Illinois,Jefferson,WOAH Non-Poultry,0
2025-12-18,Indiana,Lagrange,WOAH Poultry,0
2025-12-18,Indiana,Ohio,WOAH Non-Poultry,0
2025-12-18,Nebraska,Howard,WOAH Non-Poultry,0
2025-12-18,South Dakota,Edmunds,Commercial Turkey Breeder Replacement Hens,0
2025-12-19,Arkansas,White,WOAH Non-Poultry,0
2025-12-23,Arkansas,Cleveland,Commercial Broiler Breeder Pullets,0
2025-12-23,Arkansas,Cross,WOAH Non-Poultry,0
2025-12-23,Florida,Volusia,WOAH Non-Poultry,0
2025-12-23,Florida,Volusia,WOAH Poultry,0
2025-12-23,Illinois,Knox,WOAH Non-Poultry,0
2025-12-23,Indiana,Lagrange,WOAH Poultry,0
2025-12-23,Indiana,Lagrange,WOAH Poultry,0
2025-12-23,Kansas,Jackson,WOAH Non-Poultry,0
2025-12-23,Kansas,Jewell,WOAH Non-Poultry,0
2025-12-23,Kansas,Sedgwick,WOAH Non-Poultry,0
2025-12-23,Kentucky,Lawrence,WOAH Non-Poultry,0
2025-12-23,New York,Kings,Live Bird Market,0
2025-12-23,Tennessee,Obion,WOAH Poultry,0
2025-12-29,Arkansas,Drew,Commercial Broiler Breeder,0
2025-12-29,Kansas,Jewell,Commercial Raised for Release Upland Game Bird,0
2025-12-29,Kansas,Wabaunsee,WOAH Non-Poultry,0
2025-12-29,Maryland,Queen Anne's,Commercial Broiler Production,100000
2025-12-29,Nebraska,Washington,WOAH Non-Poultry,0
2025-12-29,New York,Kings,Live Bird Market,0
2025-12-29,Pennsylvania,Lancaster,Commercial Duck Meat Bird,0
2025-12-31,Iowa,Dallas,WOAH Non-Poultry,0
2025-12-31,Nebraska,Butler,Commercial Table Egg Layer,100000
2025-12-31,Ohio,Morrow,WOAH Non-Poultry,0
2025-12-31,Virginia,Isle Of Wight,WOAH Non-Poultry,0
2026-01-02,Arkansas,Faulkner,WOAH Non-Poultry,0
2026-01-02,Arkansas,Prairie,WOAH Poultry,0
2026-01-02,California,Butte,Commercial Raised for Release Upland Game Bird,0
2026-01-02,Kansas,Anderson,Commercial Raised for Release Upland Game Bird,0
2026-01-02,Kansas,Nemaha,Commercial Raised for Release Upland Game Bird,0
2026-01-02,Massachusetts,Dukes,WOAH Non-Poultry,0
2026-01-02,Nebraska,Scotts Bluff,WOAH Non-Poultry,0
2026-01-02,New York,Queens,Live Bird Market,0
2026-01-02,North Carolina,Sampson,Commercial Turkey Meat Bird,0
2026-01-02,Oregon,Umatilla,WOAH Non-Poultry,0
2026-01-05,Illinois,Jersey,WOAH Non-Poultry,0
2026-01-05,Missouri,Butler,WOAH Non-Poultry,0
2026-01-05,Missouri,Texas,WOAH Poultry,0
2026-01-05,North Carolina,Franklin,WOAH Non-Poultry,0
2026-01-05,North Dakota,Burleigh,WOAH Non-Poultry,0
2026-01-06,Indiana,Lagrange,WOAH Poultry,0
2026-01-06,Kansas,Greenwood,WOAH Non-Poultry,0
2026-01-06,Kansas,Pottawatomie,Commercial Table Egg Pullets,400000
2026-01-06,Wyoming,Park,WOAH Non-Poultry,0
2026-01-07,North Carolina,Sampson,Commercial Turkey Breeder Hens,0
2026-01-08,California,Stanislaus,WOAH Non-Poultry,0
2026-01-08,Colorado,Larimer,WOAH Non-Poultry,0
2026-01-08,Oklahoma,Wagoner,WOAH Non-Poultry,0
2026-01-08,Pennsylvania,Lehigh,Live Bird Market,0
2026-01-08,Texas,Carson,WOAH Non-Poultry,0
2026-01-09,Kentucky,Clinton,WOAH Non-Poultry,0
2026-01-09,New York,Bronx,Live Bird Market,0
2026-01-09,Pennsylvania,Philadelphia,Live Bird Market,0
2026-01-12,Kansas,Pratt,WOAH Poultry,0
2026-01-12,Minnesota,Meeker,Commercial Turkey Breeder Hens,0
2026-01-12,Oregon,Umatilla,WOAH Non-Poultry,0
2026-01-12,Washington,Grant,WOAH Non-Poultry,0
2026-01-13,Delaware,Kent,Commercial Broiler Production,100000
2026-01-13,Georgia,Walker,Commercial Broiler Breeder,100000
2026-01-13,Pennsylvania,Bucks,WOAH Non-Poultry,0
2026-01-14,Colorado,Larimer,WOAH Non-Poultry,0
2026-01-14,Colorado,Logan,WOAH Poultry,0
2026-01-14,West Virginia,Greenbrier,WOAH Non-Poultry,0
2026-01-15,Minnesota,Meeker,Commercial Turkey Meat Bird,100000
2026-01-15,Minnesota,Stearns,Commercial Turkey Meat Bird,0
2026-01-16,Illinois,Edgar,WOAH Non-Poultry,0
2026-01-16,Minnesota,Meeker,Commercial Turkey Meat Bird,300000
2026-01-16,Washington,Yakima,WOAH Non-Poultry,0
2026-01-21,West Virginia,Monongalia,WOAH Non-Poultry,0
2026-01-22,Arkansas,Arkansas,WOAH Non-Poultry,0
2026-01-22,New Jersey,Burlington,WOAH Poultry,0
2026-01-22,New York,Westchester,WOAH Non-Poultry,0
2026-01-22,Pennsylvania,Lancaster,WOAH Poultry,0
2026-01-23,Georgia,Walker,Commercial Broiler Breeder,0
2026-01-23,Indiana,Lagrange,Commercial Duck Meat Bird,0
2026-01-23,Iowa,Kossuth,WOAH Poultry,0
2026-01-23,Montana,Carbon,WOAH Poultry,0
2026-01-26,Indiana,Lagrange,Commercial Duck Breeder,0
2026-01-27,Nebraska,Douglas,WOAH Non-Poultry,0
2026-01-28,Pennsylvania,Lancaster,Commercial Table Egg Layer,1500000
2026-01-29,Iowa,Kossuth,WOAH Poultry,0
2026-01-30,California,Sutter,WOAH Non-Poultry,0
2026-01-30,Colorado,Weld,Commercial Table Egg Layer,1300000
2026-01-30,Kansas,Grant,WOAH Poultry,0
2026-01-30,Maryland,Caroline,Commercial Broiler Production,0
2026-01-30,Michigan,Ottawa,WOAH Non-Poultry,0
2026-01-30,Montana,Gallatin,WOAH Non-Poultry,0
2026-02-02,Georgia,Hart,Commercial Broiler Breeder,0
2026-02-02,Nebraska,Red Willow,WOAH Non-Poultry,0
2026-02-02,New York,Warren,WOAH Non-Poultry,0
2026-02-02,Pennsylvania,Philadelphia,Live Bird Market,0
2026-02-02,Pennsylvania,Philadelphia,Live Bird Market,0
2026-02-02,Washington,Yakima,WOAH Non-Poultry,0
2026-02-03,Kansas,Haskell,Commercial Raised for Release Upland Game Bird,0
2026-02-03,Pennsylvania,Lancaster,WOAH Poultry,100000
2026-02-03,Pennsylvania,Lancaster,Commercial Table Egg Layer,700000
2026-02-03,South Dakota,Charles Mix,Commercial Turkey Meat Bird,100000
2026-02-04,Mississippi,Amite,Commercial Broiler Production,100000
2026-02-04,Pennsylvania,Lancaster,WOAH Poultry,0
2026-02-05,Colorado,Boulder,WOAH Non-Poultry,0
2026-02-05,Oklahoma,Comanche,WOAH Non-Poultry,0
2026-02-06,Maine,York,WOAH Non-Poultry,0
2026-02-06,New York,Kings,Live Bird Market,0
2026-02-09,California,Sonoma,Commercial Broiler Production,100000
2026-02-10,Florida,Palm Beach,WOAH Non-Poultry,0
2026-02-10,Pennsylvania,Lancaster,Commercial Turkey Meat Bird,0
2026-02-10,Pennsylvania,Lancaster,WOAH Poultry,0
2026-02-11,Colorado,Weld,WOAH Non-Poultry,0
2026-02-11,Pennsylvania,Lancaster,Commercial Table Egg Layer,100000
2026-02-12,Colorado,Weld,WOAH Non-Poultry,0
2026-02-13,Indiana,Elkhart,Commercial Duck Meat Bird,0
2026-02-17,Indiana,Sullivan,Commercial Turkey Meat Bird,0
2026-02-17,Maryland,Wicomico,Commercial Broiler Production,100000
2026-02-17,Pennsylvania,Dauphin,Commercial Table Egg Layer,100000
2026-02-17,Pennsylvania,Lancaster,Commercial Table Egg Layer,2600000
2026-02-17,Pennsylvania,Lancaster,Commercial Table Egg Pullets,400000
2026-02-18,Pennsylvania,Lancaster,Commercial Broiler Production,200000
2026-02-18,Pennsylvania,Lancaster,Commercial Table Egg Layer,1500000
2026-02-18,Pennsylvania,Lancaster,Commercial Turkey Meat Bird,0
2026-02-18,Pennsylvania,Lancaster,Commercial Turkey Meat Bird,0
2026-02-18,South Dakota,Charles Mix,Commercial Turkey Meat Bird,100000
2026-02-19,Indiana,Boone,Commercial Turkey Breeder Hens,0
2026-02-19,Indiana,Elkhart,Commercial Duck Meat Bird,0
2026-02-19,New York,Orange,WOAH Non-Poultry,0
2026-02-19,Pennsylvania,Lancaster,WOAH Poultry,0
2026-02-19,Pennsylvania,Lancaster,WOAH Poultry,0
2026-02-19,Pennsylvania,Lancaster,WOAH Poultry,0
2026-02-20,Pennsylvania,Lancaster,Commercial Duck Meat Bird,0
2026-02-20,Pennsylvania,Lancaster,Commercial Broiler Production,200000
2026-02-23,South Carolina,Lee,Commercial Turkey Meat Bird,0
2026-02-24,Illinois,Perry,WOAH Poultry,0
2026-02-24,Kansas,Pottawatomie,Commercial Table Egg Breeder,0
2026-02-24,Pennsylvania,Lancaster,Commercial Broiler Production,200000
2026-02-24,South Dakota,Beadle,Commercial Turkey Meat Bird,100000
2026-02-25,Indiana,Daviess,Commercial Turkey Meat Bird,0
2026-02-25,New Jersey,Ocean,WOAH Non-Poultry,0
2026-02-25,Oklahoma,Kingfisher,WOAH Non-Poultry,0
2026-02-26,Iowa,Van Buren,WOAH Non-Poultry,0
2026-02-26,Maryland,Caroline,Commercial Broiler Production,100000
2026-02-26,New York,Queens,Live Bird Market,0
2026-02-27,Delaware,Kent,Commercial Broiler Production,0
2026-02-27,Indiana,Lagrange,Commercial Duck Meat Bird,0
2026-02-27,Indiana,Lagrange,WOAH Poultry,0
2026-02-27,Indiana,Lagrange,Commercial Duck Breeder,0
2026-02-27,Indiana,Lagrange,WOAH Poultry,0
2026-02-27,Iowa,Keokuk,WOAH Non-Poultry,0
2026-02-27,Kansas,Sedgwick,WOAH Non-Poultry,0
2026-02-27,Massachusetts,Dukes,WOAH Non-Poultry,0
2026-02-27,North Carolina,Hyde,Commercial Table Egg Layer,3300000
2026-02-27,Wisconsin,Jefferson,Commercial Table Egg Layer,1200000
2026-03-02,Colorado,Weld,WOAH Poultry,0
2026-03-02,Delaware,Sussex,WOAH Non-Poultry,0
2026-03-02,Maryland,Caroline,Commercial Broiler Production,100000
2026-03-02,New Jersey,Monmouth,WOAH Non-Poultry,0
2026-03-02,New York,Kings,Live Bird Market,0
2026-03-03,Florida,Orange,Live Bird Market,0
2026-03-03,Illinois,Crawford,Commercial Turkey Meat Bird,0
2026-03-03,Indiana,Crawford,WOAH Poultry,0
2026-03-03,Indiana,Hendricks,WOAH Non-Poultry,0
2026-03-03,Indiana,Lagrange,Commercial Duck Meat Bird,0
2026-03-04,Iowa,Washington,WOAH Non-Poultry,0
2026-03-04,Wisconsin,Dane,WOAH Non-Poultry,0
2026-03-05,Illinois,Lawrence,Commercial Turkey Meat Bird,100000
2026-03-05,Indiana,Elkhart,WOAH Poultry,0
2026-03-05,Iowa,Buena Vista,WOAH Non-Poultry,0
2026-03-06,Illinois,Lawrence,Commercial Turkey Meat Bird,0
2026-03-06,New York,Kings,Live Bird Market,0
2026-03-06,Pennsylvania,Lancaster,Commercial Table Egg Layer,200000
2026-03-09,Indiana,Elkhart,Commercial Duck Meat Bird,0
2026-03-09,Indiana,Elkhart,WOAH Poultry,0
2026-03-09,Indiana,Lagrange,WOAH Poultry,0
2026-03-09,Kansas,Sedgwick,WOAH Non-Poultry,0
2026-03-09,New York,Queens,Live Bird Market,0
2026-03-09,Tennessee,Hawkins,WOAH Non-Poultry,0
2026-03-10,Indiana,Elkhart,Commercial Duck Meat Bird,0
2026-03-10,Indiana,Elkhart,Commercial Duck Meat Bird,0
2026-03-10,Indiana,Jay,Commercial Turkey Meat Bird,0
2026-03-10,Indiana,Lagrange,Commercial Duck Meat Bird,0
2026-03-10,Indiana,Lagrange,WOAH Poultry,0
2026-03-10,Wisconsin,Jefferson,Commercial Table Egg Pullets,1600000
2026-03-10,Wisconsin,Walworth,Commercial Table Egg Layer,1500000
2026-03-11,Indiana,Elkhart,Commercial Duck Meat Bird,0
2026-03-11,Indiana,Elkhart,Commercial Duck Meat Bird,0
2026-03-11,Indiana,Lagrange,Commercial Duck Meat Bird,0
2026-03-11,Indiana,Lagrange,Commercial Duck Meat Bird,0
2026-03-11,Nebraska,Valley,WOAH Non-Poultry,0
2026-03-11,New York,Queens,Live Bird Market,0
2026-03-12,Michigan,Kent,Commercial Turkey Meat Bird,0
2026-03-12,New York,Kings,Live Bird Market,0
2026-03-12,New York,Kings,Live Bird Market,0
2026-03-12,New York,Kings,Live Bird Market,0
2026-03-12,Pennsylvania,Lancaster,Commercial Broiler Production,0
2026-03-13,Maryland,Cecil,Commercial Table Egg Pullets,400000
2026-03-13,Michigan,Kent,Commercial Turkey Meat Bird,100000
2026-03-16,Indiana,Elkhart,Commercial Duck Meat Bird,0
2026-03-17,Indiana,Adams,Commercial Duck Breeder,0
2026-03-17,Indiana,Elkhart,WOAH Poultry,0
2026-03-17,Indiana,Elkhart,Commercial Duck Meat Bird,0
2026-03-17,Indiana,Jay,Commercial Duck Breeder,0
2026-03-17,Ohio,Portage,WOAH Non-Poultry,0
2026-03-17,Pennsylvania,Lancaster,Commercial Table Egg Layer,900000
2026-03-19,Indiana,Elkhart,Commercial Duck Meat Bird,0
2026-03-19,Indiana,Lagrange,WOAH Poultry,0
2026-03-19,Washington,Skagit,WOAH Non-Poultry,0
2026-03-20,Indiana,Elkhart,Commercial Duck Meat Bird,0
2026-03-20,Indiana,Elkhart,WOAH Poultry,0
2026-03-20,Indiana,Lagrange,Commercial Duck Meat Bird,0
2026-03-20,Utah,Box Elder,WOAH Non-Poultry,0
2026-03-20,West Virginia,Kanawha,WOAH Non-Poultry,0
2026-03-23,Indiana,Adams,Commercial Duck Breeder,0
2026-03-23,Indiana,Elkhart,Commercial Duck Meat Bird,0
2026-03-23,Indiana,Lagrange,Commercial Duck Meat Bird,0
2026-03-24,Indiana,Elkhart,Commercial Duck Meat Bird,0
2026-03-24,Indiana,Lagrange,Commercial Duck Meat Bird,0
2026-03-24,Indiana,Lagrange,Commercial Duck Meat Bird,0
2026-03-25,Indiana,Elkhart,Commercial Duck Meat Bird,0
2026-03-26,New Jersey,Hunterdon,WOAH Poultry,0
2026-03-27,Pennsylvania,Lancaster,Commercial Duck Meat Bird,0
2026-03-30,New York,Kings,Live Bird Market,0
2026-03-31,Indiana,Elkhart,Commercial Duck Meat Bird,0
2026-03-31,Indiana,Elkhart,Commercial Duck Meat Bird,0
2026-03-31,Indiana,Lagrange,Commercial Duck Meat Bird,0
2026-03-31,New York,Bronx,Live Bird Market,0
2026-03-31,South Dakota,Edmunds,Commercial Turkey Breeder Hens,0
2026-03-31,South Dakota,Turner,WOAH Non-Poultry,0
2026-04-01,Pennsylvania,Bucks,WOAH Poultry,0
2026-04-01,South Dakota,Mcpherson,Commercial Turkey Meat Bird,0
2026-04-03,Indiana,Elkhart,Commercial Duck Breeder,0
2026-04-03,Indiana,Elkhart,Commercial Table Egg Pullets,100000
2026-04-03,Indiana,Lagrange,Commercial Duck Meat Bird,0
2026-04-08,Indiana,Lagrange,WOAH Poultry,0
2026-04-08,North Dakota,Wells,WOAH Non-Poultry,0
2026-04-08,South Dakota,Hutchinson,Commercial Turkey Meat Bird,100000
2026-04-10,Arkansas,Clay,Commercial Broiler Production,200000
2026-04-13,South Dakota,Edmunds,Commercial Turkey Breeder Hens,0
2026-04-14,South Dakota,Charles Mix,Commercial Turkey Meat Bird,0
2026-04-17,Georgia,Pierce,WOAH Non-Poultry,0
2026-04-17,Minnesota,Big Stone,Commercial Turkey Meat Bird,100000
2026-04-21,North Dakota,Lamoure,Commercial Turkey Meat Bird,0
2026-04-21,South Dakota,Edmunds,Commercial Turkey Breeder Hens,0
2026-04-23,North Dakota,Dickey,WOAH Non-Poultry,0
2026-04-27,South Dakota,Meade,WOAH Non-Poultry,0
2026-05-01,North Dakota,Dickey,WOAH Poultry,0
2026-05-06,Indiana,Lagrange,Commercial Duck Meat Bird,0
2026-05-08,Florida,Lee,WOAH Non-Poultry,0
2026-05-08,Indiana,Lagrange,Commercial Duck Breeder,0
2026-05-11,Indiana,Lagrange,WOAH Poultry,0
2026-05-12,Indiana,Elkhart,Commercial Duck Meat Bird,0
2026-05-12,Minnesota,Becker,Commercial Breeder Operation,0
2026-05-15,Minnesota,Becker,Commercial Turkey Breeder Replacement Hens,0
2026-05-15,Minnesota,Becker,Commercial Breeder Operation,0
2026-05-18,Indiana,Elkhart,Commercial Duck Meat Bird,0
2026-05-18,Indiana,Lagrange,WOAH Poultry,0
2026-05-18,Minnesota,Polk,WOAH Non-Poultry,0
2026-05-19,Indiana,Lagrange,Commercial Duck Breeder,0
2026-05-20,Indiana,Elkhart,Commercial Duck Meat Bird,0
2026-05-20,Indiana,Lagrange,Commercial Duck Meat Bird,0
2026-05-20,Minnesota,Becker,Commercial Breeder Operation,0
2026-05-22,Indiana,Elkhart,Commercial Duck Meat Bird,0
2026-05-22,Pennsylvania,Susquehanna,WOAH Non-Poultry,0
2026-05-28,Indiana,Elkhart,Commercial Duck Meat Bird,0
2026-05-28,Indiana,Elkhart,WOAH Poultry,0
2026-05-28,Indiana,Elkhart,WOAH Poultry,0
2026-05-28,Indiana,Lagrange,Commercial Duck Meat Bird,0
2026-05-29,Indiana,Lagrange,Commercial Duck Meat Bird,0
2026-06-03,Indiana,Elkhart,Commercial Duck Meat Bird,0
2026-06-08,Indiana,Elkhart,WOAH Poultry,0
2026-06-08,New Jersey,Passaic,Live Bird Market,0
2026-06-10,Idaho,Canyon,WOAH Non-Poultry,0
2026-06-12,Rhode Island,Providence,Live Bird Market,0
2026-06-18,Indiana,Lagrange,WOAH Non-Poultry,0
2026-06-23,Idaho,Canyon,WOAH Poultry,0
2026-06-26,Pennsylvania,Delaware,Live Bird Market,0
2026-07-06,Utah,Cache,Commercial Table Egg Layer,1200000
2026-07-13,Utah,Cache,Commercial Table Egg Pullets,300000
2026-08-12,South Dakota,Beadle,Commercial Turkey Meat Bird,100000
2026-08-20,Idaho,Ada,WOAH Non-Poultry,0
2026-08-20,Idaho,Canyon,WOAH Non-Poultry,0
2026-08-20,South Dakota,Brule,WOAH Poultry,0
2026-08-21,South Dakota,Edmunds,Commercial Breeder Operation,0
2026-08-27,South Dakota,Hamlin,Commercial Turkey Meat Bird,0
2026-08-28,Idaho,Ada,WOAH Non-Poultry,0
2026-09-01,Minnesota,Wright,Commercial Turkey Meat Bird,0
2026-09-03,Idaho,Canyon,WOAH Non-Poultry,0
2026-09-03,Idaho,Gem,WOAH Non-Poultry,0
