{"type":"FeatureCollection","features":[{"type":"Feature","geometry":{"type":"Polygon","coordinates":[[[-122.575,37.707],[-122.264,37.448],[-122.081,37.478],[-122.282,37.708],[-122.575,37.707]]]},"properties":{"id":"CA-15","name":"California district 15","state":"CA"},"id":"CA-15"},{"type":"Feature","geometry":{"type":"Polygon","coordinates":[[[-123.094,39.089],[-122.949,38.9],[-122.821,38.858],[-122.637,38.694],[-122.647,38.598],[-122.53,38.466],[-122.56,38.428],[-122.735,38.503],[-122.772,38.352],[-122.578,38.252],[-122.501,38.112],[-122.347,38.073],[-122.407,38.156],[-122.195,38.155],[-122.206,38.316],[-121.943,38.313],[-121.936,38.358],[-121.866,38.359],[-121.843,38.257],[-121.896,38.228],[-121.885,38.08],[-121.8,38.06],[-121.711,38.086],[-121.631,38.292],[-121.522,38.362],[-121.533,38.43],[-121.583,38.447],[-121.565,38.642],[-121.634,38.686],[-121.603,38.778],[-121.674,38.743],[-121.724,38.852],[-121.802,38.865],[-121.835,38.924],[-122.402,38.956],[-122.41,39.018],[-122.492,39.054],[-122.477,39.174],[-122.665,39.218],[-122.775,39.312],[-122.736,39.581],[-122.885,39.58],[-122.89,39.529],[-123.063,39.504],[-123.075,39.408],[-122.995,39.236],[-123.078,39.174],[-123.094,39.089]]]},"properties":{"id":"CA-04","name":"California district 4","state":"CA"},"id":"CA-04"},{"type":"Feature","geometry":{"type":"Polygon","coordinates":[[[-103.043,34.749],[-101.472,34.747],[-101.472,34.312],[-101.041,34.312],[-101.039,33.397],[-98.421,33.396],[-98.421,33.467],[-97.979,33.467],[-97.918,33.434],[-97.92,33.099],[-97.781,33.217],[-97.746,33.19],[-97.588,33.245],[-97.162,33.219],[-97.115,33.133],[-97.02,33.177],[-97.045,33.269],[-97.141,33.332],[-97.221,33.326],[-97.219,33.425],[-97.487,33.434],[-97.487,33.917],[-97.581,33.9],[-97.59,33.954],[-97.671,33.992],[-97.877,33.85],[-97.984,33.898],[-97.946,33.991],[-98.088,34.005],[-98.109,34.154],[-98.171,34.114],[-98.366,34.157],[-98.486,34.063],[-98.6,34.161],[-98.757,34.125],[-98.988,34.221],[-99.19,34.214],[-99.207,34.338],[-99.359,34.456],[-99.405,34.373],[-99.57,34.418],[-99.6,34.375],[-99.695,34.378],[-99.923,34.575],[-100.0,34.56],[-100.0,36.5],[-103.042,36.5],[-103.043,34.749]]]},"properties":{"id":"TX-13","name":"Texas district 13","state":"TX"},"id":"TX-13"},{"type":"Feature","geometry":{"type":"Polygon","coordinates":[[[-98.788,29.501],[-98.713,29.485],[-98.758,29.461],[-98.732,29.379],[-98.66,29.394],[-98.634,29.455],[-98.649,29.397],[-98.55,29.387],[-98.637,29.371],[-98.646,29.323],[-98.501,29.32],[-98.49,29.395],[-98.539,29.402],[-98.539,29.457],[-98.464,29.517],[-98.548,29.502],[-98.608,29.62],[-98.667,29.554],[-98.629,29.52],[-98.747,29.537],[-98.788,29.501]]]},"properties":{"id":"TX-20","name":"Texas district 20","state":"TX"},"id":"TX-20"},{"type":"Feature","geometry":{"type":"Polygon","coordinates":[[[-95.595,32.687],[-95.594,32.48],[-95.449,32.359],[-95.478,32.146],[-94.985,32.138],[-94.985,31.846],[-94.434,31.825],[-94.395,31.639],[-94.305,31.571],[-94.327,31.225],[-94.13,31.099],[-93.6,31.176],[-93.62,31.271],[-93.688,31.307],[-93.639,31.372],[-93.749,31.469],[-93.711,31.512],[-93.838,31.595],[-93.795,31.702],[-93.823,31.774],[-93.901,31.897],[-94.042,31.994],[-94.072,33.584],[-94.127,33.551],[-94.215,33.583],[-94.177,33.438],[-94.297,33.378],[-94.416,33.404],[-94.382,33.479],[-95.311,33.663],[-95.309,32.963],[-95.173,32.962],[-95.152,33.013],[-95.152,32.903],[-94.72,32.905],[-94.672,32.835],[-94.702,32.652],[-94.826,32.685],[-94.908,32.774],[-94.906,32.863],[-95.035,32.862],[-95.026,32.74],[-95.153,32.661],[-95.166,32.544],[-95.475,32.606],[-95.595,32.687]]]},"properties":{"id":"TX-01","name":"Texas district 1","state":"TX"},"id":"TX-01"},{"type":"Feature","geometry":{"type":"Polygon","coordinates":[[[-95.961,30.163],[-95.83,29.8],[-95.645,29.785],[-95.62,29.853],[-95.654,29.908],[-95.62,29.915],[-95.701,29.972],[-95.77,29.949],[-95.782,30.067],[-95.597,30.134],[-95.568,30.216],[-95.459,30.237],[-95.399,30.306],[-95.303,30.23],[-95.319,30.332],[-95.226,30.319],[-94.849,30.494],[-94.538,30.491],[-94.658,31.012],[-94.561,31.062],[-94.843,31.147],[-95.2,30.825],[-95.247,30.904],[-95.313,30.898],[-95.339,30.738],[-95.513,30.706],[-95.516,30.668],[-95.578,30.718],[-95.834,30.658],[-95.803,30.09],[-95.961,30.163]]]},"properties":{"id":"TX-08","name":"Texas district 8","state":"TX"},"id":"TX-08"},{"type":"Feature","geometry":{"type":"Polygon","coordinates":[[[-118.536,34.221],[-118.536,34.187],[-118.345,34.142],[-118.343,34.207],[-118.406,34.251],[-118.268,34.301],[-118.311,34.323],[-118.324,34.439],[-118.398,34.424],[-118.404,34.33],[-118.508,34.334],[-118.473,34.221],[-118.536,34.221]]]},"properties":{"id":"CA-29","name":"California district 29","state":"CA"},"id":"CA-29"},{"type":"Feature","geometry":{"type":"Polygon","coordinates":[[[-117.88,33.927],[-117.816,33.872],[-117.875,33.856],[-117.83,33.845],[-117.843,33.706],[-117.752,33.774],[-117.678,33.685],[-117.756,33.61],[-117.737,33.548],[-117.673,33.568],[-117.659,33.534],[-117.618,33.602],[-117.541,33.536],[-117.413,33.659],[-117.534,33.71],[-117.664,33.86],[-117.612,33.892],[-117.746,34.02],[-117.803,33.976],[-117.783,33.946],[-117.88,33.927]]]},"properties":{"id":"CA-40","name":"California district 40","state":"CA"},"id":"CA-40"},{"type":"Feature","geometry":{"type":"Polygon","coordinates":[[[-120.315,35.907],[-120.194,35.789],[-120.194,35.614],[-120.086,35.614],[-120.087,35.526],[-119.993,35.439],[-119.88,35.439],[-119.88,35.351],[-119.727,35.317],[-119.474,35.363],[-119.283,35.345],[-119.252,35.442],[-119.029,35.46],[-119.019,35.368],[-119.092,35.267],[-119.015,35.238],[-118.956,35.019],[-118.847,35.045],[-118.851,35.151],[-118.753,35.209],[-118.753,35.292],[-118.844,35.374],[-118.95,35.383],[-118.87,35.464],[-118.904,35.509],[-118.879,35.614],[-118.92,35.618],[-118.899,36.047],[-119.009,36.085],[-119.001,36.167],[-119.066,36.226],[-119.119,36.224],[-119.117,36.167],[-119.233,36.167],[-119.233,36.211],[-119.349,36.208],[-119.385,36.298],[-119.475,36.269],[-119.475,36.328],[-119.604,36.328],[-119.639,36.372],[-119.727,36.332],[-119.727,36.24],[-119.959,36.255],[-119.959,36.181],[-120.315,35.907]]]},"properties":{"id":"CA-22","name":"California district 22","state":"CA"},"id":"CA-22"},{"type":"Feature","geometry":{"type":"Polygon","coordinates":[[[-119.97,36.832],[-119.97,36.735],[-119.925,36.735],[-119.908,36.677],[-119.952,36.648],[-119.773,36.62],[-119.773,36.547],[-119.692,36.547],[-119.683,36.489],[-119.527,36.489],[-119.529,36.401],[-119.475,36.401],[-119.448,36.328],[-119.225,36.327],[-119.233,36.269],[-118.992,36.317],[-119.06,36.457],[-119.14,36.414],[-119.162,36.493],[-119.246,36.512],[-119.175,36.659],[-119.512,36.699],[-119.529,36.736],[-119.664,36.678],[-119.664,36.75],[-119.766,36.823],[-119.97,36.832]]]},"properties":{"id":"CA-21","name":"California district 21","state":"CA"},"id":"CA-21"},{"type":"Feature","geometry":{"type":"Polygon","coordinates":[[[-105.136,40.349],[-105.102,40.261],[-104.998,40.197],[-105.037,40.16],[-104.989,40.117],[-105.042,40.088],[-104.961,40.044],[-105.053,39.914],[-105.053,39.791],[-104.92,39.784],[-104.791,39.798],[-104.73,39.896],[-104.64,39.907],[-104.641,40.001],[-104.698,40.016],[-104.603,40.117],[-104.602,40.276],[-104.414,40.349],[-104.508,40.399],[-104.48,40.494],[-104.735,40.51],[-104.832,40.509],[-104.816,40.459],[-104.87,40.414],[-104.991,40.406],[-104.982,40.349],[-105.136,40.349]]]},"properties":{"id":"CO-08","name":"Colorado district 8","state":"CO"},"id":"CO-08"},{"type":"Feature","geometry":{"type":"Polygon","coordinates":[[[-105.157,39.598],[-105.111,39.536],[-104.68,39.551],[-104.642,39.566],[-104.66,39.653],[-104.723,39.601],[-104.752,39.653],[-104.584,39.667],[-104.584,39.703],[-104.678,39.74],[-104.471,39.767],[-104.489,39.825],[-104.762,39.823],[-104.735,39.769],[-104.885,39.747],[-104.866,39.697],[-104.913,39.679],[-104.847,39.657],[-104.885,39.624],[-105.016,39.679],[-105.054,39.61],[-105.157,39.598]]]},"properties":{"id":"CO-06","name":"Colorado district 6","state":"CO"},"id":"CO-06"},{"type":"Feature","geometry":{"type":"Polygon","coordinates":[[[-105.329,39.13],[-104.552,39.129],[-104.548,39.043],[-104.405,39.041],[-104.331,38.954],[-104.352,38.867],[-104.278,38.875],[-104.314,38.781],[-104.277,38.781],[-104.275,38.521],[-104.054,38.522],[-104.047,38.141],[-103.619,38.113],[-103.619,38.171],[-103.509,38.173],[-103.51,38.265],[-103.4,38.265],[-103.404,37.644],[-103.076,37.643],[-103.086,37.0],[-102.042,36.993],[-102.052,41.002],[-104.943,40.998],[-104.989,40.776],[-105.076,40.798],[-105.07,40.662],[-105.001,40.654],[-104.996,40.581],[-104.936,40.588],[-104.949,40.492],[-105.133,40.451],[-105.157,40.389],[-104.982,40.349],[-104.991,40.406],[-104.816,40.459],[-104.832,40.509],[-104.48,40.494],[-104.508,40.399],[-104.416,40.326],[-104.489,40.349],[-104.528,40.276],[-104.602,40.276],[-104.603,40.117],[-104.698,40.016],[-104.641,40.001],[-104.62,39.827],[-104.489,39.825],[-104.471,39.738],[-104.678,39.74],[-104.584,39.703],[-104.584,39.667],[-104.752,39.653],[-104.723,39.601],[-104.66,39.653],[-104.642,39.566],[-104.68,39.551],[-105.06,39.56],[-105.329,39.13]]]},"properties":{"id":"CO-04","name":"Colorado district 4","state":"CO"},"id":"CO-04"},{"type":"Feature","geometry":{"type":"Polygon","coordinates":[[[-99.571,37.826],[-99.541,37.0],[-95.964,36.999],[-95.959,38.171],[-96.357,38.173],[-96.358,38.086],[-96.875,38.086],[-97.153,38.088],[-97.153,38.175],[-97.702,38.174],[-97.699,37.735],[-98.465,37.733],[-98.472,38.261],[-99.022,38.261],[-99.132,38.174],[-99.57,38.175],[-99.571,37.826]]]},"properties":{"id":"KS-04","name":"Kansas district 4","state":"KS"},"id":"KS-04"},{"type":"Feature","geometry":{"type":"Polygon","coordinates":[[[-97.372,38.385],[-97.372,38.174],[-97.153,38.175],[-97.153,38.088],[-96.358,38.086],[-96.357,38.173],[-95.959,38.171],[-95.964,36.999],[-94.618,36.999],[-94.613,38.389],[-95.066,38.39],[-95.078,38.038],[-95.519,38.038],[-95.501,38.739],[-95.056,38.739],[-95.056,38.982],[-94.912,38.988],[-94.908,39.116],[-94.632,39.074],[-94.589,39.141],[-94.832,39.216],[-94.906,39.315],[-94.885,39.39],[-94.942,39.389],[-95.11,39.545],[-94.964,39.74],[-94.863,39.742],[-94.935,39.773],[-94.876,39.813],[-94.94,39.896],[-95.09,39.863],[-95.308,40.0],[-96.239,40.001],[-96.239,39.566],[-95.719,39.566],[-95.57,39.526],[-95.57,39.419],[-95.181,39.419],[-95.212,38.963],[-95.177,38.942],[-95.335,38.943],[-95.336,39.03],[-95.419,39.067],[-95.589,39.058],[-95.589,39.216],[-96.036,39.217],[-96.039,39.127],[-96.107,39.201],[-96.308,39.197],[-96.346,39.154],[-96.389,39.173],[-96.405,39.043],[-96.851,39.088],[-96.85,39.219],[-96.962,39.22],[-96.963,38.965],[-96.926,38.979],[-96.927,38.87],[-96.89,38.87],[-96.93,38.609],[-97.372,38.609],[-97.372,38.385]]]},"properties":{"id":"KS-02","name":"Kansas district 2","state":"KS"},"id":"KS-02"},{"type":"Feature","geometry":{"type":"Polygon","coordinates":[[[-95.519,38.039],[-95.078,38.038],[-95.066,38.39],[-94.613,38.389],[-94.607,39.09],[-94.908,39.116],[-94.912,38.988],[-95.056,38.982],[-95.056,38.739],[-95.501,38.739],[-95.519,38.039]]]},"properties":{"id":"KS-03","name":"Kansas district 3","state":"KS"},"id":"KS-03"},{"type":"Feature","geometry":{"type":"Polygon","coordinates":[[[-121.634,38.69],[-121.55,38.599],[-121.102,38.498],[-121.13,38.57],[-121.214,38.593],[-121.243,38.718],[-121.603,38.736],[-121.634,38.69]]]},"properties":{"id":"CA-06","name":"California district 6","state":"CA"},"id":"CA-06"},{"type":"Feature","geometry":{"type":"Polygon","coordinates":[[[-118.563,33.988],[-118.444,33.839],[-118.486,33.754],[-118.352,33.667],[-118.298,33.813],[-118.352,33.826],[-118.379,33.931],[-118.447,33.952],[-118.371,33.963],[-118.418,34.012],[-118.421,34.059],[-118.372,34.062],[-118.391,34.112],[-118.563,33.988]]]},"properties":{"id":"CA-36","name":"California district 36","state":"CA"},"id":"CA-36"},{"type":"Feature","geometry":{"type":"Polygon","coordinates":[[[-118.249,34.222],[-118.16,34.181],[-118.17,34.044],[-118.108,34.027],[-117.992,34.095],[-118.021,34.155],[-117.942,34.167],[-117.978,34.239],[-117.869,34.241],[-117.829,34.338],[-117.743,34.299],[-117.751,34.223],[-117.855,34.201],[-117.89,34.147],[-117.812,34.125],[-117.755,34.165],[-117.728,34.079],[-117.694,34.122],[-117.488,34.151],[-117.411,34.219],[-117.467,34.26],[-117.451,34.369],[-117.922,34.426],[-118.044,34.499],[-118.111,34.456],[-118.077,34.39],[-118.19,34.381],[-118.188,34.294],[-118.249,34.222]]]},"properties":{"id":"CA-28","name":"California district 28","state":"CA"},"id":"CA-28"},{"type":"Feature","geometry":{"type":"Polygon","coordinates":[[[-122.226,37.88],[-122.178,37.816],[-122.045,37.798],[-121.905,37.702],[-121.534,37.849],[-121.678,37.884],[-121.678,37.933],[-121.611,37.941],[-121.558,38.017],[-121.605,38.1],[-121.673,38.094],[-121.8,37.978],[-122.131,38.019],[-122.22,37.984],[-122.226,37.88]]]},"properties":{"id":"CA-10","name":"California district 10","state":"CA"},"id":"CA-10"},{"type":"Feature","geometry":{"type":"Polygon","coordinates":[[[-124.482,40.44],[-124.411,40.225],[-124.154,40.064],[-123.911,39.8],[-123.835,39.549],[-123.893,39.337],[-123.762,39.041],[-123.807,38.94],[-123.361,38.51],[-123.165,38.388],[-123.015,38.149],[-123.074,37.965],[-122.889,37.974],[-122.758,37.86],[-122.612,37.815],[-122.419,37.853],[-122.442,37.974],[-122.347,38.073],[-122.503,38.113],[-122.578,38.252],[-122.772,38.352],[-122.735,38.503],[-122.56,38.428],[-122.53,38.466],[-122.647,38.598],[-122.625,38.674],[-122.821,38.858],[-122.949,38.9],[-122.987,38.997],[-123.094,39.081],[-123.078,39.174],[-122.995,39.236],[-123.075,39.408],[-123.063,39.504],[-122.89,39.529],[-122.884,39.611],[-122.96,39.845],[-122.91,39.936],[-122.99,40.145],[-122.975,40.233],[-123.061,40.278],[-123.065,40.345],[-122.693,40.575],[-122.752,40.69],[-122.658,40.788],[-122.599,40.976],[-122.528,41.014],[-122.54,41.073],[-122.452,41.108],[-122.446,41.159],[-122.523,41.214],[-122.479,41.32],[-122.573,41.368],[-122.802,41.203],[-122.961,41.182],[-122.971,41.09],[-122.897,41.029],[-122.918,40.994],[-123.037,41.004],[-123.109,41.075],[-123.239,41.076],[-123.455,41.236],[-123.481,41.372],[-123.661,41.382],[-123.612,41.462],[-123.719,41.595],[-123.66,41.714],[-123.704,41.829],[-123.559,41.906],[-123.518,42.001],[-124.329,41.998],[-124.285,41.859],[-124.401,41.886],[-124.439,41.825],[-124.212,41.681],[-124.133,41.432],[-124.14,41.382],[-124.242,41.343],[-124.161,41.289],[-124.252,41.134],[-124.198,40.951],[-124.482,40.44]]]},"properties":{"id":"CA-02","name":"California district 2","state":"CA"},"id":"CA-02"},{"type":"Feature","geometry":{"type":"Polygon","coordinates":[[[-117.768,33.45],[-117.436,33.178],[-117.334,32.94],[-117.258,32.938],[-117.19,33.206],[-117.262,33.316],[-117.241,33.449],[-117.51,33.505],[-117.494,33.561],[-117.559,33.535],[-117.618,33.602],[-117.659,33.534],[-117.714,33.571],[-117.768,33.45]]]},"properties":{"id":"CA-49","name":"California district 49","state":"CA"},"id":"CA-49"},{"type":"Feature","geometry":{"type":"Polygon","coordinates":[[[-122.588,37.579],[-122.467,37.35],[-122.466,37.182],[-122.36,37.058],[-122.314,37.055],[-122.289,37.113],[-122.318,37.187],[-122.153,37.215],[-122.152,37.286],[-121.966,37.136],[-121.953,37.177],[-121.914,37.16],[-121.936,37.195],[-121.877,37.276],[-121.803,37.3],[-121.849,37.336],[-122.069,37.279],[-122.06,37.464],[-122.264,37.448],[-122.483,37.667],[-122.57,37.665],[-122.588,37.579]]]},"properties":{"id":"CA-16","name":"California district 16","state":"CA"},"id":"CA-16"},{"type":"Feature","geometry":{"type":"Polygon","coordinates":[[[-122.373,37.884],[-122.219,37.632],[-122.123,37.699],[-122.116,37.75],[-122.224,37.879],[-122.373,37.884]]]},"properties":{"id":"CA-12","name":"California district 12","state":"CA"},"id":"CA-12"},{"type":"Feature","geometry":{"type":"Polygon","coordinates":[[[-117.552,33.95],[-117.502,33.945],[-117.507,33.868],[-117.331,33.902],[-117.286,33.699],[-117.18,33.743],[-117.136,33.841],[-117.204,33.845],[-117.175,33.893],[-117.088,33.904],[-117.226,33.967],[-117.226,34.018],[-117.375,34.034],[-117.55,34.033],[-117.552,33.95]]]},"properties":{"id":"CA-39","name":"California district 39","state":"CA"},"id":"CA-39"},{"type":"Feature","geometry":{"type":"Polygon","coordinates":[[[-121.684,37.918],[-121.625,37.845],[-121.534,37.85],[-121.557,37.704],[-121.474,37.662],[-121.318,37.764],[-121.414,37.803],[-121.281,37.859],[-121.293,37.766],[-121.166,37.718],[-120.922,37.738],[-120.923,37.794],[-120.842,37.826],[-120.759,37.79],[-120.653,37.831],[-120.939,38.088],[-121.027,38.3],[-121.344,38.228],[-121.476,38.258],[-121.584,38.12],[-121.573,37.978],[-121.684,37.918]]]},"properties":{"id":"CA-09","name":"California district 9","state":"CA"},"id":"CA-09"},{"type":"Feature","geometry":{"type":"Polygon","coordinates":[[[-117.616,34.133],[-117.405,34.107],[-117.423,34.049],[-117.375,34.019],[-117.1,34.07],[-117.295,34.209],[-117.342,34.182],[-117.425,34.237],[-117.488,34.151],[-117.616,34.133]]]},"properties":{"id":"CA-33","name":"California district 33","state":"CA"},"id":"CA-33"},{"type":"Feature","geometry":{"type":"Polygon","coordinates":[[[-122.442,37.972],[-122.374,37.884],[-122.222,37.88],[-122.22,37.984],[-122.131,38.019],[-121.759,37.992],[-121.752,38.024],[-121.885,38.08],[-121.896,38.228],[-121.843,38.257],[-121.866,38.359],[-121.936,38.358],[-121.943,38.313],[-122.206,38.316],[-122.195,38.155],[-122.407,38.156],[-122.347,38.073],[-122.442,37.972]]]},"properties":{"id":"CA-08","name":"California district 8","state":"CA"},"id":"CA-08"},{"type":"Feature","geometry":{"type":"Polygon","coordinates":[[[-109.06,38.278],[-109.045,36.999],[-103.086,37.0],[-103.076,37.643],[-103.404,37.644],[-103.4,38.265],[-103.51,38.265],[-103.509,38.173],[-103.619,38.171],[-103.619,38.113],[-104.047,38.141],[-104.054,38.522],[-104.942,38.52],[-104.94,38.258],[-105.049,38.258],[-105.05,37.915],[-105.169,38.019],[-105.281,37.901],[-105.325,37.938],[-105.419,37.89],[-105.583,37.966],[-105.673,38.159],[-106.019,38.454],[-106.247,38.423],[-106.338,38.498],[-106.364,38.614],[-106.452,38.699],[-106.416,38.824],[-106.326,38.911],[-106.465,38.91],[-106.599,38.998],[-106.561,39.156],[-106.494,39.198],[-106.503,39.298],[-106.432,39.316],[-106.426,39.362],[-106.728,39.469],[-106.761,39.596],[-106.668,39.595],[-106.743,39.601],[-106.695,39.619],[-106.736,39.651],[-106.814,39.658],[-106.804,39.61],[-106.841,39.654],[-106.93,39.638],[-106.92,39.581],[-106.973,39.586],[-106.972,39.655],[-107.114,39.625],[-107.114,39.919],[-107.034,39.919],[-107.038,40.225],[-107.439,40.223],[-107.429,40.542],[-107.314,40.6],[-107.318,41.003],[-109.05,41.001],[-109.06,38.278]]]},"properties":{"id":"CO-03","name":"Colorado district 3","state":"CO"},"id":"CO-03"},{"type":"Feature","geometry":{"type":"MultiPolygon","coordinates":[[[[-122.612,37.815],[-122.575,37.707],[-122.282,37.708],[-122.432,37.93],[-122.419,37.853],[-122.612,37.815]]],[[[-123.174,37.776],[-123.041,37.65],[-122.941,37.677],[-122.95,37.732],[-123.07,37.814],[-123.174,37.776]]]]},"properties":{"id":"CA-11","name":"California district 11","state":"CA"},"id":"CA-11"},{"type":"Feature","geometry":{"type":"Polygon","coordinates":[[[-118.446,33.952],[-118.379,33.931],[-118.352,33.826],[-118.309,33.817],[-118.283,33.885],[-118.18,33.893],[-118.335,33.982],[-118.446,33.952]]]},"properties":{"id":"CA-43","name":"California district 43","state":"CA"},"id":"CA-43"},{"type":"Feature","geometry":{"type":"Polygon","coordinates":[[[-122.318,37.187],[-122.314,37.055],[-122.261,36.993],[-122.076,36.91],[-121.959,36.287],[-121.728,36.129],[-121.632,35.979],[-121.393,35.763],[-121.324,35.625],[-121.202,35.584],[-121.01,35.41],[-120.984,35.473],[-120.907,35.453],[-120.893,35.522],[-120.629,35.433],[-120.446,35.49],[-120.201,35.499],[-120.177,35.44],[-120.18,35.477],[-120.151,35.44],[-120.057,35.485],[-120.086,35.614],[-120.194,35.614],[-120.194,35.789],[-121.185,35.794],[-121.172,35.845],[-121.324,35.967],[-121.469,36.016],[-121.562,36.128],[-121.605,36.417],[-121.516,36.437],[-121.565,36.498],[-121.521,36.521],[-121.644,36.607],[-121.584,36.611],[-121.612,36.645],[-121.746,36.678],[-121.718,36.714],[-121.767,36.772],[-121.657,36.735],[-121.603,36.776],[-121.645,36.837],[-121.749,36.846],[-121.81,36.944],[-121.605,37.035],[-121.698,37.124],[-121.586,37.195],[-121.747,37.229],[-121.708,37.297],[-121.817,37.342],[-121.803,37.3],[-121.877,37.276],[-121.936,37.195],[-121.914,37.16],[-121.953,37.177],[-121.966,37.136],[-122.152,37.286],[-122.153,37.215],[-122.318,37.187]]]},"properties":{"id":"CA-19","name":"California district 19","state":"CA"},"id":"CA-19"},{"type":"Feature","geometry":{"type":"Polygon","coordinates":[[[-118.421,34.059],[-118.393,33.98],[-118.313,33.938],[-118.238,33.989],[-118.26,34.049],[-118.421,34.059]]]},"properties":{"id":"CA-37","name":"California district 37","state":"CA"},"id":"CA-37"},{"type":"Feature","geometry":{"type":"Polygon","coordinates":[[[-78.727,38.231],[-78.607,38.258],[-78.209,38.131],[-77.838,38.106],[-77.618,37.95],[-77.445,37.895],[-77.376,37.776],[-77.241,37.91],[-77.18,37.892],[-77.166,37.965],[-77.07,37.965],[-77.17,38.08],[-77.116,38.15],[-77.068,38.145],[-77.045,38.26],[-76.998,38.278],[-77.042,38.401],[-77.284,38.343],[-77.319,38.474],[-77.22,38.646],[-77.334,38.717],[-77.429,38.634],[-77.579,38.628],[-77.531,38.557],[-77.632,38.47],[-77.637,38.41],[-77.755,38.43],[-77.909,38.697],[-78.176,38.521],[-78.338,38.627],[-78.552,38.336],[-78.727,38.231]]]},"properties":{"id":"VA-07","name":"Virginia district 7","state":"VA"},"id":"VA-07"},{"type":"Feature","geometry":{"type":"Polygon","coordinates":[[[-88.355,42.241],[-88.354,42.154],[-88.2,42.154],[-88.195,42.207],[-88.058,42.219],[-87.936,42.081],[-87.84,42.066],[-87.842,42.011],[-87.631,41.963],[-87.679,42.077],[-87.771,42.08],[-87.77,42.123],[-87.937,42.113],[-88.034,42.269],[-88.355,42.241]]]},"properties":{"id":"IL-09","name":"Illinois district 9","state":"IL"},"id":"IL-09"},{"type":"Feature","geometry":{"type":"Polygon","coordinates":[[[-88.252,41.463],[-88.244,41.202],[-87.991,41.205],[-87.835,41.148],[-87.838,41.207],[-87.78,41.207],[-87.782,41.296],[-87.843,41.295],[-87.786,41.354],[-87.79,41.528],[-87.656,41.626],[-87.68,41.663],[-87.622,41.662],[-87.623,41.716],[-87.565,41.708],[-87.583,41.817],[-87.622,41.86],[-87.616,41.78],[-87.722,41.757],[-87.671,41.699],[-87.74,41.691],[-87.719,41.647],[-87.776,41.559],[-87.856,41.558],[-87.913,41.666],[-88.06,41.637],[-88.019,41.38],[-88.135,41.378],[-88.138,41.465],[-88.178,41.482],[-88.252,41.463]]]},"properties":{"id":"IL-01","name":"Illinois district 1","state":"IL"},"id":"IL-01"},{"type":"Feature","geometry":{"type":"Polygon","coordinates":[[[-88.472,42.133],[-88.472,42.067],[-88.376,42.067],[-88.376,41.914],[-88.293,41.918],[-88.309,41.862],[-88.263,41.871],[-88.263,42.059],[-88.145,42.005],[-88.182,41.915],[-88.112,41.888],[-87.969,41.95],[-87.967,42.038],[-87.837,41.97],[-87.89,42.05],[-88.007,42.058],[-88.004,42.154],[-88.063,42.154],[-88.014,42.134],[-88.063,42.067],[-88.122,42.067],[-88.122,42.111],[-88.238,42.092],[-88.238,42.154],[-88.472,42.133]]]},"properties":{"id":"IL-08","name":"Illinois district 8","state":"IL"},"id":"IL-08"},{"type":"Feature","geometry":{"type":"Polygon","coordinates":[[[-89.394,41.495],[-89.393,41.265],[-89.309,41.191],[-89.056,41.222],[-89.049,41.28],[-88.817,41.281],[-88.808,41.34],[-88.591,41.303],[-88.596,41.457],[-88.178,41.482],[-88.138,41.465],[-88.135,41.378],[-88.019,41.38],[-88.026,41.583],[-88.066,41.597],[-88.029,41.67],[-88.145,41.631],[-88.148,41.726],[-88.376,41.744],[-88.376,41.81],[-88.603,41.807],[-88.602,42.018],[-88.64,42.003],[-88.684,42.066],[-88.715,41.98],[-88.942,41.979],[-88.939,41.628],[-89.167,41.629],[-89.167,41.496],[-89.394,41.495]]]},"properties":{"id":"IL-14","name":"Illinois district 14","state":"IL"},"id":"IL-14"},{"type":"Feature","geometry":{"type":"Polygon","coordinates":[[[-90.657,42.489],[-90.472,42.38],[-90.419,42.254],[-90.317,42.194],[-89.92,42.197],[-89.924,42.371],[-89.515,42.374],[-89.514,42.331],[-89.398,42.332],[-89.397,42.289],[-89.148,42.278],[-88.964,42.344],[-89.025,42.296],[-88.98,42.282],[-88.999,42.208],[-89.091,42.181],[-89.111,42.238],[-89.688,42.199],[-89.685,41.93],[-89.629,41.93],[-89.631,41.585],[-90.186,41.585],[-90.195,41.541],[-90.32,41.51],[-90.333,41.442],[-90.432,41.435],[-90.438,41.151],[-90.096,41.15],[-90.095,41.235],[-89.973,41.235],[-89.973,41.322],[-89.857,41.321],[-89.868,41.149],[-89.985,41.149],[-89.985,40.8],[-89.824,40.793],[-89.795,40.711],[-89.646,40.687],[-89.67,40.775],[-89.557,40.76],[-89.553,40.703],[-89.66,40.598],[-89.644,40.48],[-89.471,40.482],[-89.429,40.413],[-89.218,40.421],[-89.218,40.457],[-89.066,40.483],[-89.058,40.529],[-88.944,40.535],[-88.902,40.474],[-89.039,40.455],[-89.035,40.283],[-88.46,40.282],[-88.46,40.399],[-88.347,40.398],[-88.371,40.53],[-88.459,40.53],[-88.459,40.617],[-88.575,40.617],[-88.585,40.85],[-88.642,40.844],[-88.671,40.899],[-88.588,40.936],[-88.585,41.108],[-88.241,41.114],[-88.252,41.463],[-88.596,41.457],[-88.591,41.303],[-88.811,41.34],[-88.817,41.281],[-89.049,41.28],[-89.051,41.225],[-89.163,41.192],[-89.309,41.191],[-89.393,41.265],[-89.394,41.495],[-89.167,41.496],[-89.167,41.629],[-88.939,41.628],[-88.942,41.979],[-88.715,41.98],[-88.716,42.066],[-88.822,42.066],[-88.886,42.27],[-88.822,42.328],[-88.511,42.327],[-88.472,42.495],[-90.657,42.489]]]},"properties":{"id":"IL-16","name":"Illinois district 16","state":"IL"},"id":"IL-16"},{"type":"Feature","geometry":{"type":"Polygon","coordinates":[[[-88.238,42.154],[-88.238,42.092],[-88.122,42.111],[-88.12,42.067],[-88.019,42.108],[-88.063,42.154],[-88.004,42.154],[-88.007,42.058],[-87.89,42.05],[-87.837,41.986],[-87.929,42.005],[-87.916,41.959],[-87.705,41.976],[-87.687,41.91],[-87.616,41.896],[-87.675,41.991],[-87.842,42.011],[-87.84,42.066],[-87.98,42.113],[-88.004,42.197],[-88.17,42.213],[-88.238,42.154]]]},"properties":{"id":"IL-05","name":"Illinois district 5","state":"IL"},"id":"IL-05"},{"type":"Feature","geometry":{"type":"Polygon","coordinates":[[[-90.373,38.291],[-90.353,38.213],[-90.238,38.108],[-89.925,37.96],[-89.975,37.927],[-89.951,37.882],[-89.843,37.905],[-89.67,37.8],[-89.663,37.75],[-89.514,37.69],[-89.476,37.593],[-89.517,37.537],[-89.421,37.388],[-89.518,37.285],[-89.459,37.249],[-89.377,37.038],[-89.279,36.989],[-89.308,37.068],[-89.255,37.072],[-89.185,36.974],[-89.136,36.98],[-89.174,37.066],[-88.97,37.23],[-88.462,37.074],[-88.425,37.152],[-88.516,37.284],[-88.469,37.397],[-88.065,37.489],[-88.16,37.657],[-88.028,37.799],[-88.09,37.817],[-88.026,37.833],[-88.098,37.902],[-88.013,37.894],[-88.069,37.926],[-88.013,37.967],[-88.042,38.046],[-87.957,38.086],[-88.016,38.1],[-87.911,38.163],[-87.988,38.257],[-87.871,38.312],[-87.841,38.28],[-87.745,38.409],[-87.75,38.471],[-87.647,38.508],[-87.67,38.545],[-87.612,38.589],[-87.62,38.639],[-87.496,38.74],[-87.553,38.862],[-87.512,38.954],[-87.659,39.136],[-87.576,39.214],[-87.621,39.305],[-87.532,39.348],[-87.532,39.477],[-87.96,39.481],[-87.966,39.686],[-88.14,39.652],[-88.124,39.513],[-88.174,39.434],[-88.334,39.484],[-88.36,39.432],[-88.47,39.433],[-88.471,39.215],[-88.805,39.216],[-88.807,38.912],[-88.694,38.915],[-88.695,38.826],[-89.138,38.824],[-89.138,38.736],[-89.597,38.743],[-89.595,38.656],[-89.986,38.658],[-90.005,38.615],[-89.901,38.584],[-89.935,38.489],[-90.036,38.484],[-90.036,38.535],[-90.1,38.554],[-90.219,38.485],[-90.264,38.521],[-90.373,38.291]]]},"properties":{"id":"IL-12","name":"Illinois district 12","state":"IL"},"id":"IL-12"},{"type":"Feature","geometry":{"type":"Polygon","coordinates":[[[-88.119,41.806],[-88.012,41.729],[-87.915,41.724],[-87.91,41.6],[-87.856,41.558],[-87.776,41.559],[-87.719,41.647],[-87.74,41.691],[-87.671,41.7],[-87.673,41.736],[-87.799,41.733],[-87.742,41.756],[-87.763,41.8],[-87.956,41.789],[-87.92,41.931],[-88.103,41.865],[-88.119,41.806]]]},"properties":{"id":"IL-06","name":"Illinois district 6","state":"IL"},"id":"IL-06"},{"type":"Feature","geometry":{"type":"Polygon","coordinates":[[[-91.072,41.333],[-90.669,41.328],[-90.672,40.892],[-90.442,40.889],[-90.447,40.54],[-90.674,40.543],[-90.675,40.483],[-90.728,40.477],[-90.705,40.448],[-89.717,40.436],[-89.715,40.319],[-89.264,40.325],[-89.263,40.281],[-89.035,40.283],[-89.039,40.455],[-88.902,40.474],[-88.944,40.535],[-89.058,40.529],[-89.066,40.483],[-89.218,40.457],[-89.218,40.421],[-89.43,40.413],[-89.471,40.482],[-89.644,40.48],[-89.66,40.598],[-89.553,40.703],[-89.557,40.76],[-89.67,40.775],[-89.646,40.687],[-89.795,40.711],[-89.824,40.793],[-89.985,40.8],[-89.985,41.149],[-89.868,41.149],[-89.857,41.321],[-89.973,41.322],[-89.973,41.235],[-90.095,41.235],[-90.096,41.15],[-90.438,41.151],[-90.432,41.435],[-90.333,41.442],[-90.32,41.51],[-90.195,41.541],[-90.186,41.585],[-89.631,41.585],[-89.629,41.93],[-89.685,41.93],[-89.688,42.199],[-89.111,42.238],[-89.091,42.181],[-88.999,42.208],[-88.98,42.282],[-89.025,42.296],[-88.964,42.344],[-89.148,42.278],[-89.397,42.289],[-89.398,42.332],[-89.514,42.331],[-89.515,42.374],[-89.924,42.371],[-89.92,42.197],[-90.317,42.194],[-90.168,42.122],[-90.14,42.003],[-90.182,41.807],[-90.311,41.742],[-90.343,41.588],[-90.656,41.462],[-91.028,41.424],[-91.072,41.333]]]},"properties":{"id":"IL-17","name":"Illinois district 17","state":"IL"},"id":"IL-17"},{"type":"Feature","geometry":{"type":"Polygon","coordinates":[[[-91.513,40.181],[-91.495,40.036],[-91.419,39.928],[-91.447,39.872],[-91.363,39.793],[-91.368,39.73],[-90.73,39.256],[-90.681,39.101],[-90.712,39.047],[-90.663,38.926],[-90.578,38.868],[-90.451,38.968],[-90.195,38.887],[-90.192,38.937],[-90.126,38.93],[-90.154,39.52],[-89.813,39.523],[-89.815,39.698],[-89.705,39.698],[-89.709,39.873],[-89.593,39.832],[-89.599,39.787],[-89.482,39.788],[-89.483,39.875],[-89.368,39.874],[-89.367,39.918],[-88.745,39.968],[-88.745,40.055],[-88.463,40.055],[-88.463,40.142],[-88.125,40.142],[-88.124,40.055],[-88.238,40.054],[-88.238,40.01],[-88.407,39.967],[-88.406,39.879],[-88.851,39.866],[-88.945,39.824],[-88.985,39.908],[-89.106,39.802],[-89.247,39.826],[-89.328,39.764],[-89.425,39.762],[-89.425,39.684],[-89.535,39.641],[-89.534,39.525],[-89.702,39.523],[-89.699,38.999],[-89.927,38.999],[-89.929,38.742],[-89.983,38.658],[-89.595,38.656],[-89.597,38.743],[-89.138,38.736],[-89.138,38.824],[-88.695,38.826],[-88.694,38.915],[-88.807,38.912],[-88.805,39.216],[-88.471,39.215],[-88.47,39.433],[-88.36,39.432],[-88.334,39.484],[-88.174,39.434],[-88.124,39.513],[-88.14,39.652],[-88.063,39.681],[-87.966,39.686],[-87.96,39.481],[-87.532,39.477],[-87.532,40.059],[-87.787,40.027],[-87.806,40.086],[-87.94,40.084],[-87.93,40.313],[-88.117,40.276],[-88.233,40.312],[-89.263,40.281],[-89.264,40.325],[-89.715,40.319],[-89.717,40.436],[-90.705,40.448],[-90.728,40.477],[-90.675,40.483],[-90.674,40.543],[-90.447,40.54],[-90.442,40.889],[-90.672,40.892],[-90.669,41.328],[-91.072,41.333],[-91.114,41.241],[-90.947,41.097],[-90.963,40.926],[-91.093,40.821],[-91.124,40.669],[-91.405,40.555],[-91.373,40.399],[-91.464,40.34],[-91.513,40.181]]]},"properties":{"id":"IL-15","name":"Illinois district 15","state":"IL"},"id":"IL-15"},{"type":"Feature","geometry":{"type":"Polygon","coordinates":[[[-87.967,41.846],[-87.947,41.782],[-87.901,41.821],[-87.806,41.772],[-87.763,41.8],[-87.742,41.756],[-87.8,41.748],[-87.761,41.727],[-87.645,41.804],[-87.644,41.86],[-87.919,41.833],[-87.921,41.883],[-87.825,41.909],[-87.915,41.948],[-87.967,41.846]]]},"properties":{"id":"IL-04","name":"Illinois district 4","state":"IL"},"id":"IL-04"},{"type":"Feature","geometry":{"type":"Polygon","coordinates":[[[-88.671,40.898],[-88.642,40.844],[-88.585,40.85],[-88.575,40.617],[-88.459,40.617],[-88.459,40.53],[-88.371,40.53],[-88.347,40.465],[-88.347,40.398],[-88.46,40.399],[-88.46,40.311],[-88.175,40.275],[-87.93,40.313],[-87.94,40.084],[-87.806,40.086],[-87.787,40.027],[-87.532,40.059],[-87.524,41.76],[-87.604,41.817],[-87.565,41.708],[-87.623,41.716],[-87.622,41.662],[-87.68,41.663],[-87.656,41.626],[-87.79,41.528],[-87.786,41.354],[-87.843,41.295],[-87.782,41.296],[-87.78,41.207],[-87.838,41.207],[-87.835,41.148],[-87.991,41.205],[-88.244,41.202],[-88.241,41.114],[-88.585,41.108],[-88.588,40.936],[-88.671,40.898]]]},"properties":{"id":"IL-02","name":"Illinois district 2","state":"IL"},"id":"IL-02"},{"type":"Feature","geometry":{"type":"Polygon","coordinates":[[[-88.472,42.382],[-88.355,42.366],[-88.346,42.328],[-88.302,42.371],[-88.169,42.358],[-88.102,42.263],[-88.004,42.241],[-87.937,42.113],[-87.77,42.123],[-87.771,42.08],[-87.691,42.083],[-87.828,42.269],[-87.801,42.492],[-88.472,42.495],[-88.472,42.382]]]},"properties":{"id":"IL-10","name":"Illinois district 10","state":"IL"},"id":"IL-10"},{"type":"Feature","geometry":{"type":"Polygon","coordinates":[[[-87.921,41.882],[-87.919,41.833],[-87.644,41.86],[-87.645,41.804],[-87.708,41.777],[-87.644,41.758],[-87.599,41.892],[-87.801,41.918],[-87.921,41.882]]]},"properties":{"id":"IL-07","name":"Illinois district 7","state":"IL"},"id":"IL-07"},{"type":"Feature","geometry":{"type":"Polygon","coordinates":[[[-117.173,32.702],[-117.13,32.666],[-117.125,32.534],[-116.853,32.557],[-116.936,32.594],[-116.928,32.684],[-117.016,32.674],[-117.07,32.758],[-117.173,32.702]]]},"properties":{"id":"CA-52","name":"California district 52","state":"CA"},"id":"CA-52"},{"type":"Feature","geometry":{"type":"Polygon","coordinates":[[[-83.104,40.065],[-83.059,39.978],[-82.99,39.98],[-82.965,39.903],[-82.871,39.915],[-82.782,39.94],[-82.762,40.126],[-83.064,40.138],[-83.104,40.065]]]},"properties":{"id":"OH-03","name":"Ohio district 3","state":"OH"},"id":"OH-03"},{"type":"Feature","geometry":{"type":"Polygon","coordinates":[[[-84.322,34.989],[-83.109,35.001],[-82.757,35.067],[-82.394,35.215],[-82.323,35.185],[-82.206,35.288],[-82.075,35.289],[-82.128,35.396],[-82.27,35.4],[-82.233,35.519],[-81.842,35.542],[-81.869,35.72],[-81.987,35.807],[-81.907,35.883],[-81.943,35.96],[-81.9,36.0],[-81.807,35.962],[-81.736,36.068],[-81.903,36.207],[-81.918,36.287],[-82.034,36.12],[-82.129,36.104],[-82.213,36.159],[-82.353,36.116],[-82.558,35.954],[-82.611,35.967],[-82.591,36.036],[-82.671,36.053],[-82.776,36.001],[-82.805,35.927],[-82.92,35.929],[-82.896,35.879],[-82.992,35.774],[-83.16,35.765],[-83.499,35.563],[-83.755,35.565],[-83.88,35.519],[-84.023,35.412],[-84.053,35.27],[-84.224,35.269],[-84.29,35.225],[-84.322,34.989]]]},"properties":{"id":"NC-11","name":"North Carolina district 11","state":"NC"},"id":"NC-11"},{"type":"Feature","geometry":{"type":"Polygon","coordinates":[[[-77.497,38.887],[-77.456,38.812],[-77.393,38.841],[-77.297,38.776],[-77.359,38.724],[-77.239,38.667],[-77.136,38.784],[-77.219,38.793],[-77.18,38.968],[-77.306,39.052],[-77.497,38.887]]]},"properties":{"id":"VA-11","name":"Virginia district 11","state":"VA"},"id":"VA-11"},{"type":"Feature","geometry":{"type":"Polygon","coordinates":[[[-117.664,33.86],[-117.534,33.71],[-117.413,33.659],[-117.458,33.602],[-117.42,33.623],[-117.394,33.549],[-117.317,33.601],[-117.245,33.576],[-117.171,33.642],[-117.13,33.565],[-116.989,33.592],[-116.94,33.514],[-116.753,33.563],[-116.614,33.541],[-116.57,33.598],[-116.486,33.566],[-116.399,33.642],[-116.321,33.642],[-116.285,33.584],[-116.225,33.616],[-116.302,33.759],[-116.436,33.827],[-116.482,33.761],[-116.494,33.871],[-116.571,33.932],[-116.615,33.902],[-116.583,33.875],[-116.64,33.924],[-116.797,33.886],[-116.81,33.839],[-116.73,33.809],[-116.802,33.732],[-117.12,33.692],[-117.036,33.751],[-117.061,33.837],[-116.963,33.831],[-116.999,33.869],[-116.958,33.904],[-117.071,33.964],[-116.947,33.958],[-116.934,34.005],[-117.233,34.002],[-117.088,33.904],[-117.175,33.893],[-117.204,33.845],[-117.136,33.841],[-117.18,33.743],[-117.284,33.699],[-117.331,33.902],[-117.507,33.868],[-117.502,33.945],[-117.593,33.961],[-117.613,33.865],[-117.664,33.86]]]},"properties":{"id":"CA-41","name":"California district 41","state":"CA"},"id":"CA-41"},{"type":"Feature","geometry":{"type":"Polygon","coordinates":[[[-105.073,38.808],[-104.94,38.797],[-104.942,38.52],[-104.275,38.521],[-104.277,38.781],[-104.314,38.781],[-104.278,38.875],[-104.352,38.867],[-104.331,38.954],[-104.405,39.041],[-104.548,39.043],[-104.552,39.129],[-105.033,39.13],[-105.009,38.929],[-105.073,38.808]]]},"properties":{"id":"CO-05","name":"Colorado district 5","state":"CO"},"id":"CO-05"},{"type":"Feature","geometry":{"type":"Polygon","coordinates":[[[-93.06,38.693],[-92.84,38.684],[-92.842,38.597],[-92.625,38.431],[-92.634,38.348],[-92.69,38.348],[-92.696,38.222],[-92.783,38.175],[-92.71,38.098],[-92.605,38.158],[-92.516,38.023],[-91.966,38.01],[-91.895,38.051],[-91.632,38.051],[-91.631,38.154],[-91.525,38.152],[-91.529,37.789],[-91.308,37.787],[-91.311,37.7],[-91.147,37.697],[-91.147,37.741],[-90.645,37.735],[-90.64,38.077],[-90.492,38.139],[-90.513,38.501],[-90.654,38.488],[-90.68,38.446],[-90.732,38.482],[-90.78,38.204],[-91.368,38.204],[-91.369,38.699],[-91.419,38.71],[-91.416,38.845],[-91.016,38.83],[-90.777,38.77],[-90.7,38.802],[-90.659,38.726],[-90.69,38.712],[-90.595,38.68],[-90.327,38.89],[-90.188,38.818],[-90.118,38.806],[-90.109,38.844],[-90.451,38.968],[-90.561,38.869],[-90.663,38.934],[-90.819,38.876],[-91.111,38.873],[-91.11,38.932],[-91.264,38.993],[-91.26,39.14],[-91.63,39.148],[-91.634,39.059],[-92.132,39.064],[-92.15,38.954],[-92.792,38.972],[-92.935,39.065],[-93.048,38.972],[-93.06,38.693]]]},"properties":{"id":"MO-03","name":"Missouri district 3","state":"MO"},"id":"MO-03"},{"type":"Feature","geometry":{"type":"Polygon","coordinates":[[[-90.489,38.685],[-90.415,38.636],[-90.359,38.653],[-90.377,38.576],[-90.306,38.634],[-90.314,38.579],[-90.258,38.532],[-90.179,38.629],[-90.21,38.726],[-90.118,38.806],[-90.327,38.89],[-90.365,38.826],[-90.469,38.797],[-90.45,38.693],[-90.489,38.685]]]},"properties":{"id":"MO-01","name":"Missouri district 1","state":"MO"},"id":"MO-01"},{"type":"Feature","geometry":{"type":"Polygon","coordinates":[[[-94.609,39.116],[-94.608,38.847],[-94.278,38.835],[-94.272,39.021],[-94.336,39.062],[-94.282,39.11],[-94.468,39.125],[-94.492,39.318],[-94.601,39.333],[-94.609,39.116]]]},"properties":{"id":"MO-05","name":"Missouri district 5","state":"MO"},"id":"MO-05"},{"type":"Feature","geometry":{"type":"Polygon","coordinates":[[[-95.775,40.574],[-95.753,40.525],[-95.656,40.547],[-95.7,40.505],[-95.623,40.342],[-95.657,40.311],[-95.476,40.241],[-95.479,40.186],[-95.393,40.119],[-95.411,40.036],[-95.129,39.874],[-94.954,39.901],[-94.878,39.826],[-94.935,39.776],[-94.865,39.739],[-94.963,39.741],[-95.114,39.554],[-94.942,39.389],[-94.885,39.39],[-94.901,39.302],[-94.752,39.173],[-94.602,39.16],[-94.601,39.333],[-94.561,39.333],[-94.492,39.318],[-94.467,39.124],[-94.314,39.137],[-94.308,39.09],[-94.201,39.065],[-93.98,39.206],[-93.969,39.142],[-93.855,39.213],[-93.711,39.206],[-93.653,39.248],[-93.505,39.217],[-93.473,39.293],[-93.373,39.231],[-93.337,39.307],[-93.225,39.329],[-93.177,39.412],[-93.052,39.321],[-92.96,39.313],[-92.906,39.222],[-92.849,39.226],[-92.79,39.344],[-92.43,39.249],[-92.104,39.24],[-92.11,39.064],[-91.634,39.059],[-91.63,39.148],[-91.26,39.14],[-91.264,38.993],[-91.11,38.932],[-91.111,38.873],[-90.819,38.876],[-90.663,38.934],[-90.73,39.256],[-91.369,39.731],[-91.511,40.126],[-91.491,40.283],[-91.419,40.378],[-91.525,40.411],[-91.525,40.458],[-91.729,40.614],[-95.775,40.574]]]},"properties":{"id":"MO-06","name":"Missouri district 6","state":"MO"},"id":"MO-06"},{"type":"Feature","geometry":{"type":"Polygon","coordinates":[[[-94.618,37.682],[-94.618,37.364],[-93.626,37.282],[-93.621,37.427],[-93.073,37.415],[-93.077,37.271],[-92.971,37.268],[-92.972,37.234],[-92.68,37.242],[-92.687,37.482],[-92.252,37.473],[-92.249,37.605],[-92.029,37.603],[-92.021,38.011],[-92.516,38.023],[-92.605,38.158],[-92.691,38.09],[-92.776,38.135],[-92.756,38.212],[-92.696,38.222],[-92.69,38.348],[-92.634,38.348],[-92.625,38.431],[-92.842,38.597],[-92.84,38.684],[-93.06,38.693],[-93.048,38.972],[-92.935,39.065],[-92.792,38.972],[-92.15,38.954],[-92.104,39.24],[-92.43,39.249],[-92.79,39.344],[-92.849,39.226],[-92.906,39.222],[-92.96,39.313],[-93.052,39.321],[-93.181,39.412],[-93.221,39.332],[-93.337,39.307],[-93.329,39.255],[-93.375,39.231],[-93.478,39.293],[-93.505,39.217],[-93.653,39.248],[-93.711,39.206],[-93.855,39.213],[-93.969,39.142],[-93.98,39.206],[-94.105,39.144],[-94.107,39.092],[-94.31,39.092],[-94.278,38.835],[-94.608,38.847],[-94.618,37.682]]]},"properties":{"id":"MO-04","name":"Missouri district 4","state":"MO"},"id":"MO-04"},{"type":"Feature","geometry":{"type":"Polygon","coordinates":[[[-91.419,38.71],[-91.369,38.699],[-91.368,38.204],[-90.78,38.204],[-90.732,38.482],[-90.68,38.446],[-90.591,38.502],[-90.405,38.501],[-90.411,38.453],[-90.336,38.453],[-90.342,38.387],[-90.257,38.532],[-90.314,38.579],[-90.306,38.634],[-90.377,38.576],[-90.359,38.653],[-90.489,38.683],[-90.45,38.693],[-90.459,38.756],[-90.551,38.682],[-90.663,38.687],[-90.7,38.802],[-90.777,38.77],[-91.016,38.83],[-91.416,38.845],[-91.419,38.71]]]},"properties":{"id":"MO-02","name":"Missouri district 2","state":"MO"},"id":"MO-02"},{"type":"Feature","geometry":{"type":"Polygon","coordinates":[[[-94.619,36.883],[-94.618,36.499],[-92.772,36.498],[-92.765,36.806],[-92.909,36.809],[-92.903,37.071],[-92.686,37.067],[-92.68,37.242],[-93.077,37.271],[-93.073,37.415],[-93.621,37.427],[-93.626,37.282],[-94.618,37.364],[-94.619,36.883]]]},"properties":{"id":"MO-07","name":"Missouri district 7","state":"MO"},"id":"MO-07"},{"type":"Feature","geometry":{"type":"Polygon","coordinates":[[[-80.121,40.36],[-80.116,40.313],[-79.914,40.252],[-79.955,40.213],[-79.872,40.197],[-79.758,40.251],[-79.683,40.199],[-79.594,40.268],[-79.571,40.42],[-79.761,40.551],[-79.837,40.53],[-79.777,40.466],[-79.843,40.409],[-79.892,40.428],[-79.885,40.491],[-79.984,40.466],[-80.011,40.501],[-80.095,40.457],[-80.005,40.365],[-80.121,40.36]]]},"properties":{"id":"PA-12","name":"Pennsylvania district 12","state":"PA"},"id":"PA-12"},{"type":"Feature","geometry":{"type":"Polygon","coordinates":[[[-77.095,41.243],[-76.894,41.231],[-76.967,41.201],[-76.89,41.151],[-76.882,40.969],[-76.799,40.878],[-76.937,40.613],[-76.702,40.658],[-76.535,40.555],[-76.678,40.475],[-76.569,40.196],[-76.151,40.316],[-76.085,40.28],[-76.035,40.326],[-76.079,40.389],[-75.972,40.447],[-75.947,40.533],[-75.878,40.538],[-75.937,40.592],[-75.767,40.597],[-75.891,40.677],[-75.758,40.735],[-75.998,40.913],[-76.108,40.923],[-76.119,40.96],[-76.016,40.982],[-76.015,41.059],[-75.928,41.088],[-75.994,41.167],[-76.054,41.156],[-76.077,41.25],[-75.948,41.329],[-76.059,41.342],[-76.063,41.382],[-75.835,41.427],[-75.72,41.642],[-75.462,41.642],[-75.483,41.999],[-76.927,42.002],[-76.875,41.597],[-76.814,41.59],[-76.772,41.472],[-76.827,41.47],[-76.829,41.378],[-76.994,41.349],[-76.996,41.297],[-77.095,41.243]]]},"properties":{"id":"PA-09","name":"Pennsylvania district 9","state":"PA"},"id":"PA-09"},{"type":"Feature","geometry":{"type":"Polygon","coordinates":[[[-76.119,40.96],[-76.028,40.902],[-75.732,41.008],[-75.767,41.093],[-75.667,41.134],[-75.427,40.897],[-75.295,40.862],[-74.97,41.086],[-74.83,41.287],[-74.69,41.365],[-74.739,41.431],[-74.983,41.481],[-75.075,41.607],[-75.053,41.752],[-75.105,41.774],[-75.073,41.814],[-75.172,41.872],[-75.258,41.862],[-75.345,41.995],[-75.483,41.999],[-75.462,41.642],[-75.72,41.642],[-75.835,41.427],[-76.063,41.382],[-76.059,41.342],[-75.948,41.329],[-76.077,41.25],[-76.054,41.156],[-75.994,41.167],[-75.928,41.088],[-76.029,41.045],[-76.016,40.982],[-76.119,40.96]]]},"properties":{"id":"PA-08","name":"Pennsylvania district 8","state":"PA"},"id":"PA-08"},{"type":"Feature","geometry":{"type":"Polygon","coordinates":[[[-80.519,39.744],[-78.808,39.723],[-78.757,39.823],[-78.763,40.057],[-78.658,40.243],[-78.885,40.245],[-78.933,40.285],[-79.01,40.227],[-79.074,40.266],[-78.803,40.729],[-79.1,40.761],[-79.101,40.819],[-79.215,40.838],[-79.215,40.776],[-79.495,40.525],[-79.584,40.637],[-79.693,40.67],[-79.769,40.555],[-79.571,40.42],[-79.594,40.268],[-79.683,40.199],[-79.758,40.251],[-79.914,40.198],[-79.971,40.229],[-79.914,40.252],[-80.185,40.333],[-80.361,40.478],[-80.519,40.477],[-80.519,39.744]]]},"properties":{"id":"PA-14","name":"Pennsylvania district 14","state":"PA"},"id":"PA-14"},{"type":"Feature","geometry":{"type":"Polygon","coordinates":[[[-102.052,40.0],[-102.042,36.993],[-99.541,37.0],[-99.57,38.175],[-99.132,38.174],[-99.022,38.261],[-98.472,38.261],[-98.465,37.733],[-97.699,37.735],[-97.702,38.174],[-97.372,38.174],[-97.372,38.609],[-96.93,38.609],[-96.89,38.87],[-96.927,38.87],[-96.926,38.979],[-96.963,38.965],[-96.962,39.22],[-96.85,39.219],[-96.851,39.088],[-96.405,39.043],[-96.389,39.173],[-96.346,39.154],[-96.308,39.197],[-96.107,39.201],[-96.039,39.127],[-96.036,39.217],[-95.589,39.216],[-95.589,39.058],[-95.419,39.067],[-95.336,39.03],[-95.335,38.943],[-95.177,38.942],[-95.212,38.963],[-95.181,39.419],[-95.57,39.419],[-95.57,39.526],[-95.719,39.566],[-96.239,39.566],[-96.239,40.001],[-102.052,40.0]]]},"properties":{"id":"KS-01","name":"Kansas district 1","state":"KS"},"id":"KS-01"},{"type":"Feature","geometry":{"type":"Polygon","coordinates":[[[-88.886,42.27],[-88.822,42.066],[-88.602,42.018],[-88.603,41.807],[-88.376,41.81],[-88.376,41.744],[-88.148,41.726],[-88.145,41.631],[-87.913,41.666],[-87.915,41.724],[-88.012,41.729],[-88.114,41.815],[-88.263,41.816],[-88.263,41.871],[-88.31,41.863],[-88.293,41.918],[-88.376,41.914],[-88.376,42.067],[-88.472,42.067],[-88.472,42.133],[-88.354,42.154],[-88.355,42.241],[-88.198,42.242],[-88.199,42.285],[-88.102,42.263],[-88.121,42.328],[-88.472,42.37],[-88.511,42.327],[-88.822,42.328],[-88.886,42.27]]]},"properties":{"id":"IL-11","name":"Illinois district 11","state":"IL"},"id":"IL-11"},{"type":"Feature","geometry":{"type":"Polygon","coordinates":[[[-106.646,31.896],[-106.491,31.749],[-106.415,31.751],[-106.163,31.597],[-106.198,31.609],[-106.145,31.68],[-106.199,31.712],[-106.2,31.816],[-106.34,31.866],[-106.421,31.828],[-106.371,31.927],[-106.496,31.912],[-106.514,32.001],[-106.618,32.0],[-106.646,31.896]]]},"properties":{"id":"TX-16","name":"Texas district 16","state":"TX"},"id":"TX-16"},{"type":"Feature","geometry":{"type":"Polygon","coordinates":[[[-90.264,38.521],[-90.219,38.485],[-90.1,38.554],[-90.036,38.535],[-90.036,38.484],[-89.935,38.489],[-89.901,38.584],[-90.007,38.633],[-89.929,38.742],[-89.927,38.999],[-89.699,38.999],[-89.702,39.523],[-89.534,39.525],[-89.535,39.641],[-89.425,39.684],[-89.425,39.762],[-89.328,39.764],[-89.247,39.826],[-89.106,39.802],[-88.985,39.908],[-88.945,39.824],[-88.851,39.866],[-88.406,39.879],[-88.407,39.967],[-88.238,40.01],[-88.238,40.054],[-88.124,40.055],[-88.125,40.142],[-88.463,40.142],[-88.463,40.055],[-88.745,40.055],[-88.745,39.968],[-89.367,39.918],[-89.368,39.874],[-89.483,39.875],[-89.482,39.788],[-89.599,39.787],[-89.593,39.832],[-89.709,39.873],[-89.705,39.698],[-89.815,39.698],[-89.813,39.523],[-90.154,39.52],[-90.118,38.957],[-90.196,38.909],[-90.109,38.837],[-90.21,38.726],[-90.179,38.629],[-90.264,38.521]]]},"properties":{"id":"IL-13","name":"Illinois district 13","state":"IL"},"id":"IL-13"},{"type":"Feature","geometry":{"type":"Polygon","coordinates":[[[-88.264,42.059],[-88.263,41.816],[-88.114,41.815],[-88.103,41.865],[-87.915,41.948],[-87.687,41.896],[-87.705,41.976],[-87.902,41.951],[-87.939,41.994],[-87.9,42.024],[-87.967,42.038],[-87.969,41.95],[-88.112,41.888],[-88.182,41.915],[-88.145,42.005],[-88.264,42.059]]]},"properties":{"id":"IL-03","name":"Illinois district 3","state":"IL"},"id":"IL-03"},{"type":"Feature","geometry":{"type":"Polygon","coordinates":[[[-70.989,43.792],[-70.951,43.551],[-70.978,43.358],[-70.818,43.238],[-70.827,43.127],[-70.706,43.075],[-70.575,42.917],[-70.529,43.006],[-70.6,43.057],[-70.582,43.095],[-70.54,43.131],[-70.459,43.071],[-70.404,43.109],[-70.441,43.167],[-70.522,43.155],[-70.521,43.252],[-70.367,43.323],[-70.156,43.524],[-69.665,43.712],[-69.551,43.707],[-69.506,43.778],[-69.409,43.811],[-69.335,43.704],[-69.238,43.75],[-69.262,43.815],[-69.15,43.796],[-69.056,43.859],[-68.926,43.75],[-68.827,43.736],[-68.669,43.87],[-68.721,43.962],[-68.568,43.958],[-68.485,44.028],[-68.549,44.13],[-68.73,44.117],[-68.83,44.21],[-69.0,44.167],[-69.028,44.249],[-69.122,44.256],[-69.269,44.365],[-69.347,44.308],[-69.506,44.343],[-69.372,44.545],[-69.417,44.551],[-69.393,44.64],[-69.461,44.647],[-69.484,44.72],[-69.633,44.7],[-69.591,44.585],[-69.668,44.586],[-69.718,44.513],[-69.677,44.5],[-69.729,44.378],[-69.626,44.362],[-69.665,44.228],[-69.763,44.224],[-69.764,44.153],[-69.855,44.168],[-69.8,44.242],[-69.937,44.268],[-70.019,44.158],[-70.034,43.976],[-70.081,43.926],[-70.204,43.948],[-70.315,44.038],[-70.364,43.986],[-70.502,44.043],[-70.581,44.018],[-70.624,44.171],[-70.867,44.08],[-70.715,43.962],[-70.801,43.857],[-70.783,43.814],[-70.989,43.792]]]},"properties":{"id":"ME-01","name":"Maine district 1","state":"ME"},"id":"ME-01"},{"type":"Feature","geometry":{"type":"Polygon","coordinates":[[[-71.084,45.305],[-70.971,43.785],[-70.783,43.814],[-70.801,43.857],[-70.715,43.962],[-70.859,44.095],[-70.624,44.171],[-70.581,44.018],[-70.502,44.043],[-70.364,43.986],[-70.315,44.038],[-70.204,43.948],[-70.081,43.926],[-70.034,43.976],[-70.019,44.158],[-69.937,44.268],[-69.8,44.242],[-69.855,44.168],[-69.764,44.153],[-69.763,44.224],[-69.665,44.228],[-69.626,44.362],[-69.73,44.389],[-69.669,44.585],[-69.589,44.589],[-69.633,44.7],[-69.47,44.718],[-69.461,44.648],[-69.393,44.64],[-69.396,44.457],[-69.445,44.464],[-69.506,44.343],[-69.347,44.308],[-69.269,44.365],[-69.122,44.256],[-69.028,44.249],[-69.0,44.167],[-68.83,44.21],[-68.73,44.117],[-68.549,44.13],[-68.485,44.028],[-68.203,44.1],[-68.128,44.264],[-67.999,44.28],[-67.925,44.341],[-67.824,44.327],[-67.775,44.411],[-67.627,44.383],[-67.513,44.421],[-67.443,44.505],[-67.191,44.58],[-66.885,44.794],[-66.975,44.842],[-66.969,44.91],[-67.159,45.162],[-67.283,45.192],[-67.341,45.125],[-67.429,45.193],[-67.49,45.282],[-67.419,45.377],[-67.504,45.487],[-67.416,45.501],[-67.45,45.602],[-67.646,45.613],[-67.71,45.681],[-67.818,45.694],[-67.782,45.731],[-67.806,45.794],[-67.755,45.823],[-67.804,45.883],[-67.751,45.918],[-67.79,47.067],[-68.234,47.355],[-68.363,47.355],[-68.378,47.287],[-68.58,47.287],[-68.9,47.178],[-69.051,47.256],[-69.043,47.427],[-69.224,47.46],[-69.997,46.696],[-70.057,46.416],[-70.191,46.35],[-70.293,46.191],[-70.236,46.145],[-70.318,46.019],[-70.284,45.995],[-70.316,45.963],[-70.239,45.944],[-70.259,45.891],[-70.417,45.796],[-70.4,45.72],[-70.559,45.666],[-70.723,45.514],[-70.635,45.383],[-70.798,45.427],[-70.858,45.229],[-70.952,45.339],[-71.084,45.305]]]},"properties":{"id":"ME-02","name":"Maine district 2","state":"ME"},"id":"ME-02"},{"type":"Feature","geometry":{"type":"Polygon","coordinates":[[[-77.187,39.341],[-76.959,39.134],[-76.84,39.103],[-76.767,39.15],[-76.649,39.067],[-76.594,38.962],[-76.424,38.88],[-76.349,39.157],[-76.619,39.237],[-76.701,39.213],[-76.794,39.266],[-76.795,39.314],[-76.992,39.36],[-76.976,39.421],[-77.048,39.444],[-77.075,39.405],[-77.134,39.432],[-77.187,39.341]]]},"properties":{"id":"MD-03","name":"Maryland district 3","state":"MD"},"id":"MD-03"},{"type":"Feature","geometry":{"type":"Polygon","coordinates":[[[-76.699,39.718],[-76.599,39.556],[-76.613,39.506],[-76.538,39.48],[-76.558,39.44],[-76.456,39.407],[-76.428,39.344],[-76.316,39.333],[-76.344,39.283],[-76.288,39.254],[-76.464,38.71],[-76.426,38.508],[-76.201,38.077],[-76.236,37.887],[-76.052,37.954],[-75.801,37.912],[-75.648,37.947],[-75.624,37.994],[-75.166,38.028],[-74.986,38.452],[-75.694,38.46],[-75.789,39.722],[-76.699,39.718]]]},"properties":{"id":"MD-01","name":"Maryland district 1","state":"MD"},"id":"MD-01"},{"type":"Feature","geometry":{"type":"Polygon","coordinates":[[[-77.344,39.102],[-77.245,38.983],[-77.12,38.934],[-77.041,38.996],[-76.987,38.977],[-76.946,39.055],[-77.009,39.207],[-77.145,39.295],[-77.21,39.217],[-77.174,39.123],[-77.314,39.147],[-77.344,39.102]]]},"properties":{"id":"MD-08","name":"Maryland district 8","state":"MD"},"id":"MD-08"},{"type":"Feature","geometry":{"type":"Polygon","coordinates":[[[-86.783,36.192],[-86.725,36.164],[-86.735,36.091],[-86.672,36.077],[-86.61,36.116],[-86.623,36.249],[-86.289,36.249],[-86.161,36.095],[-86.216,36.007],[-86.142,35.914],[-86.207,35.704],[-85.994,35.654],[-85.914,35.823],[-85.747,35.849],[-85.62,35.801],[-85.558,35.533],[-85.46,35.547],[-85.257,35.765],[-84.917,35.762],[-84.729,35.859],[-84.681,35.908],[-84.721,35.995],[-84.908,36.156],[-84.876,36.285],[-84.607,36.406],[-84.451,36.374],[-84.443,36.434],[-84.346,36.428],[-84.339,36.5],[-84.262,36.512],[-84.249,36.565],[-86.508,36.652],[-86.564,36.634],[-86.691,36.409],[-86.772,36.393],[-86.73,36.284],[-86.783,36.192]]]},"properties":{"id":"TN-06","name":"Tennessee district 6","state":"TN"},"id":"TN-06"},{"type":"Feature","geometry":{"type":"Polygon","coordinates":[[[-87.612,35.019],[-85.474,34.983],[-85.382,35.045],[-85.388,35.146],[-85.168,35.456],[-85.017,35.409],[-84.927,35.289],[-84.62,35.645],[-84.619,35.708],[-84.754,35.754],[-84.782,35.825],[-85.029,35.746],[-85.254,35.766],[-85.424,35.567],[-85.558,35.533],[-85.636,35.813],[-85.876,35.846],[-85.988,35.735],[-85.985,35.66],[-86.143,35.662],[-86.209,35.712],[-86.153,35.954],[-86.31,35.979],[-86.516,36.101],[-86.612,36.01],[-86.613,35.79],[-86.698,35.746],[-86.639,35.686],[-86.666,35.456],[-86.603,35.327],[-86.747,35.253],[-86.828,35.264],[-86.842,35.319],[-86.911,35.318],[-86.94,35.415],[-87.448,35.458],[-87.449,35.421],[-87.575,35.398],[-87.573,35.049],[-87.612,35.019]]]},"properties":{"id":"TN-04","name":"Tennessee district 4","state":"TN"},"id":"TN-04"},{"type":"Feature","geometry":{"type":"MultiPolygon","coordinates":[[[[-84.584,35.644],[-84.505,35.62],[-84.504,35.666],[-84.318,35.672],[-84.086,35.541],[-83.996,35.553],[-84.011,35.513],[-83.94,35.489],[-83.953,35.461],[-83.772,35.561],[-83.663,35.569],[-83.663,35.691],[-83.794,35.887],[-83.655,35.972],[-83.677,36.028],[-83.628,36.08],[-83.669,36.067],[-83.674,36.125],[-83.631,36.1],[-83.638,36.144],[-83.565,36.192],[-83.472,36.172],[-83.328,36.297],[-83.28,36.263],[-83.274,36.386],[-83.389,36.408],[-83.386,36.509],[-83.472,36.597],[-84.261,36.592],[-84.26,36.514],[-84.339,36.5],[-84.345,36.416],[-84.22,36.359],[-84.127,36.396],[-84.116,36.29],[-84.062,36.247],[-84.03,36.301],[-83.942,36.186],[-84.093,36.074],[-84.077,36.02],[-84.272,35.942],[-84.264,35.895],[-84.33,35.893],[-84.389,35.768],[-84.584,35.644]]],[[[-84.54,35.619],[-84.523,35.608],[-84.522,35.619],[-84.54,35.619]]],[[[-84.355,35.641],[-84.35,35.633],[-84.343,35.637],[-84.355,35.641]]],[[[-84.549,35.673],[-84.54,35.67],[-84.54,35.677],[-84.549,35.673]]]]},"properties":{"id":"TN-02","name":"Tennessee district 2","state":"TN"},"id":"TN-02"},{"type":"Feature","geometry":{"type":"Polygon","coordinates":[[[-88.248,35.426],[-88.196,35.38],[-88.025,35.392],[-88.018,35.3],[-87.982,35.296],[-87.985,35.006],[-87.606,35.003],[-87.575,35.406],[-87.718,35.483],[-87.658,35.609],[-87.587,35.653],[-87.46,35.615],[-87.325,35.658],[-87.234,35.725],[-87.215,35.851],[-86.913,35.783],[-86.832,35.859],[-86.808,35.966],[-86.965,35.934],[-87.055,36.05],[-86.879,36.14],[-86.728,36.127],[-86.782,36.18],[-86.73,36.284],[-86.772,36.393],[-86.691,36.409],[-86.564,36.634],[-87.853,36.633],[-87.85,36.664],[-88.071,36.678],[-88.033,36.541],[-88.062,36.445],[-87.991,36.36],[-88.096,36.359],[-88.083,36.257],[-88.139,36.209],[-88.057,36.144],[-88.089,36.138],[-88.078,36.06],[-88.214,35.983],[-88.189,35.631],[-88.248,35.426]]]},"properties":{"id":"TN-07","name":"Tennessee district 7","state":"TN"},"id":"TN-07"},{"type":"Feature","geometry":{"type":"Polygon","coordinates":[[[-80.389,25.69],[-80.372,25.57],[-80.325,25.535],[-80.112,25.54],[-80.092,25.721],[-80.177,25.787],[-80.353,25.782],[-80.389,25.69]]]},"properties":{"id":"FL-27","name":"Florida district 27","state":"FL"},"id":"FL-27"},{"type":"Feature","geometry":{"type":"Polygon","coordinates":[[[-88.415,30.786],[-88.384,30.159],[-88.162,30.2],[-88.046,30.145],[-87.518,30.23],[-87.518,30.284],[-87.45,30.311],[-87.503,30.327],[-87.367,30.44],[-87.45,30.514],[-87.406,30.675],[-87.635,30.866],[-87.599,30.997],[-85.002,31.001],[-85.108,31.187],[-85.057,31.619],[-85.151,31.774],[-85.216,31.702],[-85.416,31.707],[-85.416,31.619],[-86.146,31.618],[-86.194,31.44],[-86.277,31.456],[-86.28,31.529],[-86.396,31.451],[-86.4,31.527],[-86.702,31.524],[-86.662,31.402],[-86.721,31.183],[-86.767,31.183],[-86.764,31.261],[-87.559,31.227],[-87.805,31.319],[-87.785,31.277],[-87.944,31.161],[-88.197,31.144],[-88.133,31.071],[-88.203,31.049],[-88.157,31.01],[-88.188,30.956],[-88.144,30.876],[-88.222,30.833],[-88.017,30.781],[-88.009,30.684],[-88.19,30.569],[-88.26,30.739],[-88.415,30.786]]]},"properties":{"id":"AL-01","name":"Alabama district 1","state":"AL"},"id":"AL-01"},{"type":"Feature","geometry":{"type":"Polygon","coordinates":[[[-88.464,31.698],[-88.415,30.786],[-88.26,30.739],[-88.19,30.569],[-88.001,30.698],[-88.017,30.781],[-88.222,30.833],[-88.144,30.876],[-88.188,30.956],[-88.157,31.01],[-88.203,31.049],[-88.133,31.071],[-88.197,31.144],[-87.944,31.161],[-87.785,31.277],[-87.804,31.319],[-87.559,31.227],[-86.764,31.261],[-86.767,31.183],[-86.721,31.183],[-86.662,31.402],[-86.702,31.524],[-86.4,31.527],[-86.396,31.451],[-86.28,31.529],[-86.277,31.456],[-86.194,31.44],[-86.146,31.618],[-85.416,31.619],[-85.416,31.707],[-85.216,31.702],[-85.126,31.763],[-85.134,31.892],[-85.049,32.022],[-85.062,32.133],[-84.888,32.26],[-85.006,32.327],[-84.963,32.424],[-85.001,32.51],[-85.334,32.469],[-85.33,32.411],[-85.434,32.41],[-85.439,32.497],[-85.713,32.596],[-85.799,32.581],[-85.797,32.494],[-86.046,32.406],[-86.19,32.432],[-86.262,32.502],[-86.313,32.489],[-86.312,32.411],[-86.461,32.405],[-86.499,32.339],[-86.481,32.271],[-86.409,32.244],[-86.405,31.964],[-86.909,31.962],[-86.907,31.831],[-87.552,31.828],[-87.566,31.658],[-87.704,31.646],[-87.721,31.596],[-87.819,31.593],[-87.833,31.523],[-87.88,31.546],[-87.903,31.503],[-88.079,31.601],[-88.088,31.699],[-88.464,31.698]]]},"properties":{"id":"AL-02","name":"Alabama district 2","state":"AL"},"id":"AL-02"},{"type":"Feature","geometry":{"type":"Polygon","coordinates":[[[-86.578,33.767],[-86.525,33.721],[-86.552,33.561],[-86.482,33.546],[-86.482,33.503],[-86.378,33.502],[-86.341,33.355],[-86.503,33.175],[-86.311,33.159],[-86.279,33.104],[-86.009,33.105],[-86.007,32.755],[-85.88,32.755],[-85.887,32.494],[-85.797,32.494],[-85.799,32.581],[-85.713,32.596],[-85.439,32.497],[-85.434,32.41],[-85.33,32.411],[-85.334,32.469],[-85.001,32.51],[-85.105,32.641],[-85.184,32.861],[-85.514,34.525],[-85.629,34.372],[-85.844,34.245],[-85.844,34.2],[-86.2,34.177],[-86.323,34.072],[-86.37,33.94],[-86.322,33.933],[-86.346,33.883],[-86.43,33.82],[-86.578,33.802],[-86.578,33.767]]]},"properties":{"id":"AL-03","name":"Alabama district 3","state":"AL"},"id":"AL-03"},{"type":"Feature","geometry":{"type":"Polygon","coordinates":[[[-88.274,33.534],[-87.841,33.525],[-87.832,33.017],[-87.627,33.013],[-87.63,33.06],[-87.544,33.116],[-87.618,33.193],[-87.461,33.215],[-87.393,33.288],[-87.375,33.442],[-87.187,33.552],[-87.179,33.614],[-87.058,33.656],[-87.006,33.787],[-86.884,33.843],[-86.759,33.841],[-86.648,33.766],[-86.43,33.82],[-86.322,33.932],[-86.37,33.94],[-86.323,34.072],[-86.2,34.177],[-85.844,34.2],[-85.844,34.245],[-85.629,34.372],[-85.514,34.524],[-85.583,34.86],[-85.785,34.625],[-86.004,34.48],[-86.089,34.468],[-86.095,34.52],[-86.154,34.53],[-86.148,34.599],[-86.327,34.6],[-86.33,34.513],[-86.425,34.479],[-86.502,34.483],[-86.551,34.546],[-86.582,34.305],[-87.53,34.305],[-87.53,34.567],[-87.446,34.651],[-87.416,34.764],[-87.495,34.819],[-87.496,34.872],[-87.43,34.924],[-87.425,35.002],[-88.203,35.008],[-88.098,34.892],[-88.274,33.534]]]},"properties":{"id":"AL-04","name":"Alabama district 4","state":"AL"},"id":"AL-04"},{"type":"Feature","geometry":{"type":"MultiPolygon","coordinates":[[[[-87.531,34.408],[-87.53,34.305],[-86.582,34.305],[-86.55,34.546],[-86.502,34.483],[-86.425,34.479],[-86.33,34.513],[-86.327,34.6],[-86.148,34.599],[-86.148,34.521],[-86.095,34.52],[-86.088,34.467],[-85.962,34.5],[-85.66,34.755],[-85.583,34.86],[-85.605,34.985],[-87.433,35.001],[-87.495,34.819],[-87.416,34.763],[-87.446,34.651],[-87.53,34.567],[-87.531,34.408]]],[[[-86.154,34.53],[-86.15,34.53],[-86.15,34.534],[-86.154,34.53]]]]},"properties":{"id":"AL-05","name":"Alabama district 5","state":"AL"},"id":"AL-05"},{"type":"Feature","geometry":{"type":"Polygon","coordinates":[[[-87.422,33.003],[-87.421,32.875],[-87.319,32.875],[-87.319,32.832],[-87.019,32.837],[-87.018,32.663],[-86.918,32.664],[-86.811,32.308],[-86.778,32.395],[-86.721,32.405],[-86.684,32.353],[-86.62,32.406],[-86.494,32.345],[-86.459,32.406],[-86.311,32.412],[-86.313,32.489],[-86.262,32.502],[-86.19,32.432],[-86.048,32.406],[-85.853,32.476],[-85.912,32.678],[-85.88,32.755],[-86.007,32.755],[-86.009,33.105],[-86.279,33.104],[-86.311,33.159],[-86.503,33.174],[-86.434,33.283],[-86.358,33.296],[-86.378,33.502],[-86.482,33.503],[-86.482,33.546],[-86.552,33.561],[-86.543,33.765],[-86.648,33.766],[-86.759,33.841],[-86.884,33.843],[-87.041,33.729],[-87.04,33.687],[-86.947,33.709],[-86.875,33.63],[-86.719,33.66],[-86.661,33.62],[-86.68,33.547],[-86.842,33.416],[-86.831,33.332],[-86.983,33.246],[-87.152,33.232],[-87.199,33.131],[-87.312,33.094],[-87.319,33.006],[-87.422,33.003]]]},"properties":{"id":"AL-06","name":"Alabama district 6","state":"AL"},"id":"AL-06"},{"type":"Feature","geometry":{"type":"Polygon","coordinates":[[[-88.473,31.894],[-88.464,31.698],[-88.088,31.699],[-88.079,31.601],[-87.904,31.503],[-87.88,31.546],[-87.833,31.523],[-87.819,31.593],[-87.721,31.596],[-87.704,31.646],[-87.566,31.658],[-87.552,31.828],[-86.907,31.831],[-86.909,31.962],[-86.405,31.964],[-86.409,32.244],[-86.485,32.276],[-86.479,32.34],[-86.595,32.361],[-86.62,32.406],[-86.684,32.353],[-86.721,32.405],[-86.778,32.395],[-86.816,32.31],[-86.918,32.664],[-87.018,32.663],[-87.019,32.837],[-87.319,32.832],[-87.319,32.875],[-87.421,32.875],[-87.422,33.003],[-87.319,33.006],[-87.282,33.133],[-87.199,33.131],[-87.152,33.232],[-86.983,33.246],[-86.831,33.332],[-86.806,33.474],[-86.649,33.594],[-86.683,33.651],[-86.875,33.63],[-86.965,33.711],[-87.179,33.614],[-87.187,33.552],[-87.384,33.431],[-87.393,33.289],[-87.461,33.215],[-87.618,33.193],[-87.544,33.116],[-87.636,33.01],[-87.832,33.017],[-87.841,33.525],[-88.274,33.534],[-88.473,31.894]]]},"properties":{"id":"AL-07","name":"Alabama district 7","state":"AL"},"id":"AL-07"},{"type":"Feature","geometry":{"type":"Polygon","coordinates":[[[-121.941,37.323],[-121.877,37.302],[-121.79,37.352],[-121.704,37.292],[-121.722,37.209],[-121.586,37.195],[-121.698,37.124],[-121.605,37.035],[-121.81,36.944],[-121.749,36.846],[-121.645,36.837],[-121.603,36.776],[-121.657,36.735],[-121.767,36.772],[-121.718,36.714],[-121.746,36.678],[-121.612,36.645],[-121.584,36.611],[-121.644,36.607],[-121.521,36.521],[-121.565,36.498],[-121.516,36.437],[-121.605,36.417],[-121.562,36.128],[-121.469,36.016],[-121.324,35.967],[-121.172,35.845],[-121.185,35.794],[-120.214,35.789],[-120.276,35.906],[-120.649,36.108],[-120.672,36.164],[-120.627,36.203],[-120.683,36.294],[-120.597,36.328],[-120.597,36.488],[-121.222,36.91],[-121.217,37.123],[-121.281,37.184],[-121.406,37.158],[-121.459,37.282],[-121.406,37.311],[-121.409,37.381],[-121.457,37.396],[-121.473,37.482],[-121.856,37.485],[-121.784,37.392],[-121.941,37.323]]]},"properties":{"id":"CA-18","name":"California district 18","state":"CA"},"id":"CA-18"},{"type":"Feature","geometry":{"type":"Polygon","coordinates":[[[-117.51,33.534],[-117.225,33.432],[-117.245,33.267],[-117.085,33.207],[-117.146,33.168],[-117.109,33.147],[-117.134,33.124],[-117.033,33.149],[-116.906,33.091],[-117.022,33.063],[-117.084,32.965],[-117.067,32.928],[-116.981,32.942],[-117.038,32.831],[-116.896,32.806],[-117.0,32.778],[-116.941,32.733],[-117.016,32.675],[-116.928,32.684],[-116.924,32.582],[-116.106,32.618],[-116.085,33.426],[-116.623,33.427],[-116.631,33.497],[-116.789,33.467],[-116.821,33.494],[-116.788,33.54],[-116.94,33.514],[-116.989,33.592],[-117.13,33.565],[-117.166,33.642],[-117.245,33.576],[-117.343,33.591],[-117.356,33.547],[-117.42,33.623],[-117.51,33.534]]]},"properties":{"id":"CA-48","name":"California district 48","state":"CA"},"id":"CA-48"},{"type":"Feature","geometry":{"type":"Polygon","coordinates":[[[-117.12,33.713],[-116.962,33.686],[-116.922,33.731],[-116.802,33.732],[-116.73,33.809],[-116.81,33.839],[-116.797,33.886],[-116.64,33.924],[-116.583,33.875],[-116.615,33.902],[-116.577,33.932],[-116.494,33.871],[-116.476,33.756],[-116.423,33.826],[-116.267,33.738],[-116.25,33.584],[-116.399,33.642],[-116.429,33.585],[-116.57,33.598],[-116.618,33.54],[-116.753,33.563],[-116.821,33.494],[-116.631,33.497],[-116.623,33.427],[-116.085,33.426],[-116.106,32.618],[-114.582,32.735],[-114.469,32.845],[-114.468,32.971],[-114.52,33.03],[-114.665,33.034],[-114.706,33.088],[-114.672,33.258],[-114.731,33.302],[-114.698,33.352],[-114.725,33.405],[-114.643,33.417],[-114.524,33.553],[-114.532,33.675],[-114.494,33.708],[-114.529,33.948],[-114.441,34.019],[-114.42,34.103],[-114.23,34.187],[-114.131,34.26],[-114.138,34.303],[-114.387,34.458],[-114.47,34.711],[-114.634,34.873],[-114.633,35.002],[-114.948,35.255],[-114.985,34.914],[-115.064,34.91],[-115.051,34.83],[-114.966,34.843],[-115.002,34.691],[-115.18,34.669],[-115.118,34.6],[-115.16,34.544],[-115.047,34.495],[-115.102,34.26],[-115.166,34.277],[-115.106,34.243],[-115.146,34.121],[-115.114,34.087],[-115.316,34.078],[-115.316,34.034],[-116.93,34.034],[-116.938,33.962],[-117.071,33.964],[-116.958,33.904],[-116.999,33.869],[-116.963,33.831],[-117.059,33.838],[-117.036,33.751],[-117.12,33.713]]]},"properties":{"id":"CA-25","name":"California district 25","state":"CA"},"id":"CA-25"},{"type":"Feature","geometry":{"type":"MultiPolygon","coordinates":[[[[-118.668,33.486],[-118.487,33.277],[-118.328,33.248],[-118.249,33.284],[-118.258,33.364],[-118.359,33.465],[-118.529,33.531],[-118.668,33.486]]],[[[-118.256,33.983],[-118.254,33.943],[-118.156,33.951],[-118.125,33.869],[-118.112,33.81],[-118.222,33.804],[-118.249,33.756],[-118.222,33.691],[-118.148,33.694],[-118.059,33.846],[-118.108,33.858],[-118.127,34.008],[-118.256,33.983]]],[[[-118.678,33.04],[-118.465,32.76],[-118.296,32.798],[-118.297,32.845],[-118.542,33.074],[-118.633,33.085],[-118.678,33.04]]]]},"properties":{"id":"CA-42","name":"California district 42","state":"CA"},"id":"CA-42"},{"type":"Feature","geometry":{"type":"Polygon","coordinates":[[[-83.354,34.699],[-83.035,34.484],[-82.887,34.481],[-82.557,33.945],[-82.324,33.82],[-82.196,33.63],[-82.012,33.532],[-81.571,33.877],[-81.466,34.087],[-81.39,34.075],[-81.437,34.13],[-81.412,34.167],[-81.317,34.239],[-81.424,34.495],[-81.541,34.445],[-81.678,34.558],[-81.89,34.59],[-82.165,34.797],[-82.238,34.749],[-82.199,34.733],[-82.227,34.694],[-82.455,34.751],[-82.538,35.015],[-82.596,35.01],[-82.572,35.075],[-82.739,35.047],[-82.783,35.086],[-83.109,35.001],[-83.112,34.935],[-83.243,34.878],[-83.354,34.699]]]},"properties":{"id":"SC-03","name":"South Carolina district 3","state":"SC"},"id":"SC-03"},{"type":"Feature","geometry":{"type":"Polygon","coordinates":[[[-81.019,32.376],[-80.961,32.126],[-80.909,32.135],[-80.906,32.077],[-80.746,32.079],[-80.399,32.275],[-80.243,32.472],[-79.968,32.564],[-79.496,32.932],[-79.327,32.954],[-79.222,33.063],[-79.273,33.14],[-79.756,33.33],[-79.965,33.499],[-80.126,33.502],[-80.139,33.454],[-80.222,33.448],[-80.254,33.299],[-80.359,33.272],[-80.296,33.179],[-80.336,33.145],[-80.236,33.079],[-80.358,33.067],[-80.407,33.001],[-80.229,32.925],[-80.166,32.948],[-80.131,32.9],[-80.111,32.985],[-80.176,33.01],[-80.056,32.999],[-80.012,32.9],[-79.948,32.908],[-79.917,32.763],[-80.107,32.786],[-80.286,32.622],[-80.372,32.658],[-80.428,32.625],[-80.391,32.654],[-80.498,32.657],[-80.552,32.742],[-80.695,32.752],[-80.657,32.662],[-80.827,32.704],[-80.87,32.661],[-80.818,32.481],[-80.841,32.385],[-80.929,32.331],[-81.019,32.376]]]},"properties":{"id":"SC-01","name":"South Carolina district 1","state":"SC"},"id":"SC-01"},{"type":"Feature","geometry":{"type":"Polygon","coordinates":[[[-82.127,35.163],[-82.046,35.05],[-81.943,35.027],[-81.928,34.984],[-81.776,34.99],[-81.714,34.913],[-81.783,34.837],[-81.852,34.595],[-81.678,34.558],[-81.541,34.445],[-81.424,34.495],[-81.342,34.267],[-81.251,34.203],[-81.178,34.175],[-81.181,34.22],[-80.826,34.269],[-80.87,34.182],[-80.719,34.069],[-80.616,34.1],[-80.602,34.025],[-80.647,33.998],[-80.596,33.786],[-80.63,33.737],[-80.546,33.649],[-80.449,33.738],[-80.392,33.716],[-80.361,33.938],[-80.282,33.916],[-80.228,33.995],[-80.188,34.005],[-80.18,33.952],[-80.001,34.048],[-80.147,34.144],[-80.112,34.229],[-80.177,34.366],[-80.244,34.324],[-80.284,34.357],[-80.33,34.51],[-80.515,34.767],[-80.562,34.817],[-80.797,34.82],[-80.782,34.936],[-80.935,35.107],[-81.041,35.045],[-81.034,35.149],[-82.127,35.163]]]},"properties":{"id":"SC-05","name":"South Carolina district 5","state":"SC"},"id":"SC-05"},{"type":"Feature","geometry":{"type":"Polygon","coordinates":[[[-81.614,33.096],[-81.491,33.008],[-81.502,32.935],[-81.421,32.833],[-81.412,32.618],[-81.187,32.464],[-81.205,32.423],[-81.129,32.338],[-81.157,32.243],[-81.116,32.116],[-80.783,31.996],[-80.746,32.079],[-80.908,32.078],[-80.908,32.133],[-80.961,32.126],[-81.016,32.242],[-81.018,32.384],[-80.929,32.331],[-80.829,32.411],[-80.87,32.661],[-80.827,32.704],[-80.659,32.661],[-80.695,32.752],[-80.595,32.762],[-80.498,32.657],[-80.391,32.654],[-80.428,32.625],[-80.372,32.658],[-80.286,32.622],[-80.107,32.786],[-79.917,32.763],[-79.948,32.908],[-80.012,32.9],[-80.056,32.999],[-80.176,33.01],[-80.111,32.985],[-80.131,32.9],[-80.166,32.948],[-80.229,32.925],[-80.407,33.0],[-80.358,33.067],[-80.236,33.079],[-80.336,33.145],[-80.296,33.179],[-80.358,33.274],[-80.254,33.299],[-80.222,33.448],[-80.079,33.507],[-79.965,33.499],[-79.677,33.305],[-79.436,33.573],[-79.411,33.687],[-79.32,33.791],[-79.635,33.808],[-79.578,33.859],[-79.693,33.953],[-79.748,33.894],[-79.944,33.885],[-79.975,33.947],[-79.893,33.989],[-80.0,34.048],[-80.18,33.952],[-80.188,34.005],[-80.228,33.995],[-80.282,33.916],[-80.361,33.938],[-80.392,33.716],[-80.449,33.738],[-80.534,33.644],[-80.63,33.737],[-80.596,33.787],[-80.647,33.998],[-80.606,34.058],[-80.974,33.96],[-80.995,34.025],[-80.914,34.14],[-80.969,34.18],[-81.139,34.068],[-81.009,33.904],[-81.059,33.747],[-81.014,33.781],[-80.925,33.757],[-81.043,33.707],[-80.868,33.582],[-80.884,33.523],[-80.947,33.526],[-80.976,33.479],[-80.86,33.441],[-80.887,33.263],[-81.223,33.44],[-81.228,33.161],[-81.193,33.119],[-81.542,33.158],[-81.614,33.096]]]},"properties":{"id":"SC-06","name":"South Carolina district 6","state":"SC"},"id":"SC-06"},{"type":"Feature","geometry":{"type":"Polygon","coordinates":[[[-82.764,35.068],[-82.571,35.075],[-82.596,35.01],[-82.538,35.015],[-82.419,34.731],[-82.227,34.694],[-82.199,34.733],[-82.238,34.749],[-82.165,34.797],[-81.863,34.58],[-81.783,34.837],[-81.714,34.913],[-81.776,34.99],[-81.928,34.984],[-81.943,35.027],[-82.046,35.05],[-82.128,35.163],[-82.106,35.191],[-82.371,35.181],[-82.394,35.215],[-82.764,35.068]]]},"properties":{"id":"SC-04","name":"South Carolina district 4","state":"SC"},"id":"SC-04"},{"type":"Feature","geometry":{"type":"Polygon","coordinates":[[[-82.012,33.532],[-81.914,33.441],[-81.94,33.345],[-81.848,33.307],[-81.852,33.247],[-81.769,33.217],[-81.705,33.116],[-81.614,33.095],[-81.542,33.158],[-81.193,33.119],[-81.228,33.161],[-81.223,33.44],[-80.89,33.261],[-80.858,33.415],[-80.976,33.479],[-80.947,33.526],[-80.884,33.523],[-80.868,33.582],[-81.043,33.707],[-80.925,33.757],[-81.014,33.781],[-81.059,33.747],[-81.009,33.904],[-81.139,34.068],[-80.942,34.18],[-80.915,34.12],[-80.996,34.0],[-80.944,33.951],[-80.706,34.009],[-80.704,34.05],[-80.614,34.057],[-80.616,34.1],[-80.719,34.069],[-80.87,34.182],[-80.826,34.269],[-81.181,34.22],[-81.178,34.175],[-81.317,34.239],[-81.412,34.167],[-81.437,34.13],[-81.39,34.075],[-81.466,34.087],[-81.571,33.877],[-82.012,33.532]]]},"properties":{"id":"SC-02","name":"South Carolina district 2","state":"SC"},"id":"SC-02"},{"type":"Feature","geometry":{"type":"Polygon","coordinates":[[[-80.564,34.815],[-80.33,34.51],[-80.284,34.357],[-80.244,34.324],[-80.177,34.366],[-80.112,34.229],[-80.147,34.144],[-79.893,33.989],[-79.975,33.947],[-79.946,33.886],[-79.748,33.894],[-79.693,33.953],[-79.578,33.859],[-79.635,33.808],[-79.324,33.799],[-79.436,33.573],[-79.681,33.319],[-79.274,33.141],[-79.222,33.063],[-79.082,33.171],[-79.12,33.247],[-79.088,33.369],[-78.911,33.589],[-78.696,33.753],[-78.499,33.813],[-79.676,34.805],[-80.564,34.815]]]},"properties":{"id":"SC-07","name":"South Carolina district 7","state":"SC"},"id":"SC-07"},{"type":"Feature","geometry":{"type":"Polygon","coordinates":[[[-79.37,35.781],[-79.252,35.738],[-79.252,35.654],[-79.116,35.661],[-79.078,35.684],[-79.107,35.731],[-79.028,35.738],[-79.022,35.789],[-78.909,35.848],[-78.995,35.61],[-78.776,35.54],[-78.824,35.655],[-78.75,35.724],[-78.872,35.821],[-78.802,35.844],[-78.805,35.928],[-78.759,35.918],[-78.699,36.011],[-78.808,36.087],[-78.802,36.236],[-79.258,36.243],[-79.237,35.844],[-79.35,35.844],[-79.37,35.781]]]},"properties":{"id":"NC-04","name":"North Carolina district 4","state":"NC"},"id":"NC-04"},{"type":"Feature","geometry":{"type":"Polygon","coordinates":[[[-81.918,36.287],[-81.903,36.207],[-81.736,36.068],[-81.809,35.958],[-81.556,35.778],[-81.379,35.757],[-81.15,35.829],[-81.11,35.777],[-81.006,35.958],[-81.029,36.046],[-80.882,36.056],[-80.873,36.236],[-80.738,36.28],[-80.035,36.257],[-80.033,36.104],[-79.975,36.136],[-79.931,36.081],[-79.831,36.083],[-79.866,36.015],[-79.739,35.989],[-79.691,36.04],[-79.697,36.087],[-79.731,36.075],[-79.7,36.177],[-79.868,36.173],[-79.867,36.252],[-79.532,36.241],[-79.514,36.541],[-81.677,36.588],[-81.742,36.411],[-81.707,36.335],[-81.793,36.362],[-81.918,36.287]]]},"properties":{"id":"NC-05","name":"North Carolina district 5","state":"NC"},"id":"NC-05"},{"type":"Feature","geometry":{"type":"Polygon","coordinates":[[[-80.787,35.495],[-80.72,35.363],[-80.673,35.419],[-80.582,35.382],[-80.571,35.503],[-80.067,35.506],[-80.047,35.921],[-79.955,35.92],[-79.938,36.027],[-79.815,36.075],[-79.931,36.081],[-79.975,36.136],[-80.033,36.104],[-80.035,36.257],[-80.145,36.259],[-80.137,36.178],[-80.103,36.191],[-80.252,36.017],[-80.693,36.051],[-80.772,35.672],[-80.737,35.506],[-80.787,35.495]]]},"properties":{"id":"NC-06","name":"North Carolina district 6","state":"NC"},"id":"NC-06"},{"type":"Feature","geometry":{"type":"Polygon","coordinates":[[[-79.167,34.853],[-79.114,34.805],[-79.154,34.768],[-79.101,34.767],[-79.02,34.653],[-78.936,34.683],[-79.023,34.501],[-79.108,34.438],[-79.074,34.359],[-79.109,34.331],[-78.499,33.813],[-78.145,33.863],[-78.067,33.848],[-77.984,33.759],[-77.918,33.764],[-77.786,34.125],[-77.485,34.4],[-77.576,34.476],[-77.68,34.721],[-78.102,34.726],[-78.26,34.556],[-78.641,34.989],[-78.59,34.981],[-78.607,35.013],[-78.44,35.091],[-78.432,35.133],[-78.541,35.219],[-78.449,35.257],[-78.538,35.316],[-78.617,35.246],[-78.794,35.266],[-78.936,35.219],[-78.9,35.088],[-78.967,35.059],[-78.93,35.031],[-79.049,35.007],[-79.036,34.955],[-79.167,34.853]]]},"properties":{"id":"NC-07","name":"North Carolina district 7","state":"NC"},"id":"NC-07"},{"type":"Feature","geometry":{"type":"Polygon","coordinates":[[[-80.854,35.09],[-80.791,35.087],[-80.84,35.002],[-80.782,34.936],[-80.797,34.82],[-79.676,34.805],[-79.109,34.331],[-79.074,34.359],[-79.108,34.438],[-78.943,34.642],[-78.936,34.683],[-79.02,34.653],[-79.101,34.767],[-79.152,34.765],[-79.114,34.805],[-79.167,34.853],[-79.348,34.839],[-79.397,34.994],[-79.576,35.07],[-79.573,35.123],[-79.712,35.276],[-79.768,35.511],[-80.571,35.503],[-80.582,35.382],[-80.673,35.419],[-80.72,35.363],[-80.6,35.234],[-80.705,35.193],[-80.672,35.175],[-80.71,35.122],[-80.808,35.133],[-80.854,35.09]]]},"properties":{"id":"NC-08","name":"North Carolina district 8","state":"NC"},"id":"NC-08"},{"type":"Feature","geometry":{"type":"Polygon","coordinates":[[[-80.067,35.506],[-79.768,35.511],[-79.703,35.256],[-79.573,35.123],[-79.576,35.07],[-79.477,35.057],[-79.361,34.958],[-79.348,34.839],[-79.191,34.834],[-79.036,34.955],[-79.049,35.007],[-78.949,35.018],[-78.967,35.059],[-78.9,35.088],[-78.927,35.213],[-79.151,35.214],[-79.223,35.268],[-79.184,35.307],[-79.36,35.47],[-79.324,35.544],[-79.2,35.559],[-79.14,35.624],[-78.97,35.522],[-78.916,35.584],[-78.995,35.61],[-78.909,35.848],[-79.022,35.789],[-79.028,35.738],[-79.107,35.731],[-79.078,35.684],[-79.116,35.661],[-79.252,35.654],[-79.252,35.738],[-79.37,35.781],[-79.35,35.844],[-79.237,35.844],[-79.258,36.243],[-79.867,36.252],[-79.868,36.173],[-79.7,36.177],[-79.731,36.075],[-79.697,36.087],[-79.691,36.04],[-79.739,35.989],[-79.938,36.027],[-79.955,35.92],[-80.047,35.921],[-80.067,35.506]]]},"properties":{"id":"NC-09","name":"North Carolina district 9","state":"NC"},"id":"NC-09"},{"type":"Feature","geometry":{"type":"Polygon","coordinates":[[[-81.537,35.564],[-81.456,35.42],[-80.955,35.4],[-80.907,35.515],[-80.737,35.506],[-80.772,35.672],[-80.693,36.051],[-80.252,36.017],[-80.104,36.192],[-80.137,36.178],[-80.145,36.259],[-80.453,36.242],[-80.548,36.285],[-80.869,36.238],[-80.882,36.056],[-81.029,36.046],[-81.006,35.958],[-81.079,35.803],[-81.344,35.795],[-81.537,35.564]]]},"properties":{"id":"NC-10","name":"North Carolina district 10","state":"NC"},"id":"NC-10"},{"type":"Feature","geometry":{"type":"Polygon","coordinates":[[[-90.921,30.284],[-90.885,30.15],[-90.642,30.166],[-90.632,30.221],[-90.554,30.196],[-90.486,30.277],[-90.349,30.297],[-90.161,30.234],[-90.156,30.19],[-90.327,30.15],[-90.474,30.031],[-90.355,29.936],[-90.263,30.022],[-90.215,29.926],[-90.151,29.956],[-90.122,29.91],[-90.077,29.926],[-90.162,29.975],[-90.084,29.975],[-90.073,30.032],[-89.919,30.081],[-89.88,30.052],[-89.94,30.027],[-89.956,29.94],[-89.906,29.872],[-90.008,29.896],[-90.081,29.768],[-90.123,29.797],[-90.109,29.852],[-90.168,29.841],[-90.228,29.692],[-90.352,29.696],[-90.375,29.763],[-90.468,29.803],[-90.627,29.75],[-90.599,29.7],[-90.778,29.72],[-90.384,29.366],[-90.41,28.995],[-90.201,29.036],[-90.032,29.135],[-89.599,29.198],[-89.469,29.107],[-89.492,28.901],[-89.426,28.855],[-89.28,28.978],[-89.115,28.926],[-88.922,29.125],[-88.918,29.236],[-89.069,29.294],[-89.142,29.429],[-88.913,29.612],[-88.79,29.777],[-88.764,29.972],[-88.855,30.136],[-89.184,30.212],[-89.572,30.181],[-89.683,30.452],[-89.804,30.549],[-89.842,30.666],[-90.256,30.712],[-90.244,30.504],[-90.371,30.508],[-90.415,30.564],[-90.453,30.479],[-90.674,30.475],[-90.67,30.416],[-90.791,30.357],[-90.711,30.285],[-90.81,30.275],[-90.852,30.332],[-90.921,30.284]]]},"properties":{"id":"LA-01","name":"Louisiana district 1","state":"LA"},"id":"LA-01"},{"type":"Feature","geometry":{"type":"Polygon","coordinates":[[[-74.035,40.589],[-74.036,40.551],[-73.879,40.575],[-73.833,40.628],[-73.938,40.699],[-73.977,40.685],[-73.917,40.673],[-73.92,40.626],[-74.035,40.589]]]},"properties":{"id":"NY-08","name":"New York district 8","state":"NY"},"id":"NY-08"},{"type":"Feature","geometry":{"type":"Polygon","coordinates":[[[-74.038,40.538],[-73.89,40.487],[-73.769,40.534],[-73.73,40.722],[-73.857,40.708],[-73.85,40.589],[-74.038,40.538]]]},"properties":{"id":"NY-05","name":"New York district 5","state":"NY"},"id":"NY-05"},{"type":"Feature","geometry":{"type":"Polygon","coordinates":[[[-73.991,40.693],[-73.846,40.689],[-73.94,40.768],[-73.991,40.693]]]},"properties":{"id":"NY-07","name":"New York district 7","state":"NY"},"id":"NY-07"},{"type":"Feature","geometry":{"type":"Polygon","coordinates":[[[-122.117,37.507],[-122.035,37.426],[-122.091,37.34],[-122.069,37.279],[-121.784,37.392],[-121.895,37.527],[-121.979,37.517],[-122.038,37.564],[-122.117,37.507]]]},"properties":{"id":"CA-17","name":"California district 17","state":"CA"},"id":"CA-17"},{"type":"Feature","geometry":{"type":"Polygon","coordinates":[[[-79.762,42.516],[-79.762,41.999],[-76.106,41.999],[-76.116,42.186],[-76.081,42.211],[-76.13,42.41],[-76.293,42.407],[-76.239,42.357],[-76.25,42.297],[-76.415,42.318],[-76.416,42.263],[-76.474,42.264],[-76.691,42.284],[-76.687,42.39],[-77.105,42.389],[-77.115,42.508],[-77.169,42.459],[-77.26,42.485],[-77.302,42.386],[-77.432,42.363],[-77.565,42.455],[-77.726,42.404],[-77.723,42.471],[-77.84,42.475],[-77.841,42.518],[-78.465,42.519],[-78.464,43.089],[-78.616,43.074],[-78.625,43.152],[-78.746,43.167],[-78.838,43.122],[-78.836,43.077],[-78.697,43.086],[-78.697,42.811],[-78.957,42.833],[-79.762,42.516]]]},"properties":{"id":"NY-23","name":"New York district 23","state":"NY"},"id":"NY-23"},{"type":"Feature","geometry":{"type":"Polygon","coordinates":[[[-82.645,38.166],[-82.465,37.984],[-82.502,37.933],[-82.42,37.885],[-82.401,37.81],[-82.312,37.765],[-82.304,37.676],[-82.214,37.625],[-82.175,37.648],[-82.133,37.553],[-81.926,37.515],[-81.996,37.47],[-81.85,37.285],[-81.757,37.276],[-81.678,37.202],[-81.561,37.207],[-81.363,37.338],[-81.225,37.235],[-80.899,37.316],[-80.849,37.347],[-80.859,37.429],[-80.77,37.372],[-80.552,37.474],[-80.475,37.423],[-80.3,37.508],[-80.329,37.564],[-80.221,37.628],[-80.296,37.693],[-80.162,37.875],[-79.999,37.995],[-79.92,38.183],[-79.789,38.269],[-79.81,38.307],[-79.726,38.364],[-79.649,38.591],[-79.537,38.551],[-79.477,38.457],[-79.283,38.418],[-79.057,38.761],[-79.35,38.958],[-79.455,38.93],[-79.444,38.899],[-79.52,38.892],[-79.509,38.784],[-79.596,38.663],[-79.739,38.68],[-79.777,38.74],[-79.863,38.551],[-80.246,38.388],[-80.184,38.525],[-80.28,38.695],[-80.453,38.733],[-80.474,38.833],[-80.586,38.861],[-80.717,39.008],[-80.728,39.096],[-80.813,39.109],[-81.007,39.009],[-81.249,39.034],[-81.329,39.15],[-81.298,39.186],[-81.581,39.026],[-81.811,39.083],[-81.756,38.934],[-81.827,38.946],[-81.889,38.874],[-81.933,38.988],[-82.038,39.024],[-82.222,38.787],[-82.177,38.604],[-82.291,38.579],[-82.33,38.444],[-82.593,38.422],[-82.575,38.264],[-82.645,38.166]]]},"properties":{"id":"WV-01","name":"West Virginia district 1","state":"WV"},"id":"WV-01"},{"type":"Feature","geometry":{"type":"Polygon","coordinates":[[[-81.756,39.178],[-81.747,39.095],[-81.581,39.026],[-81.298,39.186],[-81.329,39.15],[-81.249,39.034],[-81.007,39.009],[-80.813,39.109],[-80.728,39.096],[-80.717,39.008],[-80.586,38.861],[-80.474,38.833],[-80.453,38.733],[-80.28,38.695],[-80.184,38.525],[-80.246,38.388],[-79.863,38.551],[-79.777,38.74],[-79.739,38.68],[-79.596,38.663],[-79.509,38.784],[-79.52,38.892],[-79.444,38.899],[-79.455,38.93],[-79.35,38.958],[-79.057,38.761],[-78.994,38.85],[-78.869,38.763],[-78.786,38.887],[-78.602,38.965],[-78.404,39.167],[-78.439,39.198],[-78.339,39.349],[-78.347,39.466],[-77.828,39.132],[-77.72,39.321],[-77.761,39.34],[-77.753,39.423],[-77.803,39.437],[-77.766,39.496],[-77.845,39.498],[-77.825,39.528],[-77.889,39.555],[-77.834,39.603],[-77.941,39.619],[-77.946,39.585],[-78.177,39.696],[-78.266,39.619],[-78.43,39.623],[-78.395,39.585],[-78.457,39.588],[-78.417,39.549],[-78.472,39.516],[-78.69,39.546],[-78.767,39.588],[-78.733,39.615],[-78.775,39.646],[-78.957,39.44],[-79.102,39.476],[-79.162,39.388],[-79.487,39.206],[-79.477,39.721],[-80.519,39.721],[-80.519,40.639],[-80.668,40.584],[-80.595,40.475],[-80.633,40.391],[-80.6,40.318],[-80.738,40.079],[-80.756,39.913],[-80.807,39.916],[-80.791,39.867],[-80.869,39.766],[-80.83,39.712],[-80.88,39.621],[-81.219,39.387],[-81.376,39.342],[-81.468,39.404],[-81.558,39.339],[-81.57,39.268],[-81.678,39.274],[-81.756,39.178]]]},"properties":{"id":"WV-02","name":"West Virginia district 2","state":"WV"},"id":"WV-02"},{"type":"Feature","geometry":{"type":"Polygon","coordinates":[[[-98.464,31.684],[-98.271,31.416],[-98.18,31.464],[-97.907,31.069],[-97.698,31.141],[-97.631,31.042],[-97.73,30.888],[-97.828,30.904],[-97.912,31.035],[-98.44,31.03],[-98.453,30.964],[-98.415,30.94],[-98.457,30.879],[-98.377,30.834],[-98.43,30.757],[-98.371,30.742],[-98.442,30.666],[-98.405,30.566],[-98.352,30.558],[-98.351,30.486],[-98.125,30.426],[-98.05,30.624],[-97.917,30.605],[-97.847,30.473],[-97.687,30.513],[-97.665,30.567],[-97.638,30.508],[-97.483,30.554],[-97.49,30.518],[-97.417,30.514],[-97.375,30.575],[-97.219,30.61],[-97.315,30.755],[-97.259,30.89],[-97.07,30.986],[-97.278,31.28],[-97.343,31.244],[-97.605,31.588],[-97.277,31.745],[-97.327,31.788],[-97.28,31.841],[-97.439,31.93],[-97.379,31.983],[-97.486,32.018],[-97.497,32.134],[-97.46,32.171],[-97.522,32.135],[-97.631,32.207],[-98.208,31.918],[-98.157,31.842],[-98.464,31.684]]]},"properties":{"id":"TX-31","name":"Texas district 31","state":"TX"},"id":"TX-31"},{"type":"Feature","geometry":{"type":"Polygon","coordinates":[[[-98.09,28.663],[-97.809,28.183],[-97.904,28.114],[-97.895,28.061],[-97.789,28.014],[-97.934,27.885],[-97.942,27.636],[-97.841,27.558],[-97.165,27.568],[-96.844,28.0],[-96.395,28.28],[-96.309,28.963],[-96.658,29.264],[-96.561,29.335],[-96.793,29.577],[-96.865,29.633],[-97.143,29.628],[-97.318,29.785],[-97.194,29.897],[-97.165,30.033],[-97.291,30.104],[-97.288,30.068],[-97.346,30.076],[-97.348,30.168],[-97.399,30.187],[-97.444,30.143],[-97.424,30.188],[-97.491,30.212],[-97.899,29.858],[-97.736,29.691],[-97.631,29.653],[-97.859,29.353],[-97.613,29.11],[-97.755,29.007],[-97.575,28.813],[-97.779,28.668],[-97.915,28.72],[-98.09,28.663]]]},"properties":{"id":"TX-27","name":"Texas district 27","state":"TX"},"id":"TX-27"},{"type":"Feature","geometry":{"type":"Polygon","coordinates":[[[-84.402,33.427],[-84.354,33.353],[-84.354,33.436],[-84.207,33.45],[-84.217,33.482],[-84.144,33.491],[-84.097,33.56],[-83.852,33.528],[-83.804,33.611],[-83.849,33.654],[-83.925,33.633],[-83.915,33.744],[-83.982,33.786],[-83.843,33.895],[-84.007,33.973],[-84.208,33.878],[-84.024,33.753],[-84.116,33.615],[-84.244,33.68],[-84.317,33.656],[-84.294,33.592],[-84.386,33.558],[-84.402,33.427]]]},"properties":{"id":"GA-13","name":"Georgia district 13","state":"GA"},"id":"GA-13"},{"type":"Feature","geometry":{"type":"Polygon","coordinates":[[[-73.165,41.155],[-73.095,41.147],[-72.938,41.282],[-72.905,41.239],[-72.671,41.248],[-72.632,41.309],[-72.679,41.434],[-72.609,41.443],[-72.634,41.5],[-72.555,41.511],[-72.554,41.551],[-72.85,41.516],[-72.887,41.448],[-72.952,41.465],[-72.949,41.523],[-73.08,41.535],[-73.165,41.155]]]},"properties":{"id":"CT-03","name":"Connecticut district 3","state":"CT"},"id":"CT-03"},{"type":"Feature","geometry":{"type":"Polygon","coordinates":[[[-73.202,41.79],[-72.949,41.806],[-72.906,41.922],[-72.768,41.918],[-72.8,41.792],[-72.75,41.65],[-72.883,41.649],[-72.898,41.723],[-72.999,41.712],[-72.983,41.64],[-72.939,41.644],[-72.946,41.557],[-72.844,41.545],[-72.752,41.579],[-72.749,41.544],[-72.561,41.554],[-72.531,41.621],[-72.631,41.633],[-72.628,41.666],[-72.54,41.691],[-72.614,41.728],[-72.464,41.746],[-72.513,41.945],[-72.716,41.95],[-72.817,41.998],[-72.814,42.037],[-73.127,42.042],[-73.202,41.79]]]},"properties":{"id":"CT-01","name":"Connecticut district 1","state":"CT"},"id":"CT-01"},{"type":"Feature","geometry":{"type":"Polygon","coordinates":[[[-73.543,41.379],[-73.47,41.326],[-73.347,41.35],[-73.333,41.318],[-73.202,41.372],[-73.158,41.489],[-73.043,41.548],[-72.887,41.448],[-72.85,41.516],[-72.745,41.498],[-72.752,41.579],[-72.946,41.557],[-72.939,41.644],[-72.983,41.64],[-72.999,41.712],[-72.898,41.723],[-72.883,41.649],[-72.75,41.65],[-72.8,41.792],[-72.759,41.908],[-72.906,41.922],[-72.949,41.806],[-73.202,41.79],[-73.127,42.042],[-73.487,42.05],[-73.543,41.379]]]},"properties":{"id":"CT-05","name":"Connecticut district 5","state":"CT"},"id":"CT-05"},{"type":"Feature","geometry":{"type":"Polygon","coordinates":[[[-73.728,41.101],[-73.613,40.951],[-73.456,40.984],[-73.456,41.02],[-73.296,41.08],[-73.298,41.124],[-73.166,41.154],[-73.148,41.368],[-73.084,41.404],[-73.077,41.465],[-73.158,41.489],[-73.202,41.372],[-73.333,41.318],[-73.543,41.377],[-73.551,41.295],[-73.483,41.213],[-73.728,41.101]]]},"properties":{"id":"CT-04","name":"Connecticut district 4","state":"CT"},"id":"CT-04"},{"type":"Feature","geometry":{"type":"MultiPolygon","coordinates":[[[[-72.776,41.997],[-72.716,41.95],[-72.513,41.945],[-72.464,41.746],[-72.614,41.728],[-72.54,41.688],[-72.631,41.633],[-72.529,41.617],[-72.555,41.511],[-72.634,41.5],[-72.609,41.443],[-72.679,41.434],[-72.655,41.266],[-72.05,41.277],[-71.829,41.342],[-71.801,42.024],[-72.756,42.036],[-72.776,41.997]]],[[[-72.603,41.267],[-72.601,41.266],[-72.602,41.267],[-72.603,41.267]]]]},"properties":{"id":"CT-02","name":"Connecticut district 2","state":"CT"},"id":"CT-02"},{"type":"Feature","geometry":{"type":"Polygon","coordinates":[[[-81.751,26.174],[-81.625,25.802],[-80.427,25.761],[-80.185,25.805],[-80.249,25.815],[-80.279,25.971],[-80.873,25.979],[-80.88,26.259],[-81.268,26.253],[-81.272,26.423],[-81.434,26.418],[-81.435,26.486],[-81.544,26.513],[-81.562,26.423],[-81.66,26.421],[-81.658,26.318],[-81.746,26.317],[-81.717,26.193],[-81.751,26.174]]]},"properties":{"id":"FL-26","name":"Florida district 26","state":"FL"},"id":"FL-26"},{"type":"Feature","geometry":{"type":"Polygon","coordinates":[[[-96.83,33.055],[-96.753,33.019],[-96.709,33.089],[-96.613,32.984],[-96.297,32.982],[-96.297,32.898],[-96.115,32.937],[-95.968,32.914],[-95.945,32.98],[-95.863,32.98],[-95.859,33.41],[-96.384,33.341],[-96.385,33.398],[-96.727,33.403],[-96.67,33.294],[-96.792,33.294],[-96.812,33.219],[-96.733,33.219],[-96.733,33.152],[-96.803,33.153],[-96.805,33.097],[-96.734,33.101],[-96.83,33.055]]]},"properties":{"id":"TX-03","name":"Texas district 3","state":"TX"},"id":"TX-03"},{"type":"Feature","geometry":{"type":"Polygon","coordinates":[[[-112.313,33.493],[-112.221,33.452],[-112.272,33.436],[-112.273,33.381],[-112.148,33.305],[-111.957,33.356],[-111.978,33.466],[-112.048,33.516],[-112.203,33.538],[-112.313,33.493]]]},"properties":{"id":"AZ-03","name":"Arizona district 3","state":"AZ"},"id":"AZ-03"},{"type":"Feature","geometry":{"type":"Polygon","coordinates":[[[-77.323,38.433],[-77.265,38.333],[-77.042,38.401],[-76.949,38.208],[-76.605,38.149],[-76.517,38.027],[-76.236,37.888],[-76.201,38.077],[-76.449,38.625],[-76.424,38.88],[-76.594,38.962],[-76.649,39.067],[-76.767,39.15],[-76.84,39.103],[-76.751,39.035],[-76.801,38.997],[-76.77,38.945],[-76.839,38.947],[-76.906,38.805],[-76.882,38.731],[-76.995,38.685],[-77.042,38.747],[-77.13,38.635],[-77.246,38.593],[-77.323,38.433]]]},"properties":{"id":"MD-05","name":"Maryland district 5","state":"MD"},"id":"MD-05"},{"type":"Feature","geometry":{"type":"Polygon","coordinates":[[[-79.488,39.28],[-79.473,39.202],[-79.162,39.388],[-79.102,39.476],[-78.957,39.44],[-78.775,39.646],[-78.733,39.615],[-78.767,39.588],[-78.69,39.546],[-78.472,39.516],[-78.417,39.549],[-78.457,39.588],[-78.395,39.585],[-78.43,39.623],[-78.266,39.619],[-78.172,39.696],[-77.946,39.585],[-77.941,39.619],[-77.834,39.603],[-77.889,39.555],[-77.825,39.528],[-77.845,39.498],[-77.766,39.496],[-77.803,39.438],[-77.738,39.399],[-77.758,39.336],[-77.565,39.305],[-77.458,39.225],[-77.521,39.121],[-77.342,39.063],[-77.314,39.147],[-77.214,39.101],[-77.172,39.125],[-77.21,39.217],[-77.145,39.295],[-77.187,39.341],[-77.107,39.492],[-77.307,39.619],[-77.217,39.72],[-79.477,39.721],[-79.488,39.28]]]},"properties":{"id":"MD-06","name":"Maryland district 6","state":"MD"},"id":"MD-06"},{"type":"Feature","geometry":{"type":"Polygon","coordinates":[[[-77.04,38.71],[-76.995,38.685],[-76.882,38.731],[-76.906,38.805],[-76.84,38.946],[-76.77,38.945],[-76.801,38.997],[-76.751,39.035],[-76.886,39.131],[-76.996,39.14],[-76.946,39.055],[-77.004,38.967],[-76.909,38.893],[-77.04,38.79],[-77.04,38.71]]]},"properties":{"id":"MD-04","name":"Maryland district 4","state":"MD"},"id":"MD-04"},{"type":"Feature","geometry":{"type":"Polygon","coordinates":[[[-77.312,39.639],[-77.11,39.497],[-77.134,39.432],[-76.976,39.421],[-76.992,39.36],[-76.795,39.314],[-76.74,39.232],[-76.745,39.325],[-76.795,39.355],[-76.745,39.377],[-76.64,39.33],[-76.53,39.372],[-76.434,39.244],[-76.288,39.254],[-76.344,39.283],[-76.316,39.333],[-76.428,39.344],[-76.456,39.407],[-76.558,39.44],[-76.538,39.48],[-76.613,39.506],[-76.599,39.556],[-76.698,39.721],[-77.217,39.72],[-77.312,39.639]]]},"properties":{"id":"MD-02","name":"Maryland district 2","state":"MD"},"id":"MD-02"},{"type":"Feature","geometry":{"type":"Polygon","coordinates":[[[-76.795,39.356],[-76.7,39.213],[-76.619,39.237],[-76.349,39.157],[-76.292,39.25],[-76.434,39.244],[-76.53,39.372],[-76.64,39.33],[-76.679,39.372],[-76.795,39.356]]]},"properties":{"id":"MD-07","name":"Maryland district 7","state":"MD"},"id":"MD-07"},{"type":"Feature","geometry":{"type":"Polygon","coordinates":[[[-123.322,49.002],[-123.008,48.831],[-123.008,48.767],[-123.268,48.694],[-123.115,48.423],[-123.248,48.285],[-122.863,48.37],[-122.852,48.226],[-122.652,48.121],[-122.626,47.993],[-122.495,47.923],[-122.438,47.778],[-122.262,47.819],[-122.275,47.864],[-122.242,47.904],[-122.201,47.881],[-122.151,47.993],[-122.215,48.152],[-122.188,48.17],[-122.304,48.298],[-121.002,48.296],[-121.072,48.318],[-121.053,48.482],[-120.845,48.551],[-120.792,48.508],[-120.704,48.526],[-120.689,48.576],[-120.788,48.625],[-120.656,48.724],[-120.735,48.786],[-120.756,48.943],[-120.881,48.967],[-120.852,49.0],[-123.322,49.002]]]},"properties":{"id":"WA-02","name":"Washington district 2","state":"WA"},"id":"WA-02"},{"type":"Feature","geometry":{"type":"Polygon","coordinates":[[[-119.457,46.675],[-119.27,46.52],[-119.269,46.37],[-119.115,46.373],[-119.116,46.285],[-118.988,46.329],[-118.951,46.283],[-118.777,46.29],[-119.032,46.207],[-118.942,46.074],[-118.987,46.0],[-116.916,45.995],[-116.983,46.09],[-116.922,46.169],[-117.063,46.354],[-117.032,48.999],[-118.837,49.0],[-118.837,48.654],[-118.87,48.626],[-118.846,47.963],[-118.974,47.943],[-118.983,46.911],[-119.144,46.9],[-119.133,46.762],[-119.081,46.738],[-119.369,46.738],[-119.369,46.678],[-119.457,46.675]]]},"properties":{"id":"WA-05","name":"Washington district 5","state":"WA"},"id":"WA-05"},{"type":"Feature","geometry":{"type":"Polygon","coordinates":[[[-118.951,33.996],[-118.81,33.947],[-118.563,33.988],[-118.356,34.133],[-118.536,34.187],[-118.472,34.257],[-118.624,34.275],[-118.715,34.216],[-118.668,34.199],[-118.694,34.151],[-118.606,34.129],[-118.856,34.127],[-118.941,34.075],[-118.951,33.996]]]},"properties":{"id":"CA-32","name":"California district 32","state":"CA"},"id":"CA-32"},{"type":"Feature","geometry":{"type":"Polygon","coordinates":[[[-75.28,39.975],[-75.13,39.915],[-75.166,39.944],[-75.139,40.063],[-75.224,40.093],[-75.264,40.054],[-75.206,40.012],[-75.28,39.975]]]},"properties":{"id":"PA-03","name":"Pennsylvania district 3","state":"PA"},"id":"PA-03"},{"type":"Feature","geometry":{"type":"Polygon","coordinates":[[[-75.602,39.856],[-75.415,39.802],[-75.129,39.912],[-75.278,39.971],[-75.238,40.0],[-75.334,40.055],[-75.345,40.142],[-75.415,40.09],[-75.361,40.066],[-75.602,39.856]]]},"properties":{"id":"PA-05","name":"Pennsylvania district 5","state":"PA"},"id":"PA-05"},{"type":"Feature","geometry":{"type":"Polygon","coordinates":[[[-93.791,41.395],[-93.789,41.162],[-92.18,41.163],[-92.18,40.601],[-91.729,40.614],[-91.525,40.458],[-91.525,40.411],[-91.419,40.378],[-91.373,40.401],[-91.401,40.559],[-91.124,40.669],[-91.093,40.821],[-90.952,40.954],[-90.947,41.097],[-91.114,41.241],[-91.046,41.414],[-90.656,41.462],[-90.343,41.588],[-90.311,41.742],[-90.182,41.807],[-90.14,42.003],[-90.168,42.122],[-90.393,42.227],[-90.474,42.381],[-90.665,42.382],[-90.666,42.295],[-91.363,42.296],[-91.366,41.86],[-92.298,41.863],[-92.297,41.51],[-92.757,41.509],[-92.766,41.862],[-93.348,41.863],[-93.328,41.491],[-93.791,41.512],[-93.791,41.395]]]},"properties":{"id":"IA-01","name":"Iowa district 1","state":"IA"},"id":"IA-01"},{"type":"Feature","geometry":{"type":"Polygon","coordinates":[[[-96.639,42.737],[-96.516,42.63],[-96.476,42.49],[-96.386,42.474],[-96.418,42.351],[-96.329,42.255],[-96.35,42.171],[-96.269,42.114],[-96.273,42.046],[-96.13,41.972],[-96.162,41.902],[-96.065,41.794],[-96.106,41.738],[-96.073,41.704],[-96.123,41.683],[-96.095,41.541],[-96.041,41.507],[-96.005,41.543],[-96.014,41.478],[-95.921,41.455],[-95.957,41.346],[-95.871,41.297],[-95.928,41.298],[-95.927,41.197],[-95.842,41.175],[-95.883,41.156],[-95.882,41.059],[-95.809,40.891],[-95.889,40.732],[-95.776,40.647],[-95.766,40.585],[-95.374,40.581],[-95.384,41.16],[-95.156,41.159],[-95.155,41.505],[-94.701,41.504],[-94.701,41.602],[-94.744,41.602],[-94.745,41.862],[-94.629,41.863],[-94.629,42.21],[-94.165,42.21],[-94.164,41.863],[-92.766,41.862],[-92.767,42.21],[-93.463,42.209],[-93.499,42.558],[-93.027,42.557],[-93.025,42.908],[-93.499,42.909],[-93.497,43.5],[-96.599,43.5],[-96.594,43.434],[-96.522,43.386],[-96.527,43.305],[-96.586,43.269],[-96.559,43.223],[-96.477,43.222],[-96.436,43.12],[-96.521,43.04],[-96.499,42.958],[-96.639,42.737]]]},"properties":{"id":"IA-04","name":"Iowa district 4","state":"IA"},"id":"IA-04"},{"type":"Feature","geometry":{"type":"Polygon","coordinates":[[[-93.5,42.544],[-93.463,42.209],[-92.767,42.21],[-92.757,41.509],[-92.297,41.51],[-92.298,41.863],[-91.366,41.86],[-91.363,42.296],[-90.666,42.295],[-90.665,42.382],[-90.474,42.381],[-90.651,42.475],[-90.709,42.636],[-91.065,42.751],[-91.179,43.067],[-91.175,43.135],[-91.058,43.255],[-91.207,43.353],[-91.218,43.501],[-93.497,43.5],[-93.499,42.909],[-93.025,42.908],[-93.027,42.557],[-93.5,42.544]]]},"properties":{"id":"IA-02","name":"Iowa district 2","state":"IA"},"id":"IA-02"},{"type":"Feature","geometry":{"type":"Polygon","coordinates":[[[-72.117,42.627],[-71.95,42.512],[-71.745,42.574],[-71.702,42.534],[-71.726,42.39],[-71.585,42.311],[-71.487,42.33],[-71.464,42.45],[-71.366,42.413],[-71.289,42.465],[-71.317,42.506],[-71.226,42.58],[-71.296,42.613],[-71.275,42.656],[-71.216,42.701],[-71.134,42.677],[-71.116,42.741],[-71.059,42.732],[-70.999,42.809],[-71.148,42.816],[-71.182,42.737],[-71.295,42.697],[-72.111,42.717],[-72.117,42.627]]]},"properties":{"id":"MA-03","name":"Massachusetts district 3","state":"MA"},"id":"MA-03"},{"type":"Feature","geometry":{"type":"Polygon","coordinates":[[[-71.138,41.604],[-71.089,41.431],[-70.991,41.351],[-70.896,41.37],[-70.891,41.243],[-70.848,41.206],[-70.607,41.299],[-70.344,41.276],[-70.11,41.19],[-69.964,41.196],[-69.894,41.259],[-70.006,41.434],[-70.094,41.431],[-70.098,41.354],[-70.138,41.346],[-70.267,41.393],[-70.383,41.37],[-70.393,41.445],[-70.509,41.499],[-70.078,41.613],[-70.114,41.484],[-70.04,41.466],[-69.947,41.512],[-69.859,41.707],[-69.929,41.978],[-70.012,42.073],[-70.151,42.131],[-70.624,42.157],[-70.666,42.125],[-70.751,42.293],[-70.676,42.375],[-70.845,42.26],[-70.827,42.201],[-70.941,42.151],[-70.899,41.996],[-71.07,41.988],[-71.085,41.942],[-70.916,41.877],[-70.896,41.794],[-71.114,41.693],[-71.138,41.604]]]},"properties":{"id":"MA-09","name":"Massachusetts district 9","state":"MA"},"id":"MA-09"},{"type":"Feature","geometry":{"type":"Polygon","coordinates":[[[-73.508,42.086],[-73.497,42.05],[-72.814,42.037],[-72.817,41.998],[-72.756,42.036],[-71.846,42.024],[-71.882,42.076],[-71.797,42.099],[-71.826,42.166],[-71.939,42.189],[-71.967,42.311],[-72.124,42.364],[-72.214,42.294],[-72.275,42.302],[-72.284,42.352],[-72.356,42.303],[-72.409,42.359],[-72.472,42.351],[-72.464,42.308],[-72.814,42.257],[-72.821,42.339],[-72.886,42.34],[-72.905,42.43],[-72.848,42.436],[-72.877,42.555],[-72.832,42.617],[-72.735,42.633],[-72.843,42.638],[-72.864,42.738],[-73.265,42.746],[-73.508,42.086]]]},"properties":{"id":"MA-01","name":"Massachusetts district 1","state":"MA"},"id":"MA-01"},{"type":"Feature","geometry":{"type":"Polygon","coordinates":[[[-71.304,42.149],[-71.28,42.088],[-71.181,42.166],[-71.149,42.139],[-71.156,42.001],[-70.899,41.996],[-70.941,42.151],[-70.827,42.201],[-70.845,42.26],[-70.729,42.374],[-70.676,42.375],[-70.751,42.293],[-70.675,42.136],[-70.624,42.125],[-70.69,42.279],[-70.648,42.406],[-70.918,42.386],[-70.975,42.343],[-71.069,42.369],[-71.093,42.214],[-71.019,42.187],[-71.035,42.136],[-71.16,42.267],[-71.122,42.324],[-71.229,42.264],[-71.304,42.149]]]},"properties":{"id":"MA-08","name":"Massachusetts district 8","state":"MA"},"id":"MA-08"},{"type":"Feature","geometry":{"type":"Polygon","coordinates":[[[-71.497,42.29],[-71.303,42.248],[-71.26,42.354],[-71.103,42.366],[-71.156,42.396],[-71.13,42.417],[-71.028,42.424],[-70.973,42.354],[-70.918,42.386],[-70.951,42.444],[-71.011,42.435],[-71.135,42.53],[-71.366,42.413],[-71.464,42.45],[-71.497,42.29]]]},"properties":{"id":"MA-05","name":"Massachusetts district 5","state":"MA"},"id":"MA-05"},{"type":"Feature","geometry":{"type":"Polygon","coordinates":[[[-71.321,42.481],[-71.204,42.466],[-71.135,42.53],[-71.011,42.435],[-70.951,42.444],[-70.925,42.387],[-70.648,42.406],[-70.606,42.531],[-70.502,42.635],[-70.549,42.724],[-70.714,42.732],[-70.735,42.875],[-70.93,42.885],[-71.045,42.849],[-70.999,42.806],[-71.059,42.732],[-71.116,42.741],[-71.134,42.677],[-71.216,42.701],[-71.275,42.656],[-71.296,42.613],[-71.226,42.58],[-71.321,42.481]]]},"properties":{"id":"MA-06","name":"Massachusetts district 6","state":"MA"},"id":"MA-06"},{"type":"Feature","geometry":{"type":"Polygon","coordinates":[[[-71.593,42.122],[-71.591,42.014],[-71.381,42.019],[-71.34,41.797],[-71.133,41.66],[-71.138,41.604],[-71.114,41.693],[-70.907,41.764],[-70.916,41.877],[-71.156,42.001],[-71.132,42.106],[-71.178,42.166],[-71.28,42.088],[-71.3,42.126],[-71.229,42.264],[-71.107,42.35],[-71.235,42.361],[-71.303,42.248],[-71.419,42.257],[-71.38,42.133],[-71.479,42.131],[-71.539,42.19],[-71.593,42.122]]]},"properties":{"id":"MA-04","name":"Massachusetts district 4","state":"MA"},"id":"MA-04"},{"type":"Feature","geometry":{"type":"Polygon","coordinates":[[[-85.112,34.462],[-85.104,34.404],[-85.006,34.392],[-85.047,34.083],[-84.637,34.078],[-84.613,34.013],[-84.649,33.953],[-84.594,33.902],[-84.447,33.9],[-84.383,33.963],[-84.419,34.055],[-84.388,34.118],[-84.446,34.195],[-84.397,34.212],[-84.414,34.378],[-84.258,34.381],[-84.257,34.467],[-84.32,34.468],[-84.346,34.563],[-84.654,34.549],[-84.716,34.623],[-85.059,34.623],[-85.112,34.462]]]},"properties":{"id":"GA-11","name":"Georgia district 11","state":"GA"},"id":"GA-11"},{"type":"Feature","geometry":{"type":"Polygon","coordinates":[[[-82.701,31.224],[-82.592,31.018],[-82.491,30.963],[-82.495,30.82],[-82.436,30.82],[-82.419,30.582],[-82.215,30.569],[-82.193,30.379],[-82.066,30.356],[-82.005,30.564],[-82.046,30.728],[-81.95,30.828],[-81.61,30.716],[-81.347,30.712],[-81.4,30.766],[-81.305,30.971],[-81.345,31.059],[-81.188,31.246],[-81.191,31.4],[-81.087,31.529],[-81.057,31.715],[-80.783,31.996],[-81.115,32.115],[-81.157,32.243],[-81.129,32.341],[-81.181,32.379],[-81.393,32.33],[-81.389,32.294],[-81.453,32.295],[-81.436,32.241],[-81.782,32.153],[-81.719,32.089],[-81.876,31.968],[-81.976,31.783],[-82.115,31.863],[-82.113,31.901],[-82.432,31.966],[-82.431,31.838],[-82.52,31.838],[-82.551,31.749],[-82.521,31.673],[-82.627,31.673],[-82.598,31.469],[-82.628,31.469],[-82.63,31.275],[-82.699,31.278],[-82.701,31.224]]]},"properties":{"id":"GA-01","name":"Georgia district 1","state":"GA"},"id":"GA-01"},{"type":"Feature","geometry":{"type":"Polygon","coordinates":[[[-83.226,32.584],[-82.991,32.147],[-82.887,32.198],[-82.94,32.125],[-82.655,31.924],[-82.48,31.972],[-82.286,31.942],[-82.112,31.9],[-82.115,31.863],[-81.977,31.783],[-81.876,31.968],[-81.719,32.089],[-81.782,32.153],[-81.436,32.241],[-81.45,32.297],[-81.177,32.389],[-81.234,32.518],[-81.419,32.629],[-81.418,32.818],[-81.502,32.935],[-81.492,33.009],[-81.763,33.159],[-81.769,33.217],[-81.853,33.249],[-81.847,33.307],[-81.94,33.345],[-81.926,33.463],[-82.186,33.621],[-82.301,33.802],[-82.656,33.991],[-82.771,33.973],[-82.729,33.86],[-82.811,33.829],[-82.866,33.726],[-82.938,33.715],[-82.879,33.62],[-82.813,33.656],[-82.68,33.6],[-82.747,33.512],[-82.815,33.521],[-82.867,33.467],[-82.748,33.238],[-83.052,33.081],[-83.071,32.933],[-82.97,32.834],[-82.957,32.708],[-83.226,32.584]]]},"properties":{"id":"GA-12","name":"Georgia district 12","state":"GA"},"id":"GA-12"},{"type":"Feature","geometry":{"type":"Polygon","coordinates":[[[-94.618,36.5],[-94.437,35.247],[-94.355,35.224],[-94.357,35.162],[-94.031,35.141],[-94.029,35.214],[-94.082,35.215],[-94.023,35.574],[-94.076,35.576],[-94.074,35.662],[-93.984,35.661],[-93.964,35.732],[-93.893,35.745],[-93.911,35.774],[-93.519,35.763],[-93.524,35.882],[-93.451,35.967],[-93.48,36.125],[-93.301,36.122],[-93.293,36.498],[-94.618,36.5]]]},"properties":{"id":"AR-03","name":"Arkansas district 3","state":"AR"},"id":"AR-03"},{"type":"Feature","geometry":{"type":"Polygon","coordinates":[[[-93.302,36.483],[-93.301,36.122],[-92.945,36.116],[-92.951,35.725],[-92.631,35.718],[-92.63,35.791],[-92.54,35.79],[-92.417,35.789],[-92.418,35.716],[-91.79,35.712],[-91.794,35.534],[-91.582,35.53],[-91.584,35.442],[-91.347,35.439],[-91.445,35.346],[-91.371,35.263],[-91.379,35.189],[-91.404,35.215],[-91.463,35.161],[-91.425,35.103],[-91.584,35.092],[-91.608,35.021],[-91.701,35.063],[-91.875,35.024],[-92.119,35.067],[-92.122,35.012],[-92.071,35.012],[-92.076,34.843],[-92.221,34.754],[-92.151,34.703],[-92.144,34.492],[-91.705,34.483],[-91.712,34.234],[-91.538,34.224],[-91.515,34.143],[-91.443,34.126],[-91.483,34.059],[-91.718,34.176],[-91.727,34.065],[-91.954,34.093],[-91.976,33.792],[-91.45,33.781],[-91.46,33.006],[-91.166,33.004],[-91.121,33.058],[-91.202,33.124],[-91.086,33.136],[-91.1,33.219],[-91.044,33.276],[-91.106,33.242],[-91.142,33.349],[-91.058,33.447],[-91.143,33.38],[-91.208,33.402],[-91.117,33.455],[-91.169,33.498],[-91.177,33.444],[-91.236,33.439],[-91.182,33.5],[-91.234,33.561],[-91.129,33.609],[-91.231,33.68],[-91.032,33.677],[-91.149,33.731],[-91.133,33.783],[-90.989,33.783],[-91.069,33.843],[-91.01,33.932],[-91.086,33.958],[-91.086,34.006],[-90.966,33.965],[-90.988,34.019],[-90.894,34.026],[-90.871,34.08],[-90.959,34.135],[-90.807,34.164],[-90.936,34.238],[-90.847,34.206],[-90.832,34.277],[-90.738,34.289],[-90.764,34.364],[-90.676,34.371],[-90.669,34.313],[-90.657,34.377],[-90.586,34.409],[-90.593,34.491],[-90.54,34.554],[-90.592,34.621],[-90.57,34.693],[-90.534,34.627],[-90.463,34.684],[-90.572,34.713],[-90.544,34.792],[-90.493,34.772],[-90.517,34.727],[-90.448,34.74],[-90.481,34.882],[-90.437,34.883],[-90.439,34.825],[-90.308,34.845],[-90.241,34.919],[-90.297,35.039],[-90.207,35.026],[-90.168,35.121],[-90.066,35.139],[-90.117,35.188],[-90.091,35.245],[-90.169,35.28],[-90.079,35.382],[-90.132,35.414],[-90.165,35.374],[-90.169,35.422],[-90.101,35.478],[-90.054,35.389],[-90.003,35.43],[-90.03,35.555],[-89.909,35.514],[-89.958,35.589],[-89.851,35.657],[-89.925,35.658],[-89.958,35.727],[-89.708,35.812],[-89.77,35.886],[-89.663,35.875],[-89.644,35.921],[-89.733,36.001],[-90.378,35.996],[-90.064,36.303],[-90.064,36.384],[-90.139,36.414],[-90.152,36.498],[-93.302,36.483]]]},"properties":{"id":"AR-01","name":"Arkansas district 1","state":"AR"},"id":"AR-01"},{"type":"Feature","geometry":{"type":"Polygon","coordinates":[[[-94.486,33.638],[-94.382,33.544],[-94.243,33.59],[-94.251,33.557],[-94.195,33.555],[-94.184,33.595],[-94.043,33.552],[-94.043,33.019],[-91.46,33.006],[-91.45,33.781],[-91.976,33.792],[-91.954,34.093],[-91.727,34.065],[-91.714,34.176],[-91.586,34.131],[-91.602,34.087],[-91.431,34.088],[-91.516,34.143],[-91.537,34.223],[-91.712,34.234],[-91.705,34.483],[-92.144,34.492],[-92.117,34.55],[-92.25,34.717],[-92.362,34.677],[-92.382,34.626],[-92.349,34.582],[-92.244,34.581],[-92.246,34.494],[-92.686,34.415],[-92.685,34.473],[-92.793,34.504],[-92.808,34.59],[-92.98,34.637],[-92.969,34.772],[-93.288,34.773],[-93.306,34.875],[-93.04,35.11],[-92.855,35.174],[-92.81,35.722],[-92.951,35.725],[-92.945,36.116],[-93.48,36.125],[-93.451,35.967],[-93.524,35.882],[-93.519,35.763],[-93.911,35.774],[-93.893,35.745],[-93.964,35.732],[-93.984,35.661],[-94.074,35.662],[-94.076,35.576],[-94.023,35.574],[-94.082,35.215],[-94.029,35.214],[-94.031,35.141],[-94.357,35.162],[-94.355,35.224],[-94.437,35.247],[-94.486,33.638]]]},"properties":{"id":"AR-04","name":"Arkansas district 4","state":"AR"},"id":"AR-04"},{"type":"Feature","geometry":{"type":"Polygon","coordinates":[[[-93.306,34.861],[-93.288,34.773],[-92.969,34.772],[-92.98,34.637],[-92.808,34.59],[-92.793,34.504],[-92.685,34.473],[-92.686,34.415],[-92.246,34.494],[-92.244,34.581],[-92.349,34.582],[-92.381,34.652],[-92.237,34.717],[-92.173,34.638],[-92.151,34.703],[-92.221,34.754],[-92.076,34.843],[-92.071,35.012],[-92.122,35.012],[-92.12,35.067],[-91.875,35.024],[-91.701,35.063],[-91.608,35.021],[-91.584,35.092],[-91.451,35.089],[-91.428,35.138],[-91.463,35.161],[-91.404,35.215],[-91.379,35.189],[-91.371,35.261],[-91.437,35.296],[-91.439,35.369],[-91.347,35.439],[-91.584,35.442],[-91.582,35.53],[-91.794,35.534],[-91.79,35.712],[-92.418,35.716],[-92.417,35.789],[-92.63,35.791],[-92.631,35.718],[-92.81,35.722],[-92.855,35.174],[-93.04,35.11],[-93.306,34.861]]]},"properties":{"id":"AR-02","name":"Arkansas district 2","state":"AR"},"id":"AR-02"},{"type":"Feature","geometry":{"type":"Polygon","coordinates":[[[-95.385,40.732],[-95.374,40.581],[-92.18,40.601],[-92.18,41.163],[-93.789,41.162],[-93.791,41.512],[-93.328,41.491],[-93.348,41.863],[-94.164,41.863],[-94.165,42.21],[-94.629,42.21],[-94.629,41.863],[-94.745,41.862],[-94.744,41.602],[-94.701,41.602],[-94.701,41.504],[-95.155,41.505],[-95.156,41.159],[-95.384,41.16],[-95.385,40.732]]]},"properties":{"id":"IA-03","name":"Iowa district 3","state":"IA"},"id":"IA-03"},{"type":"Feature","geometry":{"type":"Polygon","coordinates":[[[-76.137,39.725],[-75.774,39.722],[-75.361,40.066],[-75.456,40.088],[-75.597,40.237],[-75.831,40.293],[-75.794,40.317],[-75.82,40.362],[-75.992,40.369],[-76.092,40.278],[-75.873,40.137],[-75.943,40.109],[-75.988,39.872],[-76.137,39.725]]]},"properties":{"id":"PA-06","name":"Pennsylvania district 6","state":"PA"},"id":"PA-06"},{"type":"Feature","geometry":{"type":"Polygon","coordinates":[[[-80.519,40.533],[-80.519,40.477],[-80.361,40.478],[-80.116,40.313],[-80.117,40.367],[-80.001,40.371],[-80.095,40.459],[-79.885,40.491],[-79.892,40.428],[-79.843,40.409],[-79.777,40.466],[-79.837,40.53],[-79.768,40.539],[-79.772,40.586],[-79.689,40.648],[-80.149,40.674],[-80.159,40.855],[-80.519,40.851],[-80.519,40.533]]]},"properties":{"id":"PA-17","name":"Pennsylvania district 17","state":"PA"},"id":"PA-17"},{"type":"Feature","geometry":{"type":"Polygon","coordinates":[[[-79.916,41.275],[-79.905,41.172],[-79.689,41.169],[-79.693,40.67],[-79.584,40.637],[-79.497,40.525],[-79.215,40.776],[-79.215,40.838],[-79.101,40.819],[-79.1,40.761],[-78.816,40.726],[-78.132,40.743],[-77.944,40.692],[-77.825,40.744],[-77.711,40.715],[-77.364,40.847],[-77.354,40.702],[-76.94,40.638],[-76.863,40.708],[-76.799,40.878],[-76.882,40.969],[-76.89,41.151],[-76.967,41.201],[-76.894,41.231],[-77.095,41.243],[-76.996,41.297],[-76.994,41.349],[-76.829,41.378],[-76.827,41.47],[-76.772,41.472],[-76.814,41.59],[-76.875,41.597],[-76.927,42.002],[-79.611,41.999],[-79.613,41.617],[-79.829,41.622],[-79.893,41.574],[-79.835,41.537],[-79.843,41.484],[-79.73,41.47],[-79.725,41.424],[-79.818,41.392],[-79.772,41.329],[-79.873,41.326],[-79.916,41.275]]]},"properties":{"id":"PA-15","name":"Pennsylvania district 15","state":"PA"},"id":"PA-15"},{"type":"Feature","geometry":{"type":"Polygon","coordinates":[[[-76.086,40.364],[-76.035,40.326],[-75.992,40.369],[-75.82,40.362],[-75.794,40.317],[-75.831,40.293],[-75.597,40.237],[-75.456,40.088],[-75.317,40.125],[-75.338,40.06],[-75.237,39.996],[-75.206,40.012],[-75.264,40.054],[-75.224,40.093],[-75.109,40.046],[-75.015,40.138],[-75.475,40.315],[-75.569,40.398],[-75.53,40.447],[-75.767,40.597],[-75.937,40.592],[-75.878,40.538],[-75.947,40.533],[-75.972,40.447],[-76.086,40.364]]]},"properties":{"id":"PA-04","name":"Pennsylvania district 4","state":"PA"},"id":"PA-04"},{"type":"Feature","geometry":{"type":"Polygon","coordinates":[[[-77.458,40.175],[-77.406,40.136],[-77.455,40.099],[-77.354,40.003],[-77.128,40.069],[-76.966,39.935],[-76.903,39.954],[-76.931,39.868],[-76.748,39.914],[-76.615,39.972],[-76.716,40.131],[-76.566,40.196],[-76.678,40.475],[-76.535,40.555],[-76.702,40.658],[-76.949,40.628],[-76.993,40.564],[-76.949,40.469],[-77.029,40.387],[-76.915,40.328],[-77.323,40.271],[-77.333,40.213],[-77.458,40.175]]]},"properties":{"id":"PA-10","name":"Pennsylvania district 10","state":"PA"},"id":"PA-10"},{"type":"Feature","geometry":{"type":"Polygon","coordinates":[[[-75.998,40.913],[-75.758,40.735],[-75.891,40.677],[-75.484,40.419],[-75.197,40.609],[-75.197,40.752],[-75.051,40.868],[-75.12,40.969],[-75.295,40.862],[-75.412,40.89],[-75.667,41.134],[-75.767,41.093],[-75.732,41.008],[-75.998,40.913]]]},"properties":{"id":"PA-07","name":"Pennsylvania district 7","state":"PA"},"id":"PA-07"},{"type":"Feature","geometry":{"type":"Polygon","coordinates":[[[-77.0,39.822],[-76.999,39.72],[-76.102,39.724],[-75.987,39.874],[-75.943,40.109],[-75.873,40.137],[-76.151,40.316],[-76.435,40.238],[-76.716,40.131],[-76.615,39.972],[-76.919,39.866],[-76.903,39.954],[-76.961,39.963],[-76.955,39.857],[-77.0,39.822]]]},"properties":{"id":"PA-11","name":"Pennsylvania district 11","state":"PA"},"id":"PA-11"},{"type":"Feature","geometry":{"type":"Polygon","coordinates":[[[-118.272,35.104],[-118.247,35.04],[-118.132,35.077],[-118.063,35.071],[-118.043,35.015],[-117.632,34.991],[-117.632,34.822],[-117.917,34.823],[-117.881,34.558],[-117.935,34.432],[-117.485,34.383],[-117.438,34.354],[-117.482,34.334],[-117.465,34.257],[-117.104,34.106],[-117.121,34.048],[-117.269,34.064],[-117.296,34.018],[-115.316,34.034],[-115.316,34.078],[-115.114,34.087],[-115.146,34.121],[-115.106,34.243],[-115.166,34.277],[-115.102,34.26],[-115.047,34.495],[-115.16,34.544],[-115.118,34.6],[-115.18,34.669],[-115.002,34.691],[-114.966,34.843],[-115.051,34.83],[-115.064,34.91],[-114.985,34.914],[-114.948,35.255],[-115.648,35.809],[-117.634,35.797],[-117.634,35.439],[-118.009,35.305],[-118.161,35.148],[-118.272,35.104]]]},"properties":{"id":"CA-23","name":"California district 23","state":"CA"},"id":"CA-23"},{"type":"Feature","geometry":{"type":"Polygon","coordinates":[[[-118.073,34.072],[-118.005,34.037],[-118.056,34.011],[-117.868,33.994],[-117.889,34.043],[-117.756,34.09],[-117.748,34.14],[-117.803,34.165],[-117.846,34.13],[-117.892,34.17],[-117.751,34.223],[-117.743,34.299],[-117.829,34.338],[-117.869,34.241],[-117.978,34.239],[-117.942,34.167],[-118.021,34.155],[-117.992,34.095],[-118.073,34.072]]]},"properties":{"id":"CA-31","name":"California district 31","state":"CA"},"id":"CA-31"},{"type":"Feature","geometry":{"type":"Polygon","coordinates":[[[-118.352,33.667],[-118.222,33.691],[-118.222,33.804],[-118.112,33.81],[-118.156,33.951],[-118.225,33.966],[-118.188,33.881],[-118.309,33.866],[-118.301,33.758],[-118.352,33.667]]]},"properties":{"id":"CA-44","name":"California district 44","state":"CA"},"id":"CA-44"},{"type":"Feature","geometry":{"type":"Polygon","coordinates":[[[-117.342,32.84],[-117.309,32.656],[-117.223,32.621],[-117.205,32.53],[-117.125,32.534],[-117.13,32.666],[-117.173,32.701],[-117.111,32.732],[-117.132,32.772],[-117.21,32.763],[-117.235,32.839],[-117.185,32.858],[-117.224,32.906],[-117.066,32.987],[-117.022,33.063],[-116.906,33.091],[-117.033,33.149],[-117.134,33.124],[-117.109,33.147],[-117.146,33.168],[-117.085,33.207],[-117.202,33.253],[-117.23,33.114],[-117.196,33.066],[-117.258,32.938],[-117.334,32.94],[-117.342,32.84]]]},"properties":{"id":"CA-50","name":"California district 50","state":"CA"},"id":"CA-50"},{"type":"Feature","geometry":{"type":"Polygon","coordinates":[[[-118.894,34.818],[-118.633,34.27],[-118.472,34.257],[-118.508,34.334],[-118.404,34.33],[-118.378,34.431],[-118.29,34.395],[-118.273,34.438],[-118.199,34.429],[-118.205,34.38],[-118.142,34.375],[-118.077,34.391],[-118.111,34.456],[-118.059,34.492],[-117.992,34.499],[-117.935,34.432],[-117.888,34.506],[-117.917,34.823],[-118.894,34.818]]]},"properties":{"id":"CA-27","name":"California district 27","state":"CA"},"id":"CA-27"},{"type":"Feature","geometry":{"type":"Polygon","coordinates":[[[-121.557,37.617],[-121.557,37.543],[-121.411,37.386],[-121.406,37.311],[-121.459,37.282],[-121.406,37.158],[-121.281,37.184],[-121.217,37.123],[-121.222,36.91],[-120.597,36.488],[-120.597,36.328],[-120.683,36.294],[-120.627,36.203],[-120.668,36.138],[-120.435,35.97],[-120.315,35.907],[-119.959,36.181],[-119.959,36.401],[-119.667,36.419],[-119.573,36.489],[-119.683,36.489],[-119.692,36.547],[-119.773,36.547],[-119.773,36.62],[-119.952,36.648],[-119.908,36.677],[-119.925,36.735],[-119.97,36.735],[-119.97,36.832],[-119.908,36.847],[-119.858,36.923],[-119.894,36.961],[-119.845,36.992],[-119.912,37.01],[-119.911,37.071],[-120.075,37.054],[-120.137,37.151],[-120.241,37.158],[-120.052,37.183],[-120.178,37.262],[-120.388,37.633],[-120.816,37.467],[-120.936,37.574],[-120.91,37.661],[-120.976,37.624],[-121.11,37.73],[-121.284,37.761],[-121.281,37.859],[-121.414,37.803],[-121.318,37.764],[-121.434,37.659],[-121.557,37.704],[-121.557,37.617]]]},"properties":{"id":"CA-13","name":"California district 13","state":"CA"},"id":"CA-13"},{"type":"Feature","geometry":{"type":"Polygon","coordinates":[[[-123.719,41.596],[-123.612,41.462],[-123.661,41.382],[-123.488,41.377],[-123.455,41.236],[-123.381,41.151],[-123.295,41.141],[-123.239,41.076],[-123.109,41.075],[-123.037,41.004],[-122.902,41.015],[-122.971,41.09],[-122.961,41.182],[-122.802,41.203],[-122.573,41.368],[-122.479,41.32],[-122.523,41.214],[-122.446,41.159],[-122.452,41.108],[-122.54,41.073],[-122.528,41.014],[-122.599,40.976],[-122.658,40.788],[-122.752,40.69],[-122.693,40.575],[-122.999,40.418],[-123.069,40.308],[-122.975,40.233],[-122.99,40.145],[-122.91,39.936],[-122.96,39.845],[-122.885,39.58],[-122.736,39.581],[-122.775,39.312],[-122.665,39.218],[-122.515,39.209],[-122.475,39.17],[-122.492,39.054],[-122.412,39.019],[-122.373,38.94],[-121.835,38.924],[-121.802,38.865],[-121.724,38.852],[-121.674,38.743],[-121.625,38.785],[-121.603,38.736],[-121.484,38.735],[-121.469,38.926],[-121.414,38.926],[-121.415,38.998],[-121.366,39.032],[-121.28,39.035],[-121.283,39.145],[-121.433,39.145],[-121.485,39.1],[-121.484,39.19],[-121.594,39.164],[-121.569,39.308],[-121.406,39.341],[-121.305,39.52],[-121.159,39.52],[-121.077,39.597],[-121.43,39.9],[-121.367,40.086],[-121.444,40.191],[-121.368,40.213],[-121.377,40.298],[-121.342,40.31],[-121.472,40.352],[-121.498,40.446],[-121.061,40.447],[-121.061,40.256],[-120.929,40.192],[-120.764,40.316],[-120.577,40.285],[-120.379,40.13],[-120.21,40.086],[-120.201,40.013],[-120.1,39.91],[-120.147,39.708],[-120.001,39.722],[-119.999,41.995],[-123.518,42.001],[-123.559,41.906],[-123.704,41.829],[-123.66,41.714],[-123.719,41.596]]]},"properties":{"id":"CA-01","name":"California district 1","state":"CA"},"id":"CA-01"},{"type":"Feature","geometry":{"type":"Polygon","coordinates":[[[-118.404,34.253],[-118.343,34.207],[-118.391,34.072],[-118.224,34.082],[-118.253,34.124],[-118.152,34.157],[-118.249,34.222],[-118.188,34.294],[-118.199,34.429],[-118.276,34.436],[-118.311,34.323],[-118.268,34.301],[-118.404,34.253]]]},"properties":{"id":"CA-30","name":"California district 30","state":"CA"},"id":"CA-30"},{"type":"Feature","geometry":{"type":"Polygon","coordinates":[[[-97.922,33.008],[-97.315,32.973],[-96.844,33.011],[-96.84,33.153],[-96.923,33.133],[-96.882,33.163],[-96.904,33.203],[-96.839,33.219],[-96.834,33.405],[-96.944,33.416],[-96.945,33.949],[-96.994,33.949],[-97.021,33.846],[-97.088,33.853],[-97.048,33.817],[-97.121,33.717],[-97.193,33.76],[-97.167,33.847],[-97.206,33.914],[-97.414,33.818],[-97.484,33.916],[-97.487,33.434],[-97.219,33.425],[-97.221,33.326],[-97.141,33.332],[-97.045,33.269],[-97.02,33.177],[-97.115,33.133],[-97.162,33.219],[-97.411,33.251],[-97.711,33.23],[-97.746,33.19],[-97.781,33.217],[-97.92,33.099],[-97.922,33.008]]]},"properties":{"id":"TX-26","name":"Texas district 26","state":"TX"},"id":"TX-26"},{"type":"Feature","geometry":{"type":"Polygon","coordinates":[[[-103.065,32.683],[-103.065,32.087],[-99.631,32.081],[-99.63,32.437],[-99.455,32.407],[-99.397,32.515],[-99.096,32.515],[-99.096,32.957],[-98.951,32.957],[-98.954,33.398],[-101.039,33.397],[-101.041,34.312],[-101.472,34.312],[-101.472,34.747],[-103.043,34.747],[-103.065,32.683]]]},"properties":{"id":"TX-19","name":"Texas district 19","state":"TX"},"id":"TX-19"},{"type":"Feature","geometry":{"type":"Polygon","coordinates":[[[-78.046,36.544],[-77.072,36.546],[-77.038,36.572],[-77.099,36.607],[-77.047,36.627],[-77.102,36.699],[-76.946,36.831],[-77.015,36.859],[-76.97,36.886],[-77.002,36.921],[-76.698,37.059],[-76.643,37.189],[-76.75,37.172],[-76.883,37.223],[-76.905,37.405],[-77.096,37.44],[-77.505,37.666],[-77.541,37.633],[-77.51,37.584],[-77.601,37.545],[-77.528,37.525],[-77.63,37.424],[-77.577,37.392],[-77.632,37.34],[-77.553,37.325],[-77.557,37.25],[-77.651,37.265],[-77.9,37.144],[-77.89,36.989],[-78.004,37.023],[-78.046,36.544]]]},"properties":{"id":"VA-04","name":"Virginia district 4","state":"VA"},"id":"VA-04"},{"type":"Feature","geometry":{"type":"Polygon","coordinates":[[[-73.452,40.82],[-73.439,40.751],[-73.227,40.824],[-72.866,40.851],[-72.808,40.694],[-71.837,41.011],[-71.777,41.067],[-71.791,41.184],[-71.929,41.31],[-73.0,41.087],[-73.432,40.989],[-73.383,40.852],[-73.452,40.82]]]},"properties":{"id":"NY-01","name":"New York district 1","state":"NY"},"id":"NY-01"},{"type":"Feature","geometry":{"type":"Polygon","coordinates":[[[-79.174,43.46],[-79.056,43.255],[-79.052,43.132],[-78.755,43.133],[-78.746,43.167],[-78.625,43.152],[-78.616,43.074],[-78.464,43.089],[-78.465,42.519],[-77.841,42.518],[-77.84,42.475],[-77.723,42.471],[-77.726,42.404],[-77.565,42.455],[-77.432,42.363],[-77.302,42.386],[-77.26,42.485],[-77.169,42.459],[-77.115,42.508],[-77.105,42.389],[-76.687,42.39],[-76.697,42.547],[-76.586,42.55],[-76.729,42.713],[-76.733,42.894],[-76.593,42.895],[-76.57,43.012],[-76.493,43.015],[-76.479,43.228],[-76.281,43.201],[-76.273,43.24],[-76.218,43.205],[-76.203,43.272],[-75.884,43.156],[-75.887,43.325],[-75.815,43.484],[-75.756,43.47],[-75.787,43.789],[-75.851,43.792],[-75.84,43.884],[-75.759,43.879],[-75.604,43.971],[-75.695,44.055],[-75.857,43.983],[-75.878,44.175],[-75.794,44.14],[-75.629,44.299],[-75.86,44.403],[-76.313,44.199],[-76.438,44.094],[-76.776,43.63],[-77.388,43.632],[-77.37,42.913],[-77.432,42.898],[-77.479,42.943],[-77.759,42.94],[-77.731,42.988],[-77.91,42.988],[-77.904,43.037],[-77.951,43.04],[-77.906,43.134],[-77.997,43.133],[-77.994,43.631],[-78.688,43.635],[-79.174,43.46]]]},"properties":{"id":"NY-24","name":"New York district 24","state":"NY"},"id":"NY-24"},{"type":"Feature","geometry":{"type":"Polygon","coordinates":[[[-73.487,40.657],[-73.485,40.521],[-73.274,40.551],[-72.808,40.694],[-72.807,40.768],[-72.866,40.851],[-73.227,40.824],[-73.439,40.751],[-73.487,40.657]]]},"properties":{"id":"NY-02","name":"New York district 2","state":"NY"},"id":"NY-02"},{"type":"Feature","geometry":{"type":"Polygon","coordinates":[[[-73.828,40.804],[-73.74,40.717],[-73.553,40.756],[-73.523,40.707],[-73.43,40.707],[-73.452,40.82],[-73.383,40.852],[-73.388,40.911],[-73.429,40.92],[-73.432,40.989],[-73.613,40.951],[-73.828,40.804]]]},"properties":{"id":"NY-03","name":"New York district 3","state":"NY"},"id":"NY-03"},{"type":"Feature","geometry":{"type":"Polygon","coordinates":[[[-79.075,43.081],[-79.007,43.066],[-79.02,42.995],[-78.909,42.933],[-78.957,42.833],[-78.697,42.811],[-78.697,43.086],[-78.822,43.052],[-78.825,43.133],[-79.042,43.132],[-79.075,43.081]]]},"properties":{"id":"NY-26","name":"New York district 26","state":"NY"},"id":"NY-26"},{"type":"Feature","geometry":{"type":"Polygon","coordinates":[[[-73.916,40.743],[-73.812,40.706],[-73.734,40.744],[-73.826,40.78],[-73.916,40.743]]]},"properties":{"id":"NY-06","name":"New York district 6","state":"NY"},"id":"NY-06"},{"type":"Feature","geometry":{"type":"Polygon","coordinates":[[[-91.701,30.498],[-91.64,30.443],[-91.588,30.257],[-91.475,30.229],[-91.464,30.103],[-91.222,30.039],[-91.251,29.958],[-91.187,29.849],[-91.096,29.809],[-91.083,29.627],[-90.925,29.83],[-90.849,29.803],[-90.874,29.763],[-90.81,29.776],[-90.813,29.84],[-90.886,29.905],[-90.536,29.891],[-90.341,29.693],[-90.228,29.692],[-90.168,29.841],[-90.109,29.852],[-90.123,29.797],[-90.081,29.768],[-90.008,29.896],[-89.903,29.876],[-89.956,29.94],[-89.94,30.027],[-89.88,30.052],[-89.919,30.081],[-90.073,30.032],[-90.084,29.975],[-90.162,29.975],[-90.077,29.926],[-90.122,29.91],[-90.151,29.956],[-90.215,29.926],[-90.263,30.022],[-90.335,29.934],[-90.47,30.0],[-90.327,30.15],[-90.156,30.19],[-90.161,30.234],[-90.298,30.294],[-90.486,30.277],[-90.551,30.197],[-90.632,30.221],[-90.642,30.166],[-90.885,30.15],[-90.922,30.314],[-90.968,30.271],[-91.012,30.336],[-91.311,30.322],[-91.485,30.497],[-91.701,30.498]]]},"properties":{"id":"LA-02","name":"Louisiana district 2","state":"LA"},"id":"LA-02"},{"type":"Feature","geometry":{"type":"Polygon","coordinates":[[[-119.96,36.376],[-119.959,36.255],[-119.727,36.24],[-119.727,36.332],[-119.637,36.372],[-119.604,36.328],[-119.475,36.328],[-119.475,36.269],[-119.385,36.298],[-119.349,36.208],[-119.233,36.211],[-119.233,36.167],[-119.117,36.167],[-119.119,36.224],[-119.066,36.226],[-119.001,36.167],[-119.009,36.085],[-118.899,36.048],[-118.92,35.618],[-118.879,35.614],[-118.904,35.509],[-118.87,35.464],[-118.95,35.383],[-118.844,35.374],[-118.753,35.292],[-118.753,35.209],[-118.851,35.151],[-118.847,35.045],[-118.936,35.016],[-119.015,35.238],[-119.092,35.267],[-119.019,35.368],[-119.029,35.46],[-119.252,35.442],[-119.283,35.345],[-119.809,35.345],[-119.809,35.264],[-119.667,35.263],[-119.667,35.175],[-119.554,35.18],[-119.562,35.088],[-119.473,35.077],[-119.472,34.901],[-119.276,34.872],[-119.243,34.814],[-118.978,34.79],[-117.632,34.822],[-117.632,34.991],[-118.043,35.015],[-118.063,35.071],[-118.257,35.053],[-118.272,35.104],[-118.161,35.148],[-118.009,35.305],[-117.634,35.439],[-117.617,35.681],[-117.652,35.681],[-117.634,35.798],[-118.008,35.789],[-117.983,35.927],[-118.128,36.28],[-118.1,36.346],[-118.25,36.482],[-118.275,36.597],[-118.366,36.69],[-118.351,36.741],[-118.982,36.742],[-119.014,36.657],[-119.06,36.752],[-119.02,36.78],[-119.138,36.918],[-119.268,36.992],[-119.466,36.965],[-119.468,37.055],[-119.549,37.094],[-119.74,36.97],[-119.748,36.787],[-119.664,36.75],[-119.664,36.678],[-119.529,36.736],[-119.512,36.699],[-119.175,36.659],[-119.246,36.512],[-119.162,36.493],[-119.14,36.414],[-119.06,36.457],[-118.992,36.317],[-119.233,36.269],[-119.225,36.327],[-119.448,36.328],[-119.475,36.401],[-119.529,36.401],[-119.527,36.489],[-119.667,36.419],[-119.96,36.376]]]},"properties":{"id":"CA-20","name":"California district 20","state":"CA"},"id":"CA-20"},{"type":"Feature","geometry":{"type":"Polygon","coordinates":[[[-84.124,32.853],[-83.873,32.859],[-83.79,32.818],[-83.598,32.888],[-83.489,32.824],[-83.612,32.695],[-83.537,32.575],[-83.719,32.631],[-83.723,32.521],[-83.787,32.513],[-83.798,32.447],[-83.847,32.469],[-83.848,32.291],[-83.606,32.288],[-83.61,32.028],[-83.961,32.031],[-83.927,31.863],[-84.008,31.802],[-83.986,31.765],[-84.033,31.715],[-83.982,31.563],[-84.004,31.042],[-83.736,31.038],[-83.744,30.658],[-82.419,30.582],[-82.436,30.82],[-82.495,30.82],[-82.491,30.963],[-82.592,31.018],[-82.701,31.223],[-82.699,31.278],[-82.63,31.275],[-82.628,31.469],[-82.598,31.469],[-82.627,31.673],[-82.521,31.673],[-82.551,31.749],[-82.52,31.838],[-82.431,31.838],[-82.432,31.966],[-82.646,31.919],[-82.94,32.125],[-82.887,32.198],[-82.994,32.153],[-83.227,32.584],[-82.947,32.737],[-82.971,32.835],[-83.071,32.933],[-83.044,33.064],[-83.103,33.051],[-83.098,33.151],[-83.291,33.19],[-83.816,33.132],[-83.843,33.197],[-84.041,33.203],[-84.044,32.948],[-84.123,32.932],[-84.124,32.853]]]},"properties":{"id":"GA-08","name":"Georgia district 8","state":"GA"},"id":"GA-08"},{"type":"Feature","geometry":{"type":"Polygon","coordinates":[[[-84.657,34.729],[-84.654,34.549],[-84.255,34.568],[-84.136,34.661],[-84.037,34.642],[-83.964,34.727],[-83.857,34.723],[-83.877,34.629],[-83.833,34.524],[-83.935,34.449],[-83.874,34.387],[-83.906,34.335],[-83.86,34.274],[-83.919,34.2],[-83.858,34.193],[-83.864,34.156],[-83.902,34.111],[-84.074,34.164],[-84.12,34.029],[-84.061,33.96],[-83.917,33.923],[-83.939,33.979],[-83.865,34.013],[-83.817,34.127],[-83.764,34.065],[-83.574,34.039],[-83.537,33.966],[-83.359,34.04],[-83.402,34.197],[-83.338,34.261],[-83.394,34.325],[-83.398,34.461],[-83.178,34.477],[-83.104,34.537],[-83.354,34.699],[-83.306,34.816],[-83.112,34.935],[-83.098,34.991],[-84.621,34.988],[-84.623,34.857],[-84.582,34.825],[-84.657,34.729]]]},"properties":{"id":"GA-09","name":"Georgia district 9","state":"GA"},"id":"GA-09"},{"type":"Feature","geometry":{"type":"Polygon","coordinates":[[[-89.852,30.662],[-89.804,30.549],[-89.683,30.452],[-89.572,30.181],[-89.184,30.212],[-88.889,30.14],[-88.821,30.217],[-88.384,30.159],[-88.473,31.894],[-88.943,31.825],[-88.943,31.784],[-89.084,31.77],[-89.147,31.711],[-89.265,31.805],[-89.401,31.797],[-89.399,31.434],[-89.654,31.434],[-89.654,31.003],[-89.736,31.0],[-89.852,30.662]]]},"properties":{"id":"MS-04","name":"Mississippi district 4","state":"MS"},"id":"MS-04"},{"type":"Feature","geometry":{"type":"Polygon","coordinates":[[[-91.655,31.252],[-91.59,31.194],[-91.628,31.121],[-91.56,31.054],[-91.637,30.999],[-90.548,31.0],[-90.548,31.35],[-90.633,31.349],[-90.633,31.611],[-90.737,31.611],[-90.737,31.698],[-90.379,31.685],[-90.107,31.778],[-90.248,32.031],[-90.255,32.151],[-90.182,32.202],[-90.209,32.236],[-90.151,32.291],[-90.187,32.327],[-90.117,32.385],[-90.13,32.426],[-90.244,32.4],[-90.244,32.488],[-90.45,32.488],[-90.451,32.579],[-90.364,32.603],[-90.307,32.545],[-90.05,32.579],[-89.931,32.512],[-89.73,32.634],[-89.73,32.577],[-89.318,32.576],[-89.316,33.286],[-89.454,33.286],[-89.454,33.433],[-89.381,33.46],[-89.506,33.46],[-89.509,34.191],[-89.721,34.193],[-89.721,34.554],[-90.218,34.559],[-90.202,34.86],[-90.439,34.825],[-90.437,34.883],[-90.48,34.882],[-90.448,34.74],[-90.517,34.727],[-90.493,34.772],[-90.544,34.792],[-90.572,34.713],[-90.463,34.684],[-90.534,34.627],[-90.57,34.693],[-90.592,34.621],[-90.54,34.554],[-90.593,34.491],[-90.586,34.409],[-90.657,34.377],[-90.669,34.313],[-90.676,34.371],[-90.764,34.364],[-90.738,34.289],[-90.832,34.277],[-90.847,34.206],[-90.936,34.238],[-90.807,34.164],[-90.959,34.135],[-90.871,34.08],[-90.894,34.026],[-90.988,34.019],[-90.966,33.965],[-91.087,34.005],[-91.086,33.958],[-91.01,33.932],[-91.069,33.843],[-90.989,33.783],[-91.133,33.783],[-91.149,33.731],[-91.034,33.674],[-91.229,33.686],[-91.129,33.607],[-91.233,33.563],[-91.182,33.5],[-91.236,33.439],[-91.134,33.483],[-91.132,33.43],[-91.209,33.406],[-91.148,33.379],[-91.058,33.447],[-91.142,33.3],[-91.101,33.238],[-91.045,33.267],[-91.1,33.219],[-91.086,33.136],[-91.201,33.126],[-91.12,33.055],[-91.214,32.927],[-91.152,32.902],[-91.136,32.98],[-91.087,32.976],[-91.064,32.901],[-91.145,32.843],[-91.166,32.753],[-91.055,32.719],[-91.152,32.62],[-91.12,32.585],[-91.016,32.642],[-91.08,32.556],[-90.987,32.496],[-91.094,32.549],[-91.116,32.483],[-90.97,32.439],[-90.994,32.354],[-90.876,32.372],[-90.922,32.299],[-90.979,32.294],[-90.995,32.193],[-91.039,32.242],[-91.164,32.197],[-91.163,32.133],[-91.054,32.124],[-91.058,32.181],[-91.005,32.143],[-91.081,32.048],[-91.159,32.073],[-91.076,32.017],[-91.185,31.966],[-91.182,31.916],[-91.268,31.863],[-91.254,31.814],[-91.294,31.86],[-91.345,31.844],[-91.366,31.761],[-91.266,31.752],[-91.369,31.747],[-91.401,31.62],[-91.514,31.632],[-91.487,31.587],[-91.404,31.59],[-91.523,31.522],[-91.473,31.371],[-91.565,31.423],[-91.512,31.284],[-91.655,31.252]]]},"properties":{"id":"MS-02","name":"Mississippi district 2","state":"MS"},"id":"MS-02"},{"type":"Feature","geometry":{"type":"Polygon","coordinates":[[[-71.706,43.538],[-71.613,43.438],[-71.55,43.453],[-71.128,43.2],[-71.213,43.077],[-71.466,43.122],[-71.511,43.07],[-71.641,43.054],[-71.556,42.792],[-71.47,42.794],[-71.453,42.905],[-71.427,42.825],[-71.361,42.799],[-71.35,42.839],[-71.198,42.867],[-71.064,42.806],[-71.031,42.859],[-70.814,42.872],[-70.737,43.0],[-70.606,42.972],[-70.827,43.127],[-70.81,43.226],[-70.986,43.38],[-70.951,43.551],[-71.01,44.285],[-71.098,44.235],[-71.098,44.124],[-71.302,44.137],[-71.336,44.086],[-71.356,44.166],[-71.427,44.211],[-71.347,44.069],[-71.384,44.023],[-71.156,44.025],[-71.14,43.963],[-71.36,43.908],[-71.329,43.783],[-71.532,43.765],[-71.44,43.696],[-71.706,43.538]]]},"properties":{"id":"NH-01","name":"New Hampshire district 1","state":"NH"},"id":"NH-01"},{"type":"Feature","geometry":{"type":"Polygon","coordinates":[[[-72.557,42.853],[-72.458,42.727],[-71.352,42.698],[-71.182,42.737],[-71.186,42.791],[-71.112,42.823],[-71.198,42.867],[-71.35,42.839],[-71.361,42.799],[-71.427,42.825],[-71.453,42.905],[-71.47,42.794],[-71.556,42.792],[-71.641,43.054],[-71.511,43.07],[-71.466,43.122],[-71.213,43.077],[-71.128,43.2],[-71.55,43.453],[-71.613,43.438],[-71.706,43.538],[-71.44,43.696],[-71.532,43.765],[-71.329,43.783],[-71.36,43.908],[-71.14,43.963],[-71.156,44.025],[-71.384,44.023],[-71.347,44.069],[-71.427,44.211],[-71.356,44.166],[-71.336,44.086],[-71.302,44.137],[-71.098,44.124],[-71.098,44.235],[-71.01,44.285],[-71.084,45.305],[-71.148,45.239],[-71.284,45.302],[-71.443,45.238],[-71.397,45.204],[-71.506,45.048],[-71.465,45.013],[-71.542,44.985],[-71.495,44.904],[-71.632,44.752],[-71.535,44.588],[-71.597,44.559],[-71.577,44.502],[-71.815,44.354],[-71.982,44.337],[-72.064,44.279],[-72.032,44.079],[-72.117,43.994],[-72.091,43.966],[-72.205,43.771],[-72.38,43.573],[-72.443,43.008],[-72.534,42.953],[-72.557,42.853]]]},"properties":{"id":"NH-02","name":"New Hampshire district 2","state":"NH"},"id":"NH-02"},{"type":"Feature","geometry":{"type":"Polygon","coordinates":[[[-76.74,42.783],[-76.667,42.623],[-76.266,42.624],[-76.261,42.55],[-76.065,42.543],[-76.072,42.647],[-75.884,42.656],[-75.89,42.724],[-75.283,42.751],[-75.248,42.872],[-75.201,42.881],[-75.219,43.052],[-75.161,43.115],[-75.255,43.113],[-75.341,43.179],[-75.544,43.169],[-75.514,43.133],[-75.653,43.108],[-75.776,43.173],[-76.004,43.177],[-76.203,43.272],[-76.218,43.205],[-76.273,43.24],[-76.281,43.201],[-76.479,43.228],[-76.493,43.015],[-76.57,43.012],[-76.593,42.895],[-76.733,42.894],[-76.74,42.783]]]},"properties":{"id":"NY-22","name":"New York district 22","state":"NY"},"id":"NY-22"},{"type":"Feature","geometry":{"type":"Polygon","coordinates":[[[-74.017,40.747],[-73.963,40.723],[-73.934,40.778],[-73.971,40.816],[-74.017,40.747]]]},"properties":{"id":"NY-12","name":"New York district 12","state":"NY"},"id":"NY-12"},{"type":"Feature","geometry":{"type":"Polygon","coordinates":[[[-73.94,40.768],[-73.851,40.75],[-73.748,40.872],[-73.823,40.891],[-73.94,40.768]]]},"properties":{"id":"NY-14","name":"New York district 14","state":"NY"},"id":"NY-14"},{"type":"Feature","geometry":{"type":"Polygon","coordinates":[[[-78.614,36.313],[-78.509,36.266],[-78.508,36.183],[-78.458,36.164],[-78.307,36.266],[-78.007,36.203],[-78.257,35.813],[-78.126,35.603],[-78.065,35.585],[-78.153,35.351],[-78.307,35.288],[-78.163,35.19],[-77.892,35.146],[-77.834,35.178],[-77.769,35.146],[-77.731,35.008],[-77.601,35.071],[-77.507,35.173],[-77.527,35.243],[-77.433,35.25],[-77.449,35.302],[-77.391,35.34],[-77.448,35.372],[-77.503,35.518],[-77.701,35.652],[-77.472,35.801],[-77.39,35.833],[-76.986,35.659],[-76.847,35.72],[-76.269,35.691],[-76.298,35.609],[-76.214,35.598],[-76.17,35.699],[-76.032,35.663],[-75.973,35.977],[-75.768,36.055],[-75.813,36.224],[-75.709,36.245],[-75.797,36.551],[-78.457,36.543],[-78.504,36.495],[-78.51,36.376],[-78.614,36.313]]]},"properties":{"id":"NC-01","name":"North Carolina district 1","state":"NC"},"id":"NC-01"},{"type":"Feature","geometry":{"type":"Polygon","coordinates":[[[-80.987,35.302],[-80.921,35.164],[-80.962,35.138],[-80.893,35.123],[-80.877,35.06],[-80.821,35.064],[-80.854,35.09],[-80.808,35.133],[-80.71,35.123],[-80.672,35.175],[-80.705,35.193],[-80.6,35.234],[-80.764,35.4],[-80.987,35.302]]]},"properties":{"id":"NC-12","name":"North Carolina district 12","state":"NC"},"id":"NC-12"},{"type":"Feature","geometry":{"type":"Polygon","coordinates":[[[-78.872,35.821],[-78.777,35.729],[-78.566,35.645],[-78.288,35.823],[-78.475,35.88],[-78.459,35.976],[-78.561,35.976],[-78.645,35.897],[-78.685,36.021],[-78.759,35.918],[-78.805,35.928],[-78.802,35.844],[-78.872,35.821]]]},"properties":{"id":"NC-02","name":"North Carolina district 2","state":"NC"},"id":"NC-02"},{"type":"Feature","geometry":{"type":"Polygon","coordinates":[[[-79.532,36.25],[-78.802,36.236],[-78.808,36.087],[-78.665,36.011],[-78.652,35.901],[-78.561,35.976],[-78.459,35.976],[-78.475,35.88],[-78.288,35.823],[-78.566,35.645],[-78.752,35.719],[-78.824,35.655],[-78.776,35.54],[-78.916,35.584],[-78.97,35.522],[-79.119,35.628],[-79.2,35.559],[-79.324,35.544],[-79.36,35.47],[-79.184,35.307],[-79.223,35.268],[-79.151,35.214],[-78.794,35.266],[-78.617,35.246],[-78.538,35.316],[-78.412,35.255],[-78.153,35.351],[-78.065,35.585],[-78.126,35.603],[-78.257,35.813],[-78.007,36.203],[-78.307,36.266],[-78.422,36.164],[-78.502,36.178],[-78.509,36.266],[-78.614,36.313],[-78.51,36.376],[-78.498,36.515],[-78.454,36.54],[-79.514,36.541],[-79.532,36.25]]]},"properties":{"id":"NC-13","name":"North Carolina district 13","state":"NC"},"id":"NC-13"},{"type":"Feature","geometry":{"type":"Polygon","coordinates":[[[-78.641,34.989],[-78.254,34.554],[-78.114,34.722],[-78.013,34.733],[-77.68,34.721],[-77.576,34.476],[-77.485,34.4],[-77.123,34.584],[-76.905,34.632],[-76.693,34.643],[-76.524,34.532],[-76.316,34.776],[-76.024,35.005],[-75.75,35.136],[-75.485,35.188],[-75.411,35.66],[-75.709,36.245],[-75.813,36.224],[-75.765,36.06],[-75.973,35.977],[-76.033,35.662],[-76.17,35.699],[-76.216,35.598],[-76.298,35.609],[-76.269,35.691],[-76.847,35.72],[-76.986,35.659],[-77.39,35.833],[-77.701,35.652],[-77.503,35.518],[-77.448,35.372],[-77.391,35.342],[-77.449,35.302],[-77.433,35.25],[-77.527,35.243],[-77.507,35.173],[-77.601,35.071],[-77.731,35.008],[-77.769,35.146],[-77.834,35.178],[-77.892,35.146],[-78.163,35.19],[-78.307,35.288],[-78.496,35.208],[-78.539,35.235],[-78.432,35.133],[-78.453,35.055],[-78.641,34.989]]]},"properties":{"id":"NC-03","name":"North Carolina district 3","state":"NC"},"id":"NC-03"},{"type":"Feature","geometry":{"type":"Polygon","coordinates":[[[-82.314,35.191],[-81.034,35.149],[-81.041,35.045],[-80.935,35.107],[-80.84,35.002],[-80.791,35.087],[-80.877,35.06],[-80.893,35.123],[-80.958,35.133],[-80.921,35.164],[-80.987,35.301],[-80.752,35.414],[-80.784,35.506],[-80.907,35.515],[-80.955,35.4],[-81.456,35.42],[-81.538,35.564],[-81.364,35.768],[-81.556,35.778],[-81.9,36.0],[-81.943,35.96],[-81.918,35.852],[-81.987,35.807],[-81.869,35.72],[-81.824,35.575],[-82.233,35.519],[-82.27,35.4],[-82.128,35.396],[-82.075,35.289],[-82.206,35.288],[-82.314,35.191]]]},"properties":{"id":"NC-14","name":"North Carolina district 14","state":"NC"},"id":"NC-14"},{"type":"Feature","geometry":{"type":"Polygon","coordinates":[[[-103.002,36.676],[-103.002,36.5],[-100.0,36.5],[-100.0,34.56],[-99.923,34.575],[-99.695,34.378],[-99.6,34.375],[-99.57,34.418],[-99.405,34.373],[-99.37,34.459],[-99.231,34.338],[-99.192,34.348],[-99.236,34.403],[-99.222,34.493],[-99.163,34.588],[-99.083,34.59],[-99.103,34.638],[-98.826,34.594],[-98.826,34.855],[-98.093,34.855],[-98.096,35.378],[-97.737,35.324],[-97.671,35.336],[-97.671,35.377],[-97.424,35.377],[-97.459,35.469],[-97.53,35.458],[-97.53,35.493],[-97.673,35.448],[-97.831,35.464],[-97.834,35.726],[-97.674,35.726],[-97.67,35.866],[-97.468,35.895],[-97.408,35.931],[-97.417,35.975],[-97.319,36.011],[-97.19,35.941],[-96.62,35.942],[-96.621,35.639],[-96.193,35.639],[-96.192,35.857],[-96.137,35.857],[-96.119,35.959],[-96.262,36.021],[-96.298,36.162],[-96.001,36.161],[-96.001,36.999],[-103.002,37.0],[-103.002,36.676]]]},"properties":{"id":"OK-03","name":"Oklahoma district 3","state":"OK"},"id":"OK-03"},{"type":"Feature","geometry":{"type":"Polygon","coordinates":[[[-96.298,36.091],[-96.262,36.021],[-96.119,35.959],[-96.137,35.857],[-95.65,35.857],[-95.59,35.765],[-95.402,35.807],[-95.403,35.886],[-95.565,35.968],[-95.523,36.044],[-95.579,36.08],[-95.568,36.13],[-95.758,36.206],[-95.776,36.311],[-95.74,36.322],[-95.812,36.322],[-95.794,36.424],[-96.001,36.424],[-96.001,36.161],[-96.298,36.162],[-96.298,36.091]]]},"properties":{"id":"OK-01","name":"Oklahoma district 1","state":"OK"},"id":"OK-01"},{"type":"Feature","geometry":{"type":"Polygon","coordinates":[[[-97.84,35.508],[-97.76,35.45],[-97.363,35.493],[-97.336,35.377],[-97.142,35.377],[-97.136,34.924],[-97.016,34.907],[-96.928,34.965],[-96.885,34.926],[-96.813,34.945],[-96.725,34.857],[-96.692,34.933],[-96.559,34.915],[-96.529,34.87],[-96.491,34.911],[-96.49,35.116],[-96.441,35.116],[-96.441,35.468],[-96.497,35.429],[-96.554,35.454],[-96.536,35.391],[-96.624,35.401],[-96.62,35.942],[-97.186,35.941],[-97.301,36.009],[-97.4,35.988],[-97.434,35.91],[-97.672,35.865],[-97.674,35.726],[-97.834,35.726],[-97.84,35.508]]]},"properties":{"id":"OK-05","name":"Oklahoma district 5","state":"OK"},"id":"OK-05"},{"type":"Feature","geometry":{"type":"Polygon","coordinates":[[[-99.238,34.425],[-99.19,34.214],[-98.988,34.221],[-98.757,34.125],[-98.6,34.161],[-98.484,34.062],[-98.366,34.157],[-98.171,34.114],[-98.109,34.154],[-98.088,34.005],[-97.946,33.99],[-97.968,33.882],[-97.834,33.858],[-97.671,33.992],[-97.59,33.954],[-97.581,33.9],[-97.461,33.905],[-97.427,33.819],[-97.211,33.916],[-97.167,33.847],[-97.193,33.76],[-97.12,33.717],[-97.048,33.817],[-97.088,33.853],[-97.021,33.846],[-96.994,33.949],[-96.935,33.954],[-96.968,34.173],[-96.934,34.173],[-96.933,34.333],[-96.881,34.333],[-96.881,34.506],[-96.512,34.506],[-96.512,34.68],[-96.406,34.68],[-96.406,34.934],[-96.527,34.87],[-96.564,34.917],[-96.694,34.933],[-96.723,34.857],[-96.813,34.945],[-96.885,34.926],[-96.928,34.965],[-97.016,34.907],[-97.142,34.928],[-97.142,35.377],[-97.336,35.377],[-97.363,35.493],[-97.459,35.469],[-97.424,35.377],[-97.671,35.377],[-97.707,35.325],[-98.096,35.378],[-98.093,34.855],[-98.826,34.855],[-98.826,34.594],[-99.103,34.638],[-99.083,34.59],[-99.164,34.588],[-99.238,34.425]]]},"properties":{"id":"OK-04","name":"Oklahoma district 4","state":"OK"},"id":"OK-04"},{"type":"Feature","geometry":{"type":"Polygon","coordinates":[[[-96.97,34.057],[-96.866,33.853],[-96.794,33.869],[-96.746,33.826],[-96.667,33.917],[-96.589,33.895],[-96.629,33.846],[-96.424,33.776],[-96.354,33.687],[-96.294,33.769],[-96.187,33.755],[-96.149,33.837],[-96.003,33.874],[-95.83,33.835],[-95.594,33.943],[-95.544,33.881],[-95.289,33.873],[-95.217,33.963],[-94.97,33.862],[-94.868,33.745],[-94.763,33.76],[-94.789,33.736],[-94.735,33.691],[-94.644,33.702],[-94.669,33.664],[-94.588,33.686],[-94.59,33.645],[-94.543,33.654],[-94.569,33.627],[-94.488,33.627],[-94.431,35.393],[-94.618,36.499],[-94.618,36.999],[-96.001,36.999],[-96.001,36.424],[-95.794,36.424],[-95.812,36.322],[-95.74,36.322],[-95.776,36.311],[-95.758,36.206],[-95.568,36.13],[-95.579,36.08],[-95.523,36.044],[-95.565,35.968],[-95.403,35.886],[-95.402,35.807],[-95.59,35.765],[-95.65,35.857],[-96.192,35.857],[-96.193,35.639],[-96.621,35.639],[-96.621,35.398],[-96.536,35.391],[-96.554,35.454],[-96.497,35.429],[-96.441,35.468],[-96.441,35.116],[-96.49,35.116],[-96.491,34.911],[-96.406,34.934],[-96.406,34.68],[-96.512,34.68],[-96.512,34.506],[-96.881,34.506],[-96.881,34.333],[-96.933,34.333],[-96.97,34.057]]]},"properties":{"id":"OK-02","name":"Oklahoma district 2","state":"OK"},"id":"OK-02"},{"type":"Feature","geometry":{"type":"Polygon","coordinates":[[[-90.737,31.625],[-90.633,31.611],[-90.633,31.349],[-90.548,31.35],[-90.548,31.0],[-89.654,31.003],[-89.654,31.434],[-89.399,31.434],[-89.401,31.797],[-89.265,31.805],[-89.147,31.711],[-89.084,31.77],[-88.943,31.784],[-88.943,31.825],[-88.473,31.894],[-88.304,33.288],[-88.671,33.287],[-88.672,33.565],[-89.036,33.562],[-89.036,33.513],[-88.96,33.498],[-88.967,33.379],[-89.015,33.363],[-88.967,33.344],[-88.966,33.286],[-89.109,33.286],[-89.109,33.198],[-89.213,33.198],[-89.214,33.109],[-89.318,33.109],[-89.318,32.576],[-89.73,32.577],[-89.73,32.634],[-89.931,32.512],[-90.05,32.579],[-90.307,32.545],[-90.364,32.603],[-90.446,32.584],[-90.45,32.488],[-90.244,32.488],[-90.244,32.4],[-90.13,32.426],[-90.117,32.385],[-90.187,32.327],[-90.151,32.291],[-90.209,32.236],[-90.182,32.202],[-90.255,32.151],[-90.248,32.031],[-90.107,31.778],[-90.379,31.685],[-90.737,31.698],[-90.737,31.625]]]},"properties":{"id":"MS-03","name":"Mississippi district 3","state":"MS"},"id":"MS-03"},{"type":"Feature","geometry":{"type":"Polygon","coordinates":[[[-90.317,34.871],[-90.202,34.86],[-90.218,34.559],[-89.721,34.554],[-89.721,34.193],[-89.509,34.191],[-89.506,33.46],[-89.381,33.46],[-89.454,33.433],[-89.454,33.286],[-89.316,33.286],[-89.318,33.109],[-89.214,33.109],[-89.213,33.198],[-89.109,33.198],[-89.109,33.286],[-88.966,33.286],[-88.967,33.344],[-89.015,33.363],[-88.967,33.379],[-88.96,33.498],[-89.036,33.513],[-89.036,33.562],[-88.672,33.565],[-88.671,33.287],[-88.304,33.288],[-88.098,34.892],[-88.2,34.996],[-90.308,34.996],[-90.241,34.919],[-90.317,34.871]]]},"properties":{"id":"MS-01","name":"Mississippi district 1","state":"MS"},"id":"MS-01"},{"type":"Feature","geometry":{"type":"Polygon","coordinates":[[[-117.836,34.054],[-117.734,34.011],[-117.644,33.893],[-117.549,33.957],[-117.55,34.033],[-117.401,34.034],[-117.405,34.107],[-117.651,34.122],[-117.836,34.054]]]},"properties":{"id":"CA-35","name":"California district 35","state":"CA"},"id":"CA-35"},{"type":"Feature","geometry":{"type":"Polygon","coordinates":[[[-121.142,38.712],[-121.027,38.508],[-121.027,38.3],[-120.939,38.088],[-120.653,37.832],[-120.759,37.79],[-120.842,37.826],[-120.923,37.794],[-120.922,37.737],[-121.111,37.741],[-121.049,37.646],[-120.91,37.661],[-120.936,37.574],[-120.816,37.467],[-120.388,37.633],[-120.178,37.262],[-120.052,37.183],[-120.241,37.158],[-120.137,37.151],[-120.075,37.054],[-119.908,37.069],[-119.912,37.01],[-119.845,36.992],[-119.894,36.961],[-119.858,36.923],[-119.911,36.856],[-119.833,36.805],[-119.73,36.838],[-119.731,36.98],[-119.518,37.1],[-119.468,37.055],[-119.467,36.965],[-119.268,36.992],[-119.122,36.903],[-119.134,36.871],[-119.02,36.78],[-119.06,36.752],[-119.014,36.657],[-118.982,36.742],[-118.361,36.745],[-118.394,36.83],[-118.361,36.888],[-118.437,37.06],[-118.667,37.155],[-118.665,37.262],[-118.787,37.343],[-118.763,37.457],[-119.02,37.583],[-119.124,37.734],[-119.26,37.727],[-119.2,37.886],[-119.313,37.953],[-119.328,38.066],[-119.633,38.199],[-119.605,38.239],[-119.705,38.416],[-119.885,38.356],[-120.073,38.447],[-120.078,38.709],[-120.275,38.559],[-120.567,38.507],[-120.664,38.604],[-120.603,38.608],[-120.677,38.648],[-120.662,38.683],[-120.761,38.698],[-120.717,38.719],[-120.742,38.777],[-121.061,38.846],[-121.142,38.712]]]},"properties":{"id":"CA-05","name":"California district 5","state":"CA"},"id":"CA-05"},{"type":"Feature","geometry":{"type":"MultiPolygon","coordinates":[[[[-120.984,35.461],[-120.984,35.408],[-120.928,35.387],[-120.944,35.214],[-120.69,35.099],[-120.734,34.901],[-120.673,34.839],[-120.702,34.748],[-120.665,34.696],[-120.708,34.555],[-120.559,34.488],[-120.501,34.403],[-120.135,34.422],[-119.716,34.336],[-119.617,34.369],[-119.328,34.234],[-119.146,34.276],[-119.18,34.369],[-119.294,34.316],[-119.221,34.446],[-119.255,34.478],[-119.377,34.392],[-119.451,34.398],[-119.473,35.077],[-119.562,35.088],[-119.554,35.18],[-119.667,35.175],[-119.667,35.263],[-119.809,35.264],[-119.809,35.351],[-119.88,35.351],[-119.88,35.439],[-119.993,35.439],[-120.051,35.513],[-120.151,35.44],[-120.201,35.499],[-120.705,35.44],[-120.861,35.523],[-120.912,35.505],[-120.907,35.453],[-120.984,35.461]]],[[[-119.117,33.506],[-119.072,33.414],[-118.964,33.467],[-119.001,33.536],[-119.117,33.506]]],[[[-119.636,33.281],[-119.605,33.207],[-119.512,33.168],[-119.361,33.221],[-119.519,33.334],[-119.636,33.281]]],[[[-120.582,34.108],[-120.488,33.984],[-120.299,33.968],[-120.117,33.842],[-119.905,33.94],[-119.707,33.91],[-119.492,33.983],[-119.377,33.954],[-119.293,34.02],[-119.342,34.069],[-119.557,34.109],[-119.655,34.071],[-119.929,34.13],[-119.992,34.065],[-120.253,34.058],[-120.419,34.161],[-120.582,34.108]]]]},"properties":{"id":"CA-24","name":"California district 24","state":"CA"},"id":"CA-24"},{"type":"Feature","geometry":{"type":"Polygon","coordinates":[[[-118.109,33.887],[-118.059,33.846],[-118.089,33.778],[-117.981,33.73],[-117.98,33.687],[-117.894,33.774],[-117.999,33.775],[-117.985,33.876],[-117.816,33.872],[-117.868,33.946],[-118.011,33.873],[-118.109,33.887]]]},"properties":{"id":"CA-45","name":"California district 45","state":"CA"},"id":"CA-45"},{"type":"Feature","geometry":{"type":"Polygon","coordinates":[[[-118.327,34.048],[-118.127,34.009],[-118.184,34.149],[-118.253,34.124],[-118.231,34.076],[-118.327,34.048]]]},"properties":{"id":"CA-34","name":"California district 34","state":"CA"},"id":"CA-34"},{"type":"Feature","geometry":{"type":"Polygon","coordinates":[[[-118.144,34.033],[-118.108,33.887],[-118.029,33.873],[-117.92,33.948],[-117.783,33.946],[-117.767,34.011],[-117.826,34.062],[-117.889,34.043],[-117.87,33.993],[-118.056,34.011],[-118.005,34.037],[-118.07,34.057],[-118.144,34.033]]]},"properties":{"id":"CA-38","name":"California district 38","state":"CA"},"id":"CA-38"},{"type":"Feature","geometry":{"type":"Polygon","coordinates":[[[-112.353,39.555],[-112.193,39.54],[-112.189,39.329],[-112.016,39.315],[-112.014,39.046],[-111.299,39.032],[-111.301,39.467],[-111.248,39.467],[-111.247,39.813],[-110.858,39.813],[-110.858,39.9],[-111.083,39.9],[-111.083,39.943],[-111.246,40.047],[-111.225,40.166],[-111.313,40.287],[-111.513,40.283],[-111.511,40.159],[-111.748,40.166],[-111.718,40.182],[-111.773,40.341],[-111.913,40.452],[-111.866,40.687],[-112.025,40.682],[-112.035,40.631],[-112.196,40.629],[-112.172,40.47],[-112.214,40.452],[-112.144,40.173],[-112.18,40.012],[-112.054,39.893],[-112.065,39.83],[-112.353,39.555]]]},"properties":{"id":"UT-04","name":"Utah district 4","state":"UT"},"id":"UT-04"},{"type":"Feature","geometry":{"type":"Polygon","coordinates":[[[-114.053,37.553],[-114.05,37.0],[-111.371,37.002],[-111.305,37.013],[-111.3,37.067],[-111.242,37.021],[-111.178,37.103],[-110.989,37.112],[-110.902,37.173],[-110.838,37.303],[-110.873,37.346],[-110.736,37.346],[-110.753,37.405],[-110.699,37.432],[-110.748,37.458],[-110.64,37.486],[-110.664,37.518],[-110.603,37.603],[-110.498,37.652],[-110.426,37.775],[-110.477,37.8],[-110.405,37.88],[-110.209,37.894],[-110.202,37.947],[-110.078,37.998],[-110.026,38.097],[-109.887,38.183],[-109.92,38.221],[-109.889,38.23],[-109.963,38.319],[-109.941,38.354],[-110.033,38.386],[-110.025,38.5],[-111.306,38.5],[-111.299,39.032],[-112.014,39.046],[-112.016,39.315],[-112.189,39.329],[-112.193,39.54],[-112.354,39.554],[-112.065,39.83],[-112.054,39.893],[-112.18,40.012],[-112.144,40.173],[-112.199,40.307],[-112.198,40.626],[-111.831,40.687],[-111.83,40.745],[-111.891,40.75],[-111.918,40.807],[-111.816,40.871],[-111.892,41.017],[-112.034,40.988],[-112.127,41.089],[-112.452,41.087],[-112.799,41.0],[-114.042,41.0],[-114.053,37.553]]]},"properties":{"id":"UT-02","name":"Utah district 2","state":"UT"},"id":"UT-02"},{"type":"Feature","geometry":{"type":"Polygon","coordinates":[[[-82.312,28.96],[-82.17,28.796],[-82.275,28.656],[-82.212,28.574],[-82.054,28.521],[-82.056,28.248],[-81.974,28.128],[-81.681,28.21],[-81.621,28.254],[-81.659,28.254],[-81.674,28.347],[-81.532,28.347],[-81.475,28.41],[-81.499,28.618],[-81.459,28.634],[-81.42,28.815],[-81.687,28.788],[-81.692,28.838],[-81.799,28.881],[-81.953,28.887],[-81.954,28.96],[-82.312,28.96]]]},"properties":{"id":"FL-11","name":"Florida district 11","state":"FL"},"id":"FL-11"},{"type":"Feature","geometry":{"type":"Polygon","coordinates":[[[-76.646,37.127],[-76.4,36.931],[-76.462,36.783],[-76.226,36.745],[-76.135,37.118],[-76.445,37.095],[-76.565,37.221],[-76.646,37.127]]]},"properties":{"id":"VA-03","name":"Virginia district 3","state":"VA"},"id":"VA-03"},{"type":"Feature","geometry":{"type":"Polygon","coordinates":[[[-83.675,36.601],[-81.923,36.616],[-79.715,36.542],[-79.594,37.042],[-79.459,37.017],[-79.491,37.061],[-79.443,37.056],[-79.33,37.238],[-79.408,37.278],[-79.318,37.375],[-79.399,37.459],[-79.295,37.499],[-79.445,37.618],[-79.44,37.564],[-79.583,37.452],[-79.677,37.484],[-79.814,37.404],[-79.775,37.377],[-79.844,37.318],[-79.843,37.23],[-79.963,37.137],[-80.005,37.158],[-79.956,37.21],[-79.998,37.252],[-80.094,37.283],[-80.192,37.234],[-80.259,37.309],[-79.969,37.544],[-80.033,37.66],[-80.145,37.596],[-80.221,37.628],[-80.329,37.564],[-80.3,37.508],[-80.473,37.424],[-80.511,37.482],[-80.77,37.372],[-80.859,37.429],[-80.849,37.347],[-80.899,37.316],[-81.225,37.235],[-81.365,37.338],[-81.561,37.207],[-81.678,37.202],[-81.757,37.276],[-81.854,37.288],[-81.933,37.369],[-81.936,37.438],[-81.992,37.461],[-81.926,37.514],[-81.968,37.538],[-82.349,37.268],[-82.721,37.121],[-82.722,37.045],[-82.867,36.978],[-82.879,36.89],[-83.073,36.854],[-83.135,36.743],[-83.675,36.601]]]},"properties":{"id":"VA-09","name":"Virginia district 9","state":"VA"},"id":"VA-09"},{"type":"Feature","geometry":{"type":"Polygon","coordinates":[[[-77.878,37.383],[-77.762,37.27],[-77.707,37.3],[-77.573,37.237],[-77.553,37.324],[-77.631,37.337],[-77.575,37.387],[-77.63,37.424],[-77.528,37.525],[-77.601,37.545],[-77.51,37.584],[-77.541,37.633],[-77.505,37.666],[-77.096,37.44],[-76.905,37.405],[-76.883,37.223],[-76.744,37.171],[-76.673,37.21],[-76.642,37.154],[-76.565,37.221],[-76.445,37.095],[-76.135,37.118],[-76.141,37.543],[-76.237,37.89],[-76.517,38.027],[-76.605,38.149],[-76.874,38.172],[-76.998,38.278],[-77.045,38.26],[-77.068,38.145],[-77.116,38.15],[-77.17,38.08],[-77.07,37.965],[-77.166,37.965],[-77.18,37.892],[-77.241,37.91],[-77.375,37.776],[-77.574,37.805],[-77.641,37.765],[-77.652,37.617],[-77.616,37.577],[-77.878,37.383]]]},"properties":{"id":"VA-01","name":"Virginia district 1","state":"VA"},"id":"VA-01"},{"type":"Feature","geometry":{"type":"Polygon","coordinates":[[[-77.239,38.667],[-77.227,38.605],[-77.043,38.719],[-77.033,38.855],[-77.15,38.966],[-77.21,38.931],[-77.222,38.82],[-77.136,38.784],[-77.239,38.667]]]},"properties":{"id":"VA-08","name":"Virginia district 8","state":"VA"},"id":"VA-08"},{"type":"Feature","geometry":{"type":"Polygon","coordinates":[[[-79.715,36.542],[-78.046,36.544],[-78.004,37.023],[-77.89,36.989],[-77.9,37.144],[-77.649,37.255],[-77.707,37.3],[-77.764,37.271],[-77.877,37.364],[-77.875,37.417],[-77.616,37.577],[-77.652,37.617],[-77.641,37.765],[-77.413,37.8],[-77.419,37.861],[-77.838,38.106],[-78.209,38.131],[-78.607,38.258],[-78.725,38.231],[-78.779,38.083],[-78.874,38.028],[-78.899,37.949],[-79.005,37.882],[-79.062,37.918],[-79.157,37.891],[-79.171,37.8],[-79.265,37.795],[-79.345,37.661],[-79.437,37.617],[-79.295,37.499],[-79.4,37.456],[-79.318,37.375],[-79.408,37.278],[-79.33,37.238],[-79.443,37.056],[-79.491,37.061],[-79.46,37.016],[-79.594,37.042],[-79.715,36.542]]]},"properties":{"id":"VA-05","name":"Virginia district 5","state":"VA"},"id":"VA-05"},{"type":"Feature","geometry":{"type":"Polygon","coordinates":[[[-80.296,37.692],[-80.146,37.596],[-80.021,37.647],[-79.969,37.544],[-80.259,37.309],[-80.192,37.234],[-80.094,37.283],[-79.998,37.252],[-79.956,37.21],[-80.005,37.158],[-79.954,37.14],[-79.843,37.23],[-79.844,37.318],[-79.775,37.377],[-79.814,37.404],[-79.677,37.484],[-79.583,37.452],[-79.44,37.564],[-79.445,37.618],[-79.345,37.661],[-79.265,37.795],[-79.171,37.8],[-79.157,37.891],[-79.062,37.918],[-79.005,37.882],[-78.899,37.949],[-78.874,38.028],[-78.779,38.083],[-78.745,38.214],[-78.552,38.336],[-78.443,38.528],[-78.326,38.631],[-78.319,38.738],[-78.2,38.777],[-77.828,39.132],[-78.347,39.466],[-78.339,39.349],[-78.439,39.198],[-78.404,39.167],[-78.602,38.965],[-78.786,38.887],[-78.869,38.763],[-79.0,38.846],[-79.283,38.418],[-79.477,38.457],[-79.537,38.551],[-79.649,38.592],[-79.726,38.364],[-79.81,38.307],[-79.789,38.269],[-79.92,38.183],[-79.999,37.995],[-80.162,37.875],[-80.296,37.692]]]},"properties":{"id":"VA-06","name":"Virginia district 6","state":"VA"},"id":"VA-06"},{"type":"Feature","geometry":{"type":"Polygon","coordinates":[[[-78.338,38.627],[-78.176,38.521],[-77.909,38.697],[-77.755,38.43],[-77.635,38.41],[-77.632,38.47],[-77.531,38.557],[-77.579,38.628],[-77.429,38.634],[-77.301,38.753],[-77.393,38.841],[-77.456,38.812],[-77.497,38.887],[-77.328,39.058],[-77.521,39.121],[-77.458,39.225],[-77.565,39.305],[-77.72,39.321],[-77.863,39.081],[-78.2,38.777],[-78.319,38.738],[-78.338,38.627]]]},"properties":{"id":"VA-10","name":"Virginia district 10","state":"VA"},"id":"VA-10"},{"type":"Feature","geometry":{"type":"Polygon","coordinates":[[[-77.107,36.564],[-75.797,36.551],[-75.928,36.938],[-75.89,37.055],[-75.644,37.342],[-75.461,37.771],[-75.303,37.838],[-75.166,38.028],[-75.624,37.994],[-75.648,37.947],[-75.801,37.912],[-76.052,37.954],[-76.236,37.887],[-76.137,37.375],[-76.134,37.041],[-76.179,36.851],[-76.226,36.84],[-76.22,36.753],[-76.462,36.783],[-76.4,36.931],[-76.625,37.089],[-76.642,37.154],[-76.699,37.058],[-77.002,36.921],[-76.97,36.886],[-77.016,36.862],[-76.952,36.804],[-77.102,36.699],[-77.046,36.618],[-77.1,36.602],[-77.038,36.572],[-77.107,36.564]]]},"properties":{"id":"VA-02","name":"Virginia district 2","state":"VA"},"id":"VA-02"},{"type":"Feature","geometry":{"type":"Polygon","coordinates":[[[-72.904,42.43],[-72.886,42.34],[-72.821,42.339],[-72.814,42.257],[-72.464,42.308],[-72.472,42.351],[-72.409,42.359],[-72.356,42.303],[-72.284,42.352],[-72.275,42.302],[-72.214,42.294],[-72.124,42.364],[-71.967,42.311],[-71.939,42.189],[-71.826,42.166],[-71.797,42.099],[-71.882,42.059],[-71.799,42.008],[-71.591,42.014],[-71.593,42.122],[-71.539,42.19],[-71.479,42.131],[-71.376,42.135],[-71.487,42.33],[-71.585,42.311],[-71.726,42.39],[-71.702,42.534],[-71.745,42.574],[-71.95,42.512],[-72.117,42.627],[-72.111,42.717],[-72.864,42.738],[-72.843,42.638],[-72.735,42.633],[-72.832,42.617],[-72.877,42.555],[-72.848,42.436],[-72.904,42.43]]]},"properties":{"id":"MA-02","name":"Massachusetts district 2","state":"MA"},"id":"MA-02"},{"type":"Feature","geometry":{"type":"Polygon","coordinates":[[[-71.175,42.35],[-71.107,42.35],[-71.16,42.267],[-71.035,42.136],[-71.019,42.187],[-71.093,42.214],[-71.05,42.354],[-71.088,42.356],[-70.975,42.343],[-70.987,42.393],[-71.128,42.418],[-71.156,42.396],[-71.102,42.367],[-71.175,42.35]]]},"properties":{"id":"MA-07","name":"Massachusetts district 7","state":"MA"},"id":"MA-07"},{"type":"Feature","geometry":{"type":"Polygon","coordinates":[[[-85.476,34.986],[-84.322,34.988],[-84.29,35.225],[-84.047,35.274],[-84.023,35.412],[-83.939,35.488],[-84.009,35.51],[-83.996,35.553],[-84.086,35.541],[-84.318,35.672],[-84.504,35.666],[-84.505,35.62],[-84.584,35.652],[-84.389,35.768],[-84.33,35.893],[-84.264,35.895],[-84.272,35.942],[-84.059,36.036],[-84.093,36.074],[-83.942,36.186],[-84.029,36.3],[-84.065,36.247],[-84.118,36.293],[-84.127,36.396],[-84.22,36.359],[-84.423,36.437],[-84.451,36.374],[-84.607,36.406],[-84.876,36.285],[-84.908,36.156],[-84.805,36.091],[-84.681,35.908],[-84.79,35.815],[-84.699,35.718],[-84.619,35.708],[-84.62,35.645],[-84.927,35.289],[-85.017,35.409],[-85.168,35.456],[-85.388,35.146],[-85.382,35.045],[-85.476,34.986]],[[-84.355,35.641],[-84.343,35.637],[-84.35,35.633],[-84.355,35.641]],[[-84.54,35.619],[-84.522,35.619],[-84.523,35.608],[-84.54,35.619]]]},"properties":{"id":"TN-03","name":"Tennessee district 3","state":"TN"},"id":"TN-03"},{"type":"Feature","geometry":{"type":"Polygon","coordinates":[[[-90.31,35.005],[-89.707,34.995],[-89.934,35.132],[-89.68,35.115],[-89.681,35.211],[-89.881,35.205],[-89.761,35.281],[-89.854,35.276],[-89.831,35.3],[-89.872,35.32],[-89.823,35.368],[-89.865,35.383],[-89.661,35.546],[-89.613,35.643],[-89.793,35.64],[-89.915,35.512],[-90.038,35.55],[-90.003,35.43],[-90.054,35.389],[-90.108,35.477],[-90.179,35.385],[-90.08,35.384],[-90.169,35.28],[-90.091,35.245],[-90.117,35.188],[-90.067,35.138],[-90.163,35.125],[-90.207,35.026],[-90.292,35.041],[-90.31,35.005]]]},"properties":{"id":"TN-09","name":"Tennessee district 9","state":"TN"},"id":"TN-09"},{"type":"Feature","geometry":{"type":"Polygon","coordinates":[[[-83.794,35.887],[-83.663,35.691],[-83.663,35.569],[-83.498,35.563],[-83.16,35.765],[-82.963,35.79],[-82.896,35.88],[-82.92,35.929],[-82.805,35.927],[-82.776,36.001],[-82.637,36.066],[-82.591,36.034],[-82.611,35.967],[-82.558,35.954],[-82.353,36.116],[-82.213,36.159],[-82.129,36.104],[-82.034,36.12],[-81.855,36.337],[-81.707,36.335],[-81.742,36.412],[-81.647,36.612],[-83.472,36.597],[-83.386,36.509],[-83.389,36.408],[-83.28,36.394],[-83.255,36.289],[-83.36,36.281],[-83.483,36.167],[-83.566,36.191],[-83.638,36.144],[-83.632,36.1],[-83.674,36.125],[-83.669,36.067],[-83.628,36.08],[-83.677,36.028],[-83.655,35.972],[-83.794,35.887]]]},"properties":{"id":"TN-01","name":"Tennessee district 1","state":"TN"},"id":"TN-01"},{"type":"Feature","geometry":{"type":"Polygon","coordinates":[[[-89.959,35.724],[-89.925,35.658],[-89.851,35.658],[-89.957,35.591],[-89.913,35.536],[-89.793,35.64],[-89.61,35.637],[-89.865,35.383],[-89.823,35.368],[-89.872,35.32],[-89.831,35.3],[-89.854,35.276],[-89.761,35.281],[-89.881,35.205],[-89.681,35.211],[-89.68,35.115],[-89.933,35.137],[-89.707,34.995],[-87.985,35.006],[-87.982,35.296],[-88.018,35.3],[-88.025,35.392],[-88.196,35.38],[-88.248,35.424],[-88.189,35.631],[-88.214,35.983],[-88.078,36.06],[-88.089,36.138],[-88.057,36.144],[-88.139,36.209],[-88.083,36.257],[-88.096,36.359],[-87.991,36.36],[-88.053,36.497],[-89.301,36.507],[-89.472,36.458],[-89.539,36.498],[-89.513,36.36],[-89.62,36.323],[-89.535,36.253],[-89.706,36.239],[-89.592,36.15],[-89.733,36.001],[-89.645,35.887],[-89.745,35.911],[-89.773,35.866],[-89.696,35.821],[-89.959,35.724]]]},"properties":{"id":"TN-08","name":"Tennessee district 8","state":"TN"},"id":"TN-08"},{"type":"Feature","geometry":{"type":"Polygon","coordinates":[[[-87.718,35.483],[-87.575,35.398],[-87.449,35.421],[-87.448,35.458],[-86.954,35.419],[-86.907,35.314],[-86.747,35.253],[-86.603,35.327],[-86.666,35.456],[-86.639,35.686],[-86.7,35.723],[-86.663,35.791],[-86.613,35.79],[-86.612,36.01],[-86.516,36.101],[-86.326,35.985],[-86.177,35.958],[-86.216,36.007],[-86.161,36.095],[-86.289,36.249],[-86.502,36.23],[-86.567,36.271],[-86.634,36.214],[-86.619,36.089],[-86.839,36.142],[-87.039,36.079],[-87.039,35.989],[-86.968,35.935],[-86.808,35.966],[-86.832,35.859],[-86.913,35.783],[-87.215,35.851],[-87.259,35.697],[-87.452,35.616],[-87.587,35.653],[-87.718,35.483]]]},"properties":{"id":"TN-05","name":"Tennessee district 5","state":"TN"},"id":"TN-05"},{"type":"Feature","geometry":{"type":"Polygon","coordinates":[[[-85.074,42.509],[-85.072,42.421],[-83.552,42.435],[-83.56,42.582],[-83.677,42.606],[-83.686,42.783],[-83.894,42.781],[-83.924,42.817],[-83.929,43.133],[-84.837,43.119],[-84.837,42.77],[-84.956,42.77],[-84.956,42.597],[-85.014,42.582],[-85.015,42.509],[-85.074,42.509]]]},"properties":{"id":"MI-07","name":"Michigan district 7","state":"MI"},"id":"MI-07"},{"type":"Feature","geometry":{"type":"Polygon","coordinates":[[[-83.575,29.527],[-83.533,29.408],[-83.357,29.292],[-83.188,28.987],[-82.762,28.992],[-82.478,29.053],[-82.311,28.96],[-82.124,28.96],[-82.185,29.121],[-82.079,29.135],[-82.054,29.194],[-82.152,29.246],[-82.11,29.435],[-82.056,29.442],[-82.05,30.362],[-82.193,30.379],[-82.215,30.569],[-83.309,30.634],[-83.171,30.385],[-83.283,30.253],[-83.293,30.129],[-83.368,30.129],[-83.371,29.888],[-83.319,29.823],[-83.363,29.669],[-83.575,29.527]]]},"properties":{"id":"FL-03","name":"Florida district 3","state":"FL"},"id":"FL-03"},{"type":"Feature","geometry":{"type":"Polygon","coordinates":[[[-81.674,28.347],[-81.659,28.254],[-81.524,28.201],[-81.529,28.034],[-81.387,28.003],[-81.302,27.862],[-81.208,27.821],[-81.142,27.643],[-80.873,27.642],[-80.873,28.37],[-80.979,28.453],[-81.23,28.451],[-81.248,28.51],[-81.303,28.521],[-81.397,28.51],[-81.405,28.434],[-81.532,28.347],[-81.674,28.347]]]},"properties":{"id":"FL-09","name":"Florida district 9","state":"FL"},"id":"FL-09"},{"type":"Feature","geometry":{"type":"Polygon","coordinates":[[[-87.635,30.866],[-87.394,30.646],[-87.45,30.514],[-87.367,30.437],[-87.505,30.324],[-87.45,30.311],[-87.518,30.284],[-87.518,30.126],[-86.688,30.245],[-86.18,30.172],[-86.18,30.375],[-86.088,30.53],[-86.167,30.731],[-86.12,30.787],[-86.133,30.993],[-87.599,30.997],[-87.635,30.866]]]},"properties":{"id":"FL-01","name":"Florida district 1","state":"FL"},"id":"FL-01"},{"type":"Feature","geometry":{"type":"Polygon","coordinates":[[[-81.095,28.549],[-81.061,28.452],[-80.979,28.453],[-80.863,28.347],[-80.873,27.642],[-80.778,27.643],[-80.777,27.559],[-80.264,27.557],[-80.544,28.271],[-80.471,28.472],[-80.663,28.791],[-80.968,28.79],[-80.964,28.613],[-81.068,28.613],[-81.095,28.549]]]},"properties":{"id":"FL-08","name":"Florida district 8","state":"FL"},"id":"FL-08"},{"type":"Feature","geometry":{"type":"Polygon","coordinates":[[[-82.935,27.595],[-82.851,27.391],[-82.252,27.386],[-82.254,27.209],[-82.056,27.208],[-82.055,27.927],[-82.354,27.949],[-82.385,27.78],[-82.515,27.65],[-82.735,27.611],[-82.748,27.649],[-82.924,27.648],[-82.935,27.595]]]},"properties":{"id":"FL-16","name":"Florida district 16","state":"FL"},"id":"FL-16"},{"type":"Feature","geometry":{"type":"Polygon","coordinates":[[[-81.692,30.147],[-81.688,30.026],[-81.605,29.963],[-81.583,29.845],[-81.206,29.838],[-81.331,30.299],[-81.317,30.396],[-81.607,30.364],[-81.684,30.283],[-81.649,30.228],[-81.692,30.147]]]},"properties":{"id":"FL-05","name":"Florida district 5","state":"FL"},"id":"FL-05"},{"type":"Feature","geometry":{"type":"Polygon","coordinates":[[[-83.188,28.987],[-83.082,28.946],[-82.946,28.964],[-82.924,28.767],[-82.839,28.575],[-82.897,28.357],[-83.0,28.285],[-83.019,28.171],[-82.405,28.186],[-82.225,28.334],[-82.056,28.259],[-82.054,28.521],[-82.212,28.574],[-82.274,28.655],[-82.17,28.796],[-82.316,28.974],[-82.478,29.053],[-82.762,28.992],[-83.188,28.987]]]},"properties":{"id":"FL-12","name":"Florida district 12","state":"FL"},"id":"FL-12"},{"type":"Feature","geometry":{"type":"Polygon","coordinates":[[[-80.293,25.925],[-80.249,25.815],[-80.083,25.729],[-80.063,25.977],[-80.279,25.994],[-80.293,25.925]]]},"properties":{"id":"FL-24","name":"Florida district 24","state":"FL"},"id":"FL-24"},{"type":"Feature","geometry":{"type":"Polygon","coordinates":[[[-82.185,29.09],[-82.124,28.96],[-81.954,28.96],[-81.953,28.887],[-81.839,28.895],[-81.692,28.838],[-81.687,28.788],[-81.593,28.786],[-81.42,28.815],[-81.314,28.984],[-81.258,28.956],[-81.232,29.018],[-81.084,29.012],[-81.088,29.106],[-80.979,29.155],[-80.998,29.206],[-80.946,29.227],[-81.206,29.838],[-81.812,29.836],[-82.056,29.718],[-82.056,29.442],[-82.11,29.435],[-82.152,29.242],[-82.054,29.194],[-82.079,29.135],[-82.185,29.09]]]},"properties":{"id":"FL-06","name":"Florida district 6","state":"FL"},"id":"FL-06"},{"type":"Feature","geometry":{"type":"Polygon","coordinates":[[[-82.851,27.391],[-82.462,26.787],[-81.931,26.77],[-81.882,26.657],[-81.84,26.689],[-81.681,26.616],[-81.635,26.542],[-81.564,26.542],[-81.563,27.034],[-82.058,27.032],[-82.056,27.208],[-82.254,27.209],[-82.252,27.386],[-82.851,27.391]]]},"properties":{"id":"FL-17","name":"Florida district 17","state":"FL"},"id":"FL-17"},{"type":"Feature","geometry":{"type":"Polygon","coordinates":[[[-82.058,27.126],[-82.058,27.032],[-81.563,27.034],[-81.564,26.513],[-81.435,26.486],[-81.434,26.418],[-81.272,26.423],[-81.268,26.253],[-80.88,26.259],[-80.886,26.959],[-80.677,27.122],[-80.68,27.559],[-80.777,27.559],[-80.778,27.643],[-81.142,27.643],[-81.208,27.821],[-81.302,27.862],[-81.387,28.003],[-81.529,28.034],[-81.524,28.201],[-81.565,28.241],[-81.974,28.128],[-81.957,27.982],[-82.055,27.927],[-82.058,27.126]]]},"properties":{"id":"FL-18","name":"Florida district 18","state":"FL"},"id":"FL-18"},{"type":"Feature","geometry":{"type":"Polygon","coordinates":[[[-80.45,26.142],[-80.439,25.957],[-80.063,25.977],[-80.049,26.093],[-80.234,26.106],[-80.298,26.16],[-80.346,26.102],[-80.45,26.142]]]},"properties":{"id":"FL-25","name":"Florida district 25","state":"FL"},"id":"FL-25"},{"type":"Feature","geometry":{"type":"Polygon","coordinates":[[[-82.549,28.131],[-82.542,28.061],[-82.352,28.013],[-82.32,27.938],[-82.03,27.924],[-81.957,27.982],[-81.975,28.165],[-82.163,28.328],[-82.274,28.325],[-82.297,28.256],[-82.404,28.186],[-82.544,28.189],[-82.549,28.131]]]},"properties":{"id":"FL-15","name":"Florida district 15","state":"FL"},"id":"FL-15"},{"type":"Feature","geometry":{"type":"MultiPolygon","coordinates":[[[[-82.325,24.59],[-82.215,24.584],[-82.179,24.5],[-82.067,24.524],[-81.921,24.396],[-81.801,24.427],[-81.792,24.496],[-81.697,24.432],[-81.54,24.486],[-81.515,24.565],[-81.048,24.64],[-80.453,24.964],[-80.101,25.459],[-80.112,25.54],[-80.359,25.556],[-80.369,25.797],[-80.649,25.761],[-80.827,25.762],[-80.873,25.805],[-81.848,25.801],[-81.762,25.697],[-81.576,25.686],[-81.425,25.552],[-81.325,25.391],[-81.342,25.225],[-81.295,25.098],[-81.17,24.962],[-81.488,24.966],[-81.894,24.764],[-82.201,24.738],[-82.325,24.59]]],[[[-83.109,24.629],[-83.083,24.537],[-83.0,24.477],[-83.0,24.584],[-82.657,24.584],[-82.64,24.655],[-82.71,24.773],[-82.869,24.798],[-83.041,24.741],[-83.109,24.629]]]]},"properties":{"id":"FL-28","name":"Florida district 28","state":"FL"},"id":"FL-28"},{"type":"Feature","geometry":{"type":"Polygon","coordinates":[[[-86.181,30.37],[-86.18,30.172],[-85.931,30.067],[-85.59,29.838],[-85.545,29.653],[-85.468,29.549],[-85.366,29.506],[-85.26,29.525],[-85.051,29.436],[-84.707,29.554],[-84.42,29.747],[-84.259,29.768],[-84.161,29.921],[-84.065,29.94],[-83.785,29.794],[-83.71,29.649],[-83.575,29.527],[-83.363,29.669],[-83.319,29.823],[-83.371,29.888],[-83.368,30.129],[-83.293,30.129],[-83.283,30.253],[-83.171,30.385],[-83.244,30.473],[-83.276,30.629],[-84.865,30.712],[-85.002,31.001],[-85.244,31.001],[-86.133,30.993],[-86.12,30.787],[-86.167,30.731],[-86.088,30.53],[-86.181,30.37]]]},"properties":{"id":"FL-02","name":"Florida district 2","state":"FL"},"id":"FL-02"},{"type":"Feature","geometry":{"type":"Polygon","coordinates":[[[-81.509,28.519],[-81.474,28.416],[-81.405,28.434],[-81.39,28.515],[-81.248,28.51],[-81.23,28.451],[-81.061,28.452],[-81.095,28.549],[-81.068,28.613],[-81.458,28.64],[-81.498,28.626],[-81.509,28.519]]]},"properties":{"id":"FL-10","name":"Florida district 10","state":"FL"},"id":"FL-10"},{"type":"Feature","geometry":{"type":"Polygon","coordinates":[[[-81.46,28.643],[-80.964,28.613],[-80.968,28.79],[-80.663,28.791],[-80.946,29.227],[-80.998,29.206],[-80.979,29.155],[-81.088,29.106],[-81.084,29.012],[-81.179,29.03],[-81.258,28.956],[-81.332,28.975],[-81.46,28.643]]]},"properties":{"id":"FL-07","name":"Florida district 7","state":"FL"},"id":"FL-07"},{"type":"Feature","geometry":{"type":"Polygon","coordinates":[[[-80.364,26.685],[-80.233,26.541],[-80.237,26.384],[-80.007,26.426],[-79.975,26.773],[-80.05,26.769],[-80.07,26.676],[-80.364,26.685]]]},"properties":{"id":"FL-22","name":"Florida district 22","state":"FL"},"id":"FL-22"},{"type":"Feature","geometry":{"type":"Polygon","coordinates":[[[-82.462,26.787],[-82.304,26.375],[-82.145,26.281],[-82.005,26.284],[-81.963,26.05],[-81.848,25.801],[-81.625,25.802],[-81.746,26.105],[-81.746,26.317],[-81.658,26.318],[-81.66,26.421],[-81.562,26.423],[-81.564,26.542],[-81.635,26.542],[-81.681,26.616],[-81.84,26.689],[-81.882,26.657],[-81.931,26.77],[-82.462,26.787]]]},"properties":{"id":"FL-19","name":"Florida district 19","state":"FL"},"id":"FL-19"},{"type":"Feature","geometry":{"type":"Polygon","coordinates":[[[-83.566,42.691],[-83.555,42.493],[-83.438,42.527],[-83.434,42.439],[-83.317,42.442],[-83.321,42.529],[-83.204,42.532],[-83.201,42.445],[-83.083,42.447],[-83.091,42.624],[-83.209,42.621],[-83.214,42.71],[-83.566,42.691]]]},"properties":{"id":"MI-11","name":"Michigan district 11","state":"MI"},"id":"MI-11"},{"type":"Feature","geometry":{"type":"Polygon","coordinates":[[[-97.929,30.186],[-97.814,30.099],[-97.621,30.419],[-97.757,30.502],[-97.906,30.421],[-97.914,30.381],[-97.83,30.392],[-97.776,30.314],[-97.9,30.34],[-97.901,30.289],[-97.854,30.305],[-97.811,30.243],[-97.894,30.25],[-97.929,30.186]]]},"properties":{"id":"TX-37","name":"Texas district 37","state":"TX"},"id":"TX-37"},{"type":"Feature","geometry":{"type":"Polygon","coordinates":[[[-97.497,32.134],[-97.486,32.018],[-97.426,32.029],[-97.377,31.98],[-97.439,31.93],[-97.28,31.841],[-97.327,31.788],[-97.277,31.745],[-97.037,31.863],[-96.932,31.709],[-96.719,31.815],[-96.374,31.766],[-96.281,31.641],[-96.014,31.619],[-95.955,31.671],[-95.79,31.649],[-95.768,31.597],[-95.736,31.654],[-95.739,31.504],[-95.172,31.585],[-95.101,31.468],[-95.003,31.426],[-94.866,31.527],[-94.965,31.694],[-94.967,31.754],[-94.926,31.76],[-94.978,31.793],[-94.935,31.835],[-94.985,31.846],[-94.985,32.138],[-95.46,32.136],[-95.429,32.084],[-96.053,32.006],[-96.066,32.086],[-96.118,32.095],[-96.104,32.152],[-96.176,32.168],[-96.147,32.212],[-96.452,32.345],[-96.434,32.411],[-96.498,32.453],[-96.512,32.536],[-97.055,32.551],[-97.08,32.716],[-96.919,32.786],[-96.963,32.815],[-96.904,32.805],[-96.898,32.908],[-97.123,32.721],[-97.075,32.641],[-97.233,32.551],[-97.24,32.473],[-97.3,32.453],[-97.27,32.227],[-97.476,32.182],[-97.497,32.134]]]},"properties":{"id":"TX-06","name":"Texas district 6","state":"TX"},"id":"TX-06"},{"type":"Feature","geometry":{"type":"Polygon","coordinates":[[[-102.799,32.086],[-102.799,31.652],[-101.267,31.651],[-101.275,31.079],[-100.115,31.088],[-100.116,30.29],[-99.302,30.287],[-99.304,30.5],[-98.351,30.486],[-98.352,30.558],[-98.405,30.566],[-98.442,30.666],[-98.371,30.742],[-98.43,30.757],[-98.377,30.834],[-98.457,30.879],[-98.415,30.94],[-98.453,30.964],[-98.44,31.03],[-97.912,31.035],[-97.828,30.904],[-97.73,30.888],[-97.631,31.042],[-97.698,31.141],[-97.907,31.069],[-98.18,31.464],[-98.271,31.416],[-98.493,31.724],[-98.668,31.701],[-98.924,32.078],[-102.799,32.086]]]},"properties":{"id":"TX-11","name":"Texas district 11","state":"TX"},"id":"TX-11"},{"type":"Feature","geometry":{"type":"Polygon","coordinates":[[[-96.675,32.8],[-96.559,32.735],[-96.622,32.618],[-96.503,32.527],[-96.498,32.453],[-96.434,32.411],[-96.452,32.345],[-96.147,32.212],[-96.176,32.168],[-96.104,32.152],[-96.118,32.095],[-96.066,32.086],[-96.053,32.006],[-95.429,32.084],[-95.489,32.232],[-95.449,32.359],[-95.594,32.48],[-95.595,32.687],[-95.475,32.606],[-95.346,32.609],[-95.183,32.541],[-95.153,32.661],[-95.026,32.739],[-95.035,32.862],[-94.906,32.863],[-94.908,32.774],[-94.766,32.651],[-94.702,32.652],[-94.672,32.835],[-94.72,32.905],[-95.152,32.903],[-95.152,33.013],[-95.173,32.962],[-95.665,32.96],[-95.659,32.711],[-95.934,32.837],[-96.519,32.814],[-96.517,32.983],[-96.641,32.985],[-96.668,32.868],[-96.635,32.844],[-96.675,32.8]]]},"properties":{"id":"TX-05","name":"Texas district 5","state":"TX"},"id":"TX-05"},{"type":"Feature","geometry":{"type":"Polygon","coordinates":[[[-100.212,28.197],[-100.084,28.145],[-99.991,27.995],[-99.932,27.981],[-99.877,27.798],[-99.512,27.568],[-99.528,27.499],[-99.479,27.479],[-99.538,27.317],[-99.442,27.25],[-99.446,27.023],[-99.269,26.843],[-99.171,26.542],[-99.092,26.477],[-99.111,26.426],[-98.897,26.353],[-98.807,26.369],[-98.668,26.236],[-98.586,26.258],[-98.321,26.783],[-98.423,26.784],[-98.418,27.055],[-98.467,27.055],[-98.493,27.235],[-98.537,27.265],[-98.232,27.262],[-98.235,28.058],[-98.334,28.058],[-98.335,28.613],[-98.098,28.787],[-98.407,29.114],[-98.137,29.44],[-98.045,29.483],[-98.072,29.541],[-98.027,29.621],[-98.064,29.676],[-98.348,29.555],[-98.346,29.517],[-98.224,29.488],[-98.487,29.429],[-98.484,29.141],[-98.805,29.251],[-98.803,28.057],[-99.389,28.03],[-99.394,28.205],[-100.212,28.197]]]},"properties":{"id":"TX-28","name":"Texas district 28","state":"TX"},"id":"TX-28"},{"type":"Feature","geometry":{"type":"Polygon","coordinates":[[[-92.808,44.752],[-92.549,44.568],[-92.336,44.554],[-92.231,44.444],[-91.967,44.364],[-91.875,44.201],[-91.367,43.937],[-91.244,43.775],[-91.273,43.667],[-91.215,43.366],[-91.058,43.255],[-91.178,43.129],[-91.145,42.906],[-91.054,42.738],[-90.709,42.636],[-90.643,42.508],[-90.426,42.507],[-90.43,43.201],[-90.194,43.164],[-90.192,43.467],[-90.073,43.482],[-90.072,43.642],[-89.6,43.643],[-89.598,44.246],[-89.225,44.243],[-89.224,44.681],[-89.964,44.685],[-89.964,44.424],[-90.08,44.424],[-90.081,44.249],[-89.903,44.249],[-89.903,44.179],[-90.026,44.092],[-89.952,43.924],[-90.152,43.886],[-90.192,43.9],[-90.192,43.981],[-90.44,43.987],[-90.505,44.026],[-90.553,43.986],[-90.559,44.422],[-90.822,44.406],[-90.843,44.473],[-90.842,44.433],[-91.044,44.423],[-91.044,44.597],[-90.922,44.596],[-90.923,44.944],[-91.106,44.944],[-91.105,44.857],[-91.141,44.857],[-91.227,44.857],[-91.228,44.949],[-91.304,44.967],[-91.529,44.944],[-91.529,45.031],[-91.651,45.03],[-91.666,45.208],[-92.156,45.21],[-92.136,44.858],[-92.77,44.862],[-92.808,44.752]]]},"properties":{"id":"WI-03","name":"Wisconsin district 3","state":"WI"},"id":"WI-03"},{"type":"Feature","geometry":{"type":"Polygon","coordinates":[[[-89.131,42.752],[-89.062,42.719],[-89.08,42.628],[-88.995,42.634],[-88.948,42.538],[-89.071,42.555],[-89.067,42.496],[-87.02,42.494],[-87.098,43.042],[-87.878,43.042],[-87.889,42.923],[-88.069,42.952],[-88.07,42.843],[-88.306,42.842],[-88.31,42.756],[-88.426,42.756],[-88.424,42.843],[-89.014,42.848],[-89.014,42.76],[-89.131,42.752]]]},"properties":{"id":"WI-01","name":"Wisconsin district 1","state":"WI"},"id":"WI-01"},{"type":"Feature","geometry":{"type":"Polygon","coordinates":[[[-89.225,44.244],[-88.766,44.243],[-88.765,44.169],[-88.665,44.155],[-88.565,44.2],[-88.565,44.244],[-88.404,44.244],[-88.404,44.001],[-88.042,43.979],[-88.043,44.241],[-87.888,44.24],[-87.888,44.328],[-86.923,44.329],[-86.686,44.881],[-86.5,45.081],[-86.25,45.236],[-86.754,45.444],[-87.101,45.444],[-87.406,45.202],[-87.443,45.076],[-87.66,45.108],[-87.742,45.197],[-87.657,45.369],[-87.888,45.355],[-87.793,45.5],[-87.834,45.562],[-87.775,45.602],[-87.824,45.648],[-87.781,45.674],[-87.807,45.708],[-87.993,45.796],[-88.058,45.781],[-88.059,45.713],[-88.425,45.722],[-88.428,45.377],[-88.678,45.379],[-88.641,45.117],[-88.982,45.118],[-88.982,45.029],[-89.224,45.029],[-89.225,44.244]]]},"properties":{"id":"WI-08","name":"Wisconsin district 8","state":"WI"},"id":"WI-08"},{"type":"Feature","geometry":{"type":"Polygon","coordinates":[[[-89.014,42.849],[-88.424,42.843],[-88.426,42.756],[-88.31,42.756],[-88.306,42.842],[-88.07,42.843],[-88.069,42.952],[-87.949,42.93],[-87.953,42.981],[-88.038,42.974],[-88.017,43.011],[-88.067,43.031],[-88.041,43.542],[-88.521,43.544],[-88.49,43.5],[-88.445,43.526],[-88.45,43.457],[-88.765,43.459],[-88.805,43.503],[-88.856,43.429],[-88.868,43.492],[-89.006,43.459],[-89.014,42.849]]]},"properties":{"id":"WI-05","name":"Wisconsin district 5","state":"WI"},"id":"WI-05"},{"type":"Feature","geometry":{"type":"Polygon","coordinates":[[[-89.786,43.641],[-89.731,43.57],[-89.599,43.558],[-89.601,43.381],[-89.72,43.293],[-89.009,43.285],[-89.006,43.459],[-88.868,43.492],[-88.856,43.429],[-88.805,43.503],[-88.765,43.459],[-88.45,43.457],[-88.445,43.526],[-88.49,43.5],[-88.521,43.544],[-88.041,43.542],[-88.063,43.192],[-87.119,43.191],[-87.125,43.67],[-86.923,44.329],[-87.888,44.328],[-87.888,44.24],[-88.043,44.241],[-88.042,43.979],[-88.404,44.001],[-88.404,44.244],[-88.565,44.244],[-88.565,44.2],[-88.665,44.155],[-88.765,44.169],[-88.766,44.243],[-89.598,44.246],[-89.6,43.643],[-89.786,43.641]]]},"properties":{"id":"WI-06","name":"Wisconsin district 6","state":"WI"},"id":"WI-06"},{"type":"Feature","geometry":{"type":"Polygon","coordinates":[[[-88.067,43.031],[-88.017,43.011],[-88.038,42.974],[-87.953,42.981],[-87.931,42.921],[-87.853,42.986],[-87.878,43.042],[-87.098,43.042],[-87.119,43.191],[-88.063,43.192],[-88.067,43.031]]]},"properties":{"id":"WI-04","name":"Wisconsin district 4","state":"WI"},"id":"WI-04"},{"type":"Feature","geometry":{"type":"Polygon","coordinates":[[[-90.43,43.13],[-90.426,42.507],[-89.067,42.496],[-89.071,42.555],[-88.948,42.538],[-88.995,42.634],[-89.08,42.628],[-89.062,42.719],[-89.131,42.725],[-89.131,42.76],[-89.014,42.76],[-89.009,43.285],[-89.72,43.293],[-89.601,43.381],[-89.599,43.558],[-89.731,43.57],[-89.786,43.641],[-90.072,43.642],[-90.073,43.482],[-90.192,43.467],[-90.194,43.164],[-90.43,43.201],[-90.43,43.13]]]},"properties":{"id":"WI-02","name":"Wisconsin district 2","state":"WI"},"id":"WI-02"},{"type":"Feature","geometry":{"type":"Polygon","coordinates":[[[-92.889,45.641],[-92.884,45.575],[-92.77,45.567],[-92.647,45.442],[-92.762,45.288],[-92.74,45.116],[-92.803,45.063],[-92.762,45.024],[-92.77,44.862],[-92.136,44.858],[-92.156,45.21],[-91.666,45.208],[-91.651,45.03],[-91.529,45.031],[-91.529,44.944],[-91.228,44.949],[-91.227,44.857],[-91.105,44.857],[-91.106,44.944],[-90.923,44.944],[-90.922,44.596],[-91.044,44.597],[-91.044,44.423],[-90.842,44.433],[-90.843,44.473],[-90.822,44.406],[-90.559,44.422],[-90.553,43.986],[-90.505,44.026],[-90.44,43.987],[-90.192,43.981],[-90.192,43.9],[-90.152,43.886],[-89.951,43.927],[-90.026,44.092],[-89.903,44.179],[-89.903,44.249],[-90.081,44.249],[-90.08,44.424],[-89.964,44.424],[-89.964,44.685],[-89.224,44.681],[-89.224,45.029],[-88.982,45.029],[-88.982,45.118],[-88.641,45.117],[-88.678,45.379],[-88.428,45.377],[-88.425,45.722],[-88.059,45.713],[-88.058,45.781],[-88.136,45.819],[-88.07,45.873],[-88.095,45.916],[-88.19,45.952],[-88.515,46.02],[-88.671,45.989],[-89.092,46.138],[-90.121,46.337],[-90.217,46.502],[-90.418,46.566],[-89.957,47.291],[-90.655,47.31],[-92.02,46.704],[-92.117,46.749],[-92.205,46.704],[-92.207,46.652],[-92.291,46.668],[-92.294,46.074],[-92.352,46.016],[-92.429,46.024],[-92.713,45.892],[-92.889,45.641]]]},"properties":{"id":"WI-07","name":"Wisconsin district 7","state":"WI"},"id":"WI-07"},{"type":"Feature","geometry":{"type":"Polygon","coordinates":[[[-107.443,40.335],[-107.439,40.223],[-107.038,40.225],[-107.034,39.919],[-107.114,39.919],[-107.114,39.625],[-106.972,39.655],[-106.973,39.586],[-106.92,39.581],[-106.94,39.635],[-106.844,39.655],[-106.804,39.61],[-106.784,39.639],[-106.823,39.652],[-106.75,39.655],[-106.695,39.619],[-106.743,39.601],[-106.668,39.595],[-106.761,39.596],[-106.747,39.49],[-106.561,39.43],[-106.509,39.362],[-106.032,39.359],[-105.83,39.565],[-105.399,39.566],[-105.398,39.841],[-105.276,39.843],[-105.304,39.884],[-105.24,39.866],[-105.239,39.914],[-105.109,39.926],[-104.99,40.008],[-104.981,40.08],[-105.042,40.09],[-104.989,40.117],[-105.037,40.16],[-104.998,40.197],[-105.102,40.261],[-105.136,40.349],[-105.097,40.378],[-105.16,40.397],[-105.133,40.451],[-104.949,40.492],[-104.936,40.588],[-104.996,40.581],[-105.001,40.654],[-105.07,40.662],[-105.076,40.798],[-104.989,40.776],[-104.943,40.998],[-107.318,41.003],[-107.314,40.6],[-107.429,40.542],[-107.443,40.335]]]},"properties":{"id":"CO-02","name":"Colorado district 2","state":"CO"},"id":"CO-02"},{"type":"Feature","geometry":{"type":"Polygon","coordinates":[[[-106.599,39.036],[-106.596,38.991],[-106.465,38.91],[-106.326,38.911],[-106.416,38.824],[-106.452,38.699],[-106.247,38.423],[-106.019,38.454],[-105.673,38.159],[-105.584,37.968],[-105.473,37.896],[-105.317,37.939],[-105.283,37.9],[-105.169,38.019],[-105.05,37.915],[-105.049,38.258],[-104.94,38.258],[-104.94,38.797],[-105.072,38.799],[-105.009,38.929],[-105.033,39.13],[-105.329,39.129],[-105.078,39.512],[-105.157,39.598],[-105.054,39.61],[-105.11,39.627],[-105.054,39.651],[-105.053,39.914],[-104.961,40.044],[-105.109,39.926],[-105.128,39.954],[-105.147,39.914],[-105.239,39.914],[-105.24,39.866],[-105.304,39.884],[-105.276,39.843],[-105.398,39.841],[-105.399,39.566],[-105.83,39.565],[-106.035,39.358],[-106.404,39.38],[-106.432,39.316],[-106.503,39.298],[-106.494,39.198],[-106.561,39.156],[-106.599,39.036]]]},"properties":{"id":"CO-07","name":"Colorado district 7","state":"CO"},"id":"CO-07"},{"type":"Feature","geometry":{"type":"Polygon","coordinates":[[[-121.863,38.068],[-121.777,38.019],[-121.673,38.094],[-121.567,38.097],[-121.472,38.26],[-121.345,38.228],[-121.029,38.299],[-121.041,38.541],[-121.174,38.493],[-121.583,38.602],[-121.583,38.447],[-121.533,38.43],[-121.523,38.362],[-121.631,38.292],[-121.711,38.086],[-121.863,38.068]]]},"properties":{"id":"CA-07","name":"California district 7","state":"CA"},"id":"CA-07"},{"type":"Feature","geometry":{"type":"Polygon","coordinates":[[[-75.568,40.399],[-75.475,40.315],[-74.965,40.119],[-74.974,40.049],[-74.722,40.15],[-74.967,40.398],[-75.059,40.418],[-75.069,40.542],[-75.185,40.568],[-75.197,40.609],[-75.568,40.399]]]},"properties":{"id":"PA-01","name":"Pennsylvania district 1","state":"PA"},"id":"PA-01"},{"type":"Feature","geometry":{"type":"Polygon","coordinates":[[[-115.846,35.986],[-114.633,35.002],[-114.603,35.069],[-114.647,35.102],[-114.569,35.172],[-114.679,35.498],[-114.659,35.588],[-115.207,35.59],[-115.216,35.897],[-115.078,36.086],[-115.181,36.077],[-115.177,36.137],[-115.243,36.144],[-115.247,36.226],[-115.331,36.263],[-115.333,36.321],[-115.424,36.293],[-115.388,36.145],[-115.508,36.163],[-115.574,36.109],[-115.579,36.167],[-115.656,36.165],[-115.846,36.122],[-115.846,35.986]]]},"properties":{"id":"NV-03","name":"Nevada district 3","state":"NV"},"id":"NV-03"},{"type":"Feature","geometry":{"type":"Polygon","coordinates":[[[-115.216,35.897],[-115.207,35.59],[-114.659,35.588],[-114.712,35.806],[-114.662,35.871],[-114.771,36.082],[-114.875,36.132],[-114.975,36.09],[-115.025,36.218],[-115.134,36.188],[-115.181,36.077],[-115.078,36.084],[-115.216,35.897]]]},"properties":{"id":"NV-01","name":"Nevada district 1","state":"NV"},"id":"NV-01"},{"type":"Feature","geometry":{"type":"Polygon","coordinates":[[[-119.348,38.801],[-119.264,38.634],[-119.33,38.535],[-115.846,35.964],[-115.846,36.122],[-115.604,36.168],[-115.574,36.109],[-115.508,36.163],[-115.413,36.134],[-115.424,36.293],[-115.347,36.324],[-115.331,36.263],[-115.247,36.226],[-115.243,36.144],[-115.025,36.218],[-114.939,36.078],[-114.879,36.133],[-114.741,36.065],[-114.63,36.142],[-114.406,36.147],[-114.214,36.015],[-114.147,36.026],[-114.044,36.193],[-114.05,38.677],[-114.63,38.677],[-114.648,38.586],[-114.759,38.588],[-114.836,38.677],[-115.001,38.677],[-115.907,39.162],[-117.332,39.163],[-117.865,39.074],[-118.478,39.074],[-118.478,39.113],[-118.57,39.142],[-118.793,39.142],[-118.891,39.227],[-119.04,39.268],[-119.05,39.165],[-119.117,39.128],[-118.923,39.069],[-119.015,38.944],[-119.0,38.852],[-119.348,38.801]]]},"properties":{"id":"NV-04","name":"Nevada district 4","state":"NV"},"id":"NV-04"},{"type":"Feature","geometry":{"type":"Polygon","coordinates":[[[-120.006,39.278],[-120.001,39.0],[-119.33,38.536],[-119.264,38.634],[-119.348,38.802],[-119.0,38.852],[-119.015,38.944],[-118.923,39.069],[-119.117,39.128],[-119.05,39.165],[-119.04,39.268],[-118.891,39.227],[-118.793,39.142],[-118.57,39.142],[-118.478,39.113],[-118.478,39.074],[-117.865,39.074],[-117.332,39.163],[-115.907,39.162],[-115.001,38.677],[-114.836,38.677],[-114.759,38.588],[-114.648,38.586],[-114.63,38.677],[-114.05,38.677],[-114.041,41.994],[-119.999,41.995],[-120.006,39.278]]]},"properties":{"id":"NV-02","name":"Nevada district 2","state":"NV"},"id":"NV-02"},{"type":"Feature","geometry":{"type":"Polygon","coordinates":[[[-96.945,33.853],[-96.944,33.416],[-96.834,33.405],[-96.839,33.219],[-96.904,33.203],[-96.882,33.163],[-96.923,33.133],[-96.84,33.153],[-96.844,32.987],[-96.654,33.051],[-96.709,33.089],[-96.734,33.027],[-96.829,33.028],[-96.734,33.101],[-96.805,33.097],[-96.803,33.153],[-96.733,33.152],[-96.733,33.219],[-96.812,33.219],[-96.792,33.294],[-96.67,33.294],[-96.727,33.403],[-96.385,33.398],[-96.384,33.341],[-95.859,33.41],[-95.863,32.98],[-95.945,32.98],[-95.968,32.914],[-96.115,32.937],[-96.296,32.898],[-96.297,32.982],[-96.517,32.983],[-96.519,32.814],[-95.934,32.837],[-95.851,32.771],[-95.635,32.72],[-95.665,32.96],[-95.309,32.963],[-95.311,33.663],[-94.382,33.479],[-94.416,33.404],[-94.297,33.378],[-94.171,33.459],[-94.24,33.589],[-94.387,33.545],[-94.383,33.583],[-94.471,33.602],[-94.449,33.643],[-94.528,33.616],[-94.588,33.686],[-94.736,33.692],[-94.789,33.736],[-94.763,33.76],[-94.861,33.742],[-94.97,33.862],[-95.217,33.963],[-95.289,33.873],[-95.544,33.881],[-95.594,33.943],[-95.83,33.835],[-96.003,33.874],[-96.149,33.837],[-96.187,33.755],[-96.294,33.769],[-96.347,33.686],[-96.424,33.776],[-96.628,33.845],[-96.585,33.891],[-96.66,33.917],[-96.701,33.838],[-96.762,33.824],[-96.794,33.869],[-96.871,33.857],[-96.924,33.959],[-96.945,33.853]]]},"properties":{"id":"TX-04","name":"Texas district 4","state":"TX"},"id":"TX-04"},{"type":"Feature","geometry":{"type":"Polygon","coordinates":[[[-96.939,32.989],[-96.808,32.954],[-96.856,32.924],[-96.734,32.976],[-96.788,32.9],[-96.736,32.912],[-96.701,32.864],[-96.759,32.883],[-96.793,32.803],[-96.7,32.778],[-96.633,32.691],[-96.575,32.703],[-96.559,32.735],[-96.675,32.8],[-96.635,32.844],[-96.665,32.952],[-96.613,33.01],[-96.683,33.044],[-96.756,32.986],[-96.939,32.989]]]},"properties":{"id":"TX-32","name":"Texas district 32","state":"TX"},"id":"TX-32"},{"type":"Feature","geometry":{"type":"Polygon","coordinates":[[[-119.455,34.422],[-119.377,34.392],[-119.228,34.464],[-119.294,34.316],[-119.18,34.369],[-119.146,34.276],[-119.336,34.238],[-119.159,34.04],[-118.952,33.993],[-118.941,34.075],[-118.856,34.127],[-118.606,34.129],[-118.694,34.151],[-118.668,34.199],[-118.715,34.216],[-118.632,34.24],[-118.637,34.292],[-118.88,34.789],[-119.243,34.814],[-119.276,34.872],[-119.444,34.901],[-119.455,34.422]]]},"properties":{"id":"CA-26","name":"California district 26","state":"CA"},"id":"CA-26"},{"type":"Feature","geometry":{"type":"Polygon","coordinates":[[[-85.605,34.985],[-85.387,33.902],[-85.037,33.904],[-85.038,33.812],[-84.724,33.789],[-84.724,33.904],[-84.588,33.916],[-84.649,33.953],[-84.618,34.065],[-85.047,34.083],[-85.006,34.392],[-85.104,34.404],[-85.112,34.462],[-85.06,34.622],[-84.716,34.623],[-84.655,34.583],[-84.657,34.729],[-84.582,34.825],[-84.623,34.857],[-84.621,34.988],[-85.605,34.985]]]},"properties":{"id":"GA-14","name":"Georgia district 14","state":"GA"},"id":"GA-14"},{"type":"Feature","geometry":{"type":"Polygon","coordinates":[[[-84.348,33.886],[-84.247,33.846],[-84.306,33.662],[-84.244,33.68],[-84.116,33.615],[-84.024,33.753],[-84.208,33.878],[-84.061,33.96],[-84.089,34.033],[-84.347,33.968],[-84.348,33.886]]]},"properties":{"id":"GA-04","name":"Georgia district 4","state":"GA"},"id":"GA-04"},{"type":"Feature","geometry":{"type":"Polygon","coordinates":[[[-84.523,33.664],[-84.458,33.629],[-84.459,33.551],[-84.395,33.487],[-84.386,33.558],[-84.294,33.592],[-84.322,33.689],[-84.252,33.738],[-84.247,33.846],[-84.348,33.882],[-84.348,33.825],[-84.502,33.749],[-84.523,33.664]]]},"properties":{"id":"GA-05","name":"Georgia district 5","state":"GA"},"id":"GA-05"},{"type":"Feature","geometry":{"type":"Polygon","coordinates":[[[-84.448,33.909],[-84.117,34.036],[-84.062,34.169],[-83.878,34.123],[-83.854,34.187],[-83.919,34.2],[-83.86,34.274],[-83.906,34.335],[-83.871,34.372],[-83.935,34.449],[-83.833,34.524],[-83.877,34.629],[-83.857,34.723],[-83.964,34.727],[-84.037,34.642],[-84.128,34.664],[-84.255,34.568],[-84.346,34.567],[-84.32,34.468],[-84.257,34.467],[-84.258,34.381],[-84.414,34.378],[-84.397,34.212],[-84.446,34.195],[-84.388,34.118],[-84.419,34.055],[-84.375,33.979],[-84.448,33.909]]]},"properties":{"id":"GA-07","name":"Georgia district 7","state":"GA"},"id":"GA-07"},{"type":"Feature","geometry":{"type":"Polygon","coordinates":[[[-93.929,29.803],[-93.814,29.597],[-93.723,29.688],[-93.241,29.727],[-92.625,29.528],[-92.294,29.481],[-92.078,29.531],[-91.877,29.363],[-91.644,29.376],[-91.421,29.303],[-91.293,29.196],[-90.975,29.122],[-91.023,29.059],[-90.97,29.005],[-90.757,28.988],[-90.553,29.037],[-90.41,28.995],[-90.384,29.366],[-90.778,29.72],[-90.599,29.7],[-90.627,29.75],[-90.505,29.766],[-90.468,29.803],[-90.489,29.859],[-90.886,29.905],[-90.813,29.84],[-90.81,29.776],[-90.874,29.763],[-90.849,29.803],[-90.925,29.83],[-91.083,29.627],[-91.096,29.809],[-91.187,29.849],[-91.251,29.958],[-91.222,30.039],[-91.464,30.103],[-91.475,30.229],[-91.588,30.257],[-91.64,30.443],[-91.701,30.498],[-91.756,30.498],[-91.679,30.395],[-91.978,30.408],[-91.943,30.23],[-92.004,30.208],[-92.091,30.254],[-92.043,30.376],[-92.142,30.299],[-92.176,30.437],[-92.244,30.437],[-92.245,30.48],[-92.774,30.488],[-92.776,30.438],[-93.131,30.424],[-93.131,30.38],[-93.031,30.379],[-93.031,30.306],[-93.314,30.291],[-93.296,30.238],[-93.376,30.211],[-93.266,30.169],[-93.249,30.11],[-93.18,30.176],[-93.179,30.052],[-93.721,30.052],[-93.929,29.803]]]},"properties":{"id":"LA-03","name":"Louisiana district 3","state":"LA"},"id":"LA-03"},{"type":"Feature","geometry":{"type":"Polygon","coordinates":[[[-94.043,32.522],[-94.042,31.993],[-93.901,31.897],[-93.823,31.775],[-93.794,31.703],[-93.835,31.586],[-93.711,31.512],[-93.749,31.469],[-93.639,31.372],[-93.687,31.306],[-93.62,31.271],[-93.589,31.166],[-93.533,31.183],[-93.564,31.095],[-93.508,31.032],[-93.578,31.0],[-93.526,30.938],[-93.574,30.885],[-93.554,30.824],[-93.74,30.54],[-93.697,30.443],[-93.766,30.344],[-93.705,30.29],[-93.721,30.052],[-93.179,30.052],[-93.18,30.176],[-93.249,30.11],[-93.266,30.169],[-93.376,30.211],[-93.296,30.238],[-93.314,30.291],[-93.031,30.306],[-93.031,30.379],[-93.131,30.38],[-93.131,30.424],[-92.776,30.438],[-92.774,30.488],[-92.493,30.48],[-92.449,30.534],[-92.211,30.568],[-92.172,30.768],[-92.281,30.965],[-92.344,30.971],[-92.436,31.069],[-92.401,31.099],[-92.431,31.245],[-92.494,31.224],[-92.494,31.296],[-92.721,31.371],[-92.921,31.324],[-93.237,31.364],[-93.237,31.538],[-93.338,31.538],[-93.338,31.714],[-93.442,31.714],[-93.441,31.845],[-93.714,31.845],[-93.782,31.889],[-93.782,31.972],[-93.851,31.938],[-93.793,32.067],[-93.714,32.074],[-93.816,32.137],[-93.815,32.229],[-93.718,32.227],[-93.759,32.305],[-93.87,32.287],[-93.88,32.334],[-93.81,32.396],[-93.951,32.464],[-93.814,32.51],[-93.846,32.602],[-93.74,32.551],[-93.699,32.493],[-93.755,32.5],[-93.736,32.401],[-93.777,32.36],[-93.535,32.192],[-93.54,32.102],[-93.321,31.889],[-93.24,31.904],[-93.238,31.973],[-93.121,31.973],[-93.187,32.149],[-92.939,32.148],[-92.872,31.946],[-92.899,31.857],[-92.95,31.856],[-92.976,31.712],[-92.906,31.624],[-92.683,31.499],[-92.693,31.4],[-92.196,31.478],[-92.277,31.495],[-92.305,31.588],[-92.385,31.62],[-92.346,31.63],[-92.363,31.807],[-92.312,31.896],[-92.312,32.277],[-92.034,32.277],[-91.994,32.398],[-92.173,32.44],[-92.329,32.408],[-92.359,32.506],[-92.415,32.471],[-92.415,32.522],[-92.188,32.498],[-92.155,32.553],[-92.125,32.506],[-92.003,32.655],[-91.935,32.655],[-91.975,32.712],[-92.066,32.709],[-92.069,33.008],[-94.043,33.019],[-94.043,32.522]]]},"properties":{"id":"LA-04","name":"Louisiana district 4","state":"LA"},"id":"LA-04"},{"type":"Feature","geometry":{"type":"Polygon","coordinates":[[[-92.416,32.489],[-92.359,32.506],[-92.329,32.408],[-92.173,32.44],[-91.994,32.398],[-92.034,32.277],[-92.312,32.277],[-92.312,31.896],[-92.363,31.807],[-92.346,31.63],[-92.385,31.62],[-92.305,31.588],[-92.277,31.495],[-92.164,31.472],[-92.072,31.344],[-92.146,31.302],[-92.233,31.322],[-92.227,31.075],[-92.185,31.08],[-92.182,31.023],[-92.072,31.023],[-92.034,31.099],[-91.987,31.061],[-91.956,31.087],[-91.975,31.05],[-91.924,31.072],[-91.921,31.018],[-91.907,31.05],[-91.806,31.032],[-91.797,30.983],[-91.691,31.019],[-91.657,30.851],[-91.559,30.84],[-91.614,30.918],[-91.519,30.884],[-91.539,30.791],[-91.596,30.76],[-91.571,30.735],[-91.381,30.759],[-91.298,30.65],[-91.255,30.705],[-91.053,30.712],[-91.101,30.544],[-90.994,30.482],[-91.009,30.403],[-91.111,30.445],[-91.106,30.373],[-91.166,30.431],[-91.206,30.408],[-91.172,30.357],[-91.03,30.346],[-90.968,30.271],[-90.852,30.332],[-90.81,30.275],[-90.711,30.285],[-90.791,30.357],[-90.67,30.416],[-90.674,30.475],[-90.453,30.479],[-90.415,30.564],[-90.371,30.508],[-90.244,30.504],[-90.256,30.712],[-89.839,30.669],[-89.732,31.005],[-91.637,30.999],[-91.56,31.054],[-91.627,31.119],[-91.589,31.189],[-91.654,31.256],[-91.516,31.278],[-91.576,31.41],[-91.543,31.433],[-91.475,31.369],[-91.523,31.522],[-91.405,31.576],[-91.515,31.63],[-91.401,31.62],[-91.369,31.747],[-91.263,31.755],[-91.366,31.761],[-91.345,31.844],[-91.294,31.86],[-91.254,31.814],[-91.268,31.863],[-91.182,31.916],[-91.185,31.966],[-91.076,32.017],[-91.159,32.073],[-91.081,32.048],[-91.004,32.146],[-91.058,32.181],[-91.054,32.124],[-91.163,32.133],[-91.164,32.197],[-91.039,32.242],[-90.995,32.193],[-90.979,32.294],[-90.922,32.299],[-90.876,32.372],[-90.994,32.354],[-90.97,32.439],[-91.116,32.483],[-91.094,32.549],[-90.987,32.496],[-91.08,32.556],[-91.016,32.642],[-91.12,32.585],[-91.152,32.62],[-91.055,32.719],[-91.166,32.753],[-91.145,32.843],[-91.064,32.901],[-91.097,32.986],[-91.17,32.899],[-91.214,32.93],[-91.166,33.004],[-92.069,33.008],[-92.066,32.709],[-91.975,32.712],[-91.935,32.655],[-92.003,32.655],[-92.125,32.506],[-92.155,32.553],[-92.168,32.502],[-92.415,32.522],[-92.416,32.489]]]},"properties":{"id":"LA-05","name":"Louisiana district 5","state":"LA"},"id":"LA-05"},{"type":"Feature","geometry":{"type":"Polygon","coordinates":[[[-93.951,32.455],[-93.81,32.396],[-93.88,32.334],[-93.87,32.287],[-93.759,32.305],[-93.718,32.227],[-93.815,32.229],[-93.816,32.137],[-93.714,32.074],[-93.793,32.067],[-93.851,31.938],[-93.782,31.972],[-93.782,31.889],[-93.714,31.845],[-93.441,31.845],[-93.442,31.714],[-93.338,31.714],[-93.338,31.538],[-93.237,31.538],[-93.237,31.364],[-92.921,31.324],[-92.721,31.371],[-92.494,31.296],[-92.494,31.224],[-92.431,31.245],[-92.401,31.099],[-92.436,31.069],[-92.344,30.971],[-92.281,30.965],[-92.172,30.768],[-92.172,30.674],[-92.211,30.568],[-92.449,30.534],[-92.493,30.48],[-92.245,30.48],[-92.244,30.437],[-92.176,30.437],[-92.142,30.299],[-92.048,30.381],[-92.091,30.254],[-92.004,30.208],[-91.943,30.23],[-91.978,30.408],[-91.679,30.395],[-91.756,30.498],[-91.485,30.497],[-91.311,30.322],[-91.018,30.324],[-91.172,30.357],[-91.206,30.408],[-91.166,30.431],[-91.106,30.373],[-91.111,30.445],[-91.009,30.403],[-90.994,30.482],[-91.101,30.544],[-91.053,30.712],[-91.255,30.705],[-91.309,30.652],[-91.381,30.759],[-91.594,30.749],[-91.516,30.875],[-91.614,30.918],[-91.559,30.84],[-91.657,30.851],[-91.681,31.016],[-91.797,30.983],[-91.806,31.032],[-91.907,31.05],[-91.921,31.018],[-91.924,31.072],[-91.975,31.05],[-91.956,31.087],[-91.987,31.061],[-92.034,31.099],[-92.072,31.023],[-92.201,31.041],[-92.233,31.322],[-92.146,31.302],[-92.072,31.343],[-92.164,31.472],[-92.695,31.401],[-92.683,31.499],[-92.906,31.624],[-92.976,31.712],[-92.95,31.856],[-92.899,31.857],[-92.872,31.946],[-92.939,32.148],[-93.187,32.149],[-93.121,31.973],[-93.238,31.973],[-93.24,31.904],[-93.321,31.889],[-93.54,32.102],[-93.535,32.192],[-93.777,32.36],[-93.736,32.401],[-93.755,32.5],[-93.699,32.493],[-93.74,32.551],[-93.846,32.602],[-93.814,32.51],[-93.897,32.511],[-93.951,32.455]]]},"properties":{"id":"LA-06","name":"Louisiana district 6","state":"LA"},"id":"LA-06"},{"type":"Feature","geometry":{"type":"MultiPolygon","coordinates":[[[[-156.119,19.736],[-155.943,19.344],[-155.954,19.054],[-155.694,18.867],[-155.566,18.935],[-155.466,19.095],[-155.268,19.219],[-155.176,19.211],[-154.94,19.313],[-154.757,19.507],[-154.929,19.674],[-154.964,19.769],[-155.033,19.793],[-155.032,19.875],[-155.14,19.989],[-155.837,20.321],[-155.916,20.301],[-155.959,20.227],[-155.884,20.018],[-156.091,19.821],[-156.119,19.736]]],[[[-156.756,20.53],[-156.75,20.454],[-156.546,20.461],[-156.489,20.5],[-156.485,20.579],[-156.375,20.529],[-156.039,20.601],[-155.933,20.713],[-155.939,20.837],[-156.263,21.002],[-156.451,20.969],[-156.56,21.082],[-156.67,21.077],[-156.75,20.961],[-156.738,20.868],[-156.496,20.692],[-156.704,20.605],[-156.756,20.53]]],[[[-157.116,20.903],[-156.974,20.687],[-156.817,20.72],[-156.75,20.808],[-156.905,20.976],[-157.049,20.979],[-157.116,20.903]]],[[[-157.366,21.117],[-157.321,21.051],[-157.078,21.058],[-156.878,20.993],[-156.651,21.134],[-156.722,21.226],[-157.25,21.28],[-157.366,21.117]]],[[[-158.345,21.583],[-158.135,21.242],[-158.085,21.239],[-158.09,21.332],[-158.019,21.39],[-158.028,21.492],[-157.896,21.502],[-157.782,21.337],[-157.598,21.314],[-157.656,21.492],[-157.762,21.526],[-157.942,21.755],[-158.345,21.583]]],[[[-159.851,22.027],[-159.794,21.94],[-159.631,21.847],[-159.444,21.818],[-159.284,21.941],[-159.246,22.167],[-159.39,22.288],[-159.596,22.278],[-159.773,22.181],[-159.851,22.027]]],[[[-160.304,21.854],[-160.266,21.746],[-160.177,21.736],[-160.031,21.869],[-159.997,21.993],[-160.125,22.081],[-160.304,21.854]]],[[[-160.601,21.658],[-160.546,21.6],[-160.483,21.64],[-160.532,21.712],[-160.601,21.658]]],[[[-161.988,23.07],[-161.932,23.005],[-161.858,23.061],[-161.919,23.114],[-161.988,23.07]]],[[[-164.765,23.582],[-164.701,23.517],[-164.64,23.576],[-164.689,23.623],[-164.765,23.582]]],[[[-166.387,23.846],[-166.314,23.804],[-166.303,23.729],[-166.227,23.727],[-166.211,23.6],[-166.117,23.611],[-166.107,23.743],[-166.182,23.902],[-166.307,23.925],[-166.387,23.846]]],[[[-168.058,25.0],[-168.0,24.948],[-167.944,24.99],[-168.0,25.052],[-168.058,25.0]]],[[[-170.685,25.506],[-170.63,25.456],[-170.573,25.505],[-170.631,25.557],[-170.685,25.506]]],[[[-171.81,25.781],[-171.737,25.707],[-171.668,25.781],[-171.75,25.838],[-171.81,25.781]]],[[[-174.067,26.06],[-174.0,25.99],[-173.903,26.06],[-173.929,26.12],[-174.007,26.137],[-174.067,26.06]]],[[[-176.043,27.796],[-175.97,27.693],[-175.746,27.733],[-175.67,27.942],[-175.81,28.006],[-175.981,27.913],[-175.989,27.862],[-175.924,27.814],[-176.0,27.835],[-176.043,27.796]]],[[[-178.444,28.419],[-178.375,28.335],[-178.233,28.375],[-178.238,28.456],[-178.315,28.516],[-178.396,28.5],[-178.444,28.419]]]]},"properties":{"id":"HI-02","name":"Hawaii district 2","state":"HI"},"id":"HI-02"},{"type":"Feature","geometry":{"type":"Polygon","coordinates":[[[-158.091,21.327],[-158.085,21.239],[-157.899,21.25],[-157.81,21.199],[-157.676,21.214],[-157.598,21.295],[-157.782,21.337],[-157.896,21.502],[-158.029,21.491],[-158.019,21.39],[-158.091,21.327]]]},"properties":{"id":"HI-01","name":"Hawaii district 1","state":"HI"},"id":"HI-01"},{"type":"Feature","geometry":{"type":"Polygon","coordinates":[[[-121.595,39.198],[-121.591,39.163],[-121.484,39.19],[-121.485,39.1],[-121.433,39.145],[-121.28,39.143],[-121.28,39.035],[-121.366,39.032],[-121.415,38.998],[-121.414,38.926],[-121.469,38.926],[-121.484,38.735],[-121.243,38.718],[-121.214,38.593],[-121.13,38.57],[-121.122,38.517],[-121.041,38.541],[-121.142,38.712],[-121.061,38.846],[-120.741,38.777],[-120.717,38.719],[-120.761,38.698],[-120.662,38.683],[-120.677,38.648],[-120.603,38.608],[-120.664,38.604],[-120.567,38.507],[-120.275,38.559],[-120.078,38.709],[-120.073,38.447],[-119.885,38.356],[-119.705,38.416],[-119.605,38.239],[-119.633,38.199],[-119.496,38.157],[-119.46,38.096],[-119.346,38.083],[-119.313,37.953],[-119.2,37.886],[-119.26,37.727],[-119.124,37.734],[-119.02,37.583],[-118.85,37.476],[-118.795,37.487],[-118.759,37.442],[-118.787,37.343],[-118.665,37.262],[-118.667,37.155],[-118.437,37.06],[-118.361,36.888],[-118.394,36.83],[-118.336,36.716],[-118.366,36.69],[-118.275,36.597],[-118.214,36.434],[-118.141,36.421],[-118.163,36.389],[-118.1,36.346],[-118.128,36.28],[-117.983,35.927],[-118.008,35.789],[-115.648,35.809],[-117.876,37.497],[-120.001,39.0],[-120.001,39.722],[-120.147,39.708],[-120.1,39.91],[-120.247,40.108],[-120.379,40.13],[-120.652,40.308],[-120.796,40.301],[-120.891,40.192],[-121.042,40.235],[-121.061,40.447],[-121.498,40.446],[-121.472,40.352],[-121.342,40.31],[-121.377,40.298],[-121.368,40.213],[-121.444,40.191],[-121.367,40.086],[-121.43,39.9],[-121.077,39.597],[-121.159,39.52],[-121.305,39.52],[-121.373,39.365],[-121.569,39.308],[-121.595,39.198]]]},"properties":{"id":"CA-03","name":"California district 3","state":"CA"},"id":"CA-03"},{"type":"Feature","geometry":{"type":"Polygon","coordinates":[[[-122.791,45.623],[-122.623,45.533],[-122.666,45.464],[-122.566,45.478],[-122.502,45.396],[-122.417,45.386],[-122.292,45.23],[-122.022,45.201],[-122.003,45.261],[-121.938,45.272],[-121.784,45.214],[-121.683,45.229],[-121.696,45.258],[-121.482,45.258],[-121.441,45.697],[-121.499,45.721],[-121.811,45.707],[-122.267,45.544],[-122.762,45.656],[-122.791,45.623]]]},"properties":{"id":"OR-03","name":"Oregon district 3","state":"OR"},"id":"OR-03"},{"type":"Feature","geometry":{"type":"Polygon","coordinates":[[[-124.159,46.261],[-124.051,46.164],[-124.003,46.028],[-124.092,45.943],[-124.038,45.842],[-124.068,45.75],[-124.011,45.708],[-124.077,45.342],[-124.045,45.166],[-124.096,45.044],[-123.725,45.044],[-123.784,45.077],[-123.785,45.216],[-123.464,45.216],[-123.465,45.433],[-123.135,45.433],[-122.929,45.346],[-122.831,45.402],[-122.836,45.466],[-122.744,45.487],[-122.731,45.445],[-122.623,45.512],[-122.789,45.616],[-122.761,45.759],[-122.814,45.961],[-122.904,46.084],[-123.006,46.135],[-123.166,46.189],[-123.371,46.146],[-123.48,46.269],[-123.873,46.235],[-124.025,46.299],[-124.036,46.264],[-124.159,46.261]]]},"properties":{"id":"OR-01","name":"Oregon district 1","state":"OR"},"id":"OR-01"},{"type":"Feature","geometry":{"type":"Polygon","coordinates":[[[-123.246,44.333],[-123.193,44.306],[-123.165,44.2],[-122.906,44.201],[-122.865,44.287],[-122.38,44.209],[-122.327,44.253],[-121.799,44.258],[-121.772,44.091],[-121.834,44.04],[-121.869,43.912],[-121.975,43.857],[-121.975,43.812],[-121.913,43.795],[-121.456,43.863],[-121.429,43.819],[-121.326,43.995],[-121.244,44.008],[-121.254,44.087],[-121.103,44.169],[-121.108,44.391],[-121.846,44.425],[-121.787,44.689],[-121.82,44.8],[-121.776,44.82],[-121.752,44.931],[-121.796,44.937],[-121.805,45.011],[-121.735,45.046],[-121.748,45.204],[-121.7,45.24],[-121.855,45.22],[-121.938,45.272],[-122.003,45.261],[-122.022,45.201],[-122.292,45.23],[-122.398,45.373],[-122.502,45.396],[-122.57,45.479],[-122.744,45.443],[-122.747,45.223],[-122.976,45.022],[-122.95,44.906],[-122.835,44.791],[-123.0,44.687],[-123.062,44.748],[-123.144,44.749],[-123.073,44.651],[-123.198,44.603],[-123.246,44.333]]]},"properties":{"id":"OR-05","name":"Oregon district 5","state":"OR"},"id":"OR-05"},{"type":"Feature","geometry":{"type":"Polygon","coordinates":[[[-123.786,45.16],[-123.784,45.077],[-123.724,45.077],[-123.704,44.721],[-123.149,44.72],[-123.113,44.759],[-123.0,44.687],[-122.835,44.791],[-122.95,44.906],[-122.976,45.022],[-122.747,45.223],[-122.722,45.411],[-122.744,45.487],[-122.836,45.466],[-122.831,45.402],[-122.929,45.346],[-123.135,45.433],[-123.465,45.433],[-123.464,45.216],[-123.785,45.216],[-123.786,45.16]]]},"properties":{"id":"OR-06","name":"Oregon district 6","state":"OR"},"id":"OR-06"},{"type":"Feature","geometry":{"type":"Polygon","coordinates":[[[-124.704,42.77],[-124.474,42.615],[-124.465,42.553],[-124.57,42.455],[-124.494,42.396],[-124.482,42.224],[-124.375,42.029],[-123.822,41.996],[-123.859,42.135],[-123.792,42.238],[-123.888,42.351],[-124.042,42.388],[-124.009,42.496],[-123.875,42.513],[-123.716,42.784],[-123.812,42.788],[-123.821,42.965],[-123.502,43.116],[-123.356,43.072],[-123.338,43.199],[-122.981,43.269],[-122.945,43.299],[-123.019,43.375],[-122.893,43.517],[-122.742,43.518],[-122.742,43.437],[-122.132,43.44],[-122.131,43.557],[-121.965,43.627],[-121.975,43.857],[-121.869,43.912],[-121.834,44.04],[-121.773,44.091],[-121.79,44.249],[-122.327,44.253],[-122.38,44.209],[-122.865,44.287],[-122.906,44.201],[-123.165,44.2],[-123.245,44.384],[-123.198,44.603],[-123.088,44.674],[-123.149,44.72],[-123.704,44.721],[-123.725,45.044],[-124.096,45.044],[-124.266,43.702],[-124.36,43.434],[-124.477,43.329],[-124.465,43.2],[-124.531,43.0],[-124.704,42.77]]]},"properties":{"id":"OR-04","name":"Oregon district 4","state":"OR"},"id":"OR-04"},{"type":"Feature","geometry":{"type":"Polygon","coordinates":[[[-124.042,42.388],[-123.888,42.351],[-123.792,42.238],[-123.859,42.135],[-123.822,41.996],[-117.026,42.0],[-117.033,43.83],[-116.935,43.989],[-116.977,44.085],[-116.894,44.162],[-116.976,44.243],[-117.198,44.274],[-117.243,44.396],[-117.062,44.727],[-116.935,44.784],[-116.852,44.888],[-116.848,45.023],[-116.73,45.142],[-116.674,45.322],[-116.464,45.616],[-116.547,45.752],[-116.782,45.825],[-116.933,45.996],[-118.987,46.0],[-119.126,45.933],[-119.601,45.92],[-119.67,45.857],[-119.966,45.824],[-120.211,45.726],[-120.483,45.694],[-120.635,45.746],[-120.896,45.643],[-121.064,45.652],[-121.146,45.608],[-121.216,45.671],[-121.441,45.697],[-121.482,45.258],[-121.696,45.258],[-121.683,45.229],[-121.748,45.204],[-121.735,45.046],[-121.805,45.011],[-121.796,44.937],[-121.752,44.931],[-121.776,44.82],[-121.82,44.8],[-121.784,44.773],[-121.794,44.594],[-121.848,44.429],[-121.108,44.391],[-121.103,44.169],[-121.254,44.087],[-121.244,44.008],[-121.326,43.995],[-121.429,43.819],[-121.452,43.863],[-121.965,43.808],[-121.965,43.627],[-122.131,43.557],[-122.132,43.44],[-122.742,43.437],[-122.742,43.518],[-122.893,43.517],[-123.019,43.375],[-122.945,43.299],[-122.981,43.269],[-123.338,43.199],[-123.356,43.072],[-123.502,43.116],[-123.821,42.965],[-123.812,42.788],[-123.716,42.784],[-123.875,42.513],[-124.009,42.496],[-124.042,42.388]]]},"properties":{"id":"OR-02","name":"Oregon district 2","state":"OR"},"id":"OR-02"},{"type":"Feature","geometry":{"type":"Polygon","coordinates":[[[-79.074,40.266],[-79.01,40.227],[-78.933,40.285],[-78.885,40.245],[-78.658,40.243],[-78.763,40.057],[-78.757,39.823],[-78.808,39.723],[-76.999,39.72],[-77.0,39.831],[-76.955,39.857],[-77.019,40.014],[-77.137,40.07],[-77.354,40.003],[-77.455,40.099],[-77.406,40.136],[-77.458,40.175],[-77.333,40.213],[-77.323,40.271],[-76.915,40.328],[-77.029,40.387],[-76.949,40.469],[-76.993,40.564],[-76.939,40.641],[-77.354,40.702],[-77.364,40.847],[-77.711,40.715],[-77.825,40.744],[-77.944,40.692],[-78.132,40.743],[-78.802,40.725],[-79.074,40.266]]]},"properties":{"id":"PA-13","name":"Pennsylvania district 13","state":"PA"},"id":"PA-13"},{"type":"Feature","geometry":{"type":"Polygon","coordinates":[[[-80.52,42.327],[-80.519,40.851],[-80.159,40.855],[-80.148,40.674],[-79.693,40.67],[-79.689,41.169],[-79.905,41.172],[-79.917,41.275],[-79.873,41.326],[-79.772,41.329],[-79.818,41.392],[-79.725,41.424],[-79.73,41.47],[-79.843,41.484],[-79.835,41.537],[-79.893,41.574],[-79.829,41.622],[-79.613,41.617],[-79.611,41.999],[-79.762,41.999],[-79.762,42.516],[-80.08,42.394],[-80.52,42.327]]]},"properties":{"id":"PA-16","name":"Pennsylvania district 16","state":"PA"},"id":"PA-16"},{"type":"Feature","geometry":{"type":"Polygon","coordinates":[[[-104.054,41.157],[-104.053,41.001],[-102.052,41.002],[-102.052,40.003],[-95.308,40.0],[-95.415,40.04],[-95.393,40.119],[-95.479,40.186],[-95.479,40.244],[-95.657,40.311],[-95.623,40.342],[-95.7,40.505],[-95.653,40.542],[-95.767,40.532],[-95.75,40.607],[-95.889,40.732],[-95.834,40.784],[-96.464,40.784],[-96.464,40.523],[-96.913,40.524],[-96.913,40.698],[-97.368,40.699],[-97.368,41.163],[-97.58,41.177],[-97.598,41.395],[-97.704,41.395],[-97.704,41.527],[-97.83,41.526],[-97.835,42.09],[-96.556,42.09],[-96.555,41.742],[-96.444,41.742],[-96.425,41.48],[-96.329,41.437],[-96.329,41.393],[-95.938,41.391],[-95.92,41.448],[-96.014,41.478],[-96.005,41.543],[-96.041,41.507],[-96.094,41.539],[-96.123,41.683],[-96.073,41.704],[-96.106,41.738],[-96.065,41.797],[-96.162,41.902],[-96.13,41.973],[-96.241,41.999],[-96.269,42.114],[-96.349,42.168],[-96.329,42.255],[-96.418,42.351],[-96.393,42.481],[-96.611,42.506],[-96.71,42.605],[-96.691,42.656],[-97.13,42.772],[-97.307,42.868],[-97.845,42.868],[-98.013,42.762],[-98.444,42.929],[-98.499,42.999],[-104.053,43.001],[-104.054,41.157]]]},"properties":{"id":"NE-03","name":"Nebraska district 3","state":"NE"},"id":"NE-03"},{"type":"Feature","geometry":{"type":"Polygon","coordinates":[[[-97.835,42.09],[-97.83,41.526],[-97.704,41.527],[-97.704,41.395],[-97.598,41.395],[-97.58,41.177],[-97.368,41.163],[-97.368,40.699],[-96.913,40.698],[-96.913,40.524],[-96.464,40.523],[-96.464,40.784],[-95.834,40.784],[-95.849,40.861],[-95.809,40.893],[-95.882,41.061],[-95.856,41.187],[-96.174,41.191],[-96.158,41.133],[-96.005,41.129],[-96.005,41.061],[-96.214,40.994],[-96.319,41.045],[-96.37,41.015],[-96.909,41.046],[-96.906,41.453],[-96.329,41.393],[-96.329,41.437],[-96.435,41.495],[-96.444,41.742],[-96.555,41.742],[-96.556,42.09],[-97.835,42.09]]]},"properties":{"id":"NE-01","name":"Nebraska district 1","state":"NE"},"id":"NE-01"},{"type":"Feature","geometry":{"type":"Polygon","coordinates":[[[-96.909,41.264],[-96.909,41.046],[-96.37,41.015],[-96.319,41.045],[-96.219,40.994],[-96.005,41.061],[-96.005,41.129],[-96.158,41.133],[-96.174,41.191],[-95.924,41.191],[-95.928,41.298],[-95.871,41.297],[-95.955,41.342],[-95.939,41.393],[-96.488,41.393],[-96.906,41.453],[-96.909,41.264]]]},"properties":{"id":"NE-02","name":"Nebraska district 2","state":"NE"},"id":"NE-02"},{"type":"Feature","geometry":{"type":"Polygon","coordinates":[[[-73.769,40.624],[-73.737,40.593],[-73.769,40.534],[-73.485,40.521],[-73.484,40.703],[-73.553,40.756],[-73.73,40.722],[-73.725,40.652],[-73.769,40.624]]]},"properties":{"id":"NY-04","name":"New York district 4","state":"NY"},"id":"NY-04"},{"type":"Feature","geometry":{"type":"Polygon","coordinates":[[[-71.607,42.013],[-71.575,41.859],[-71.43,41.861],[-71.437,41.789],[-71.378,41.784],[-71.326,41.693],[-71.38,41.656],[-71.409,41.468],[-71.509,41.308],[-71.089,41.431],[-71.133,41.66],[-71.34,41.797],[-71.381,42.019],[-71.607,42.013]]]},"properties":{"id":"RI-01","name":"Rhode Island district 1","state":"RI"},"id":"RI-01"},{"type":"Feature","geometry":{"type":"MultiPolygon","coordinates":[[[[-71.907,41.305],[-71.791,41.184],[-71.791,41.272],[-71.509,41.308],[-71.409,41.468],[-71.38,41.656],[-71.326,41.693],[-71.378,41.784],[-71.437,41.789],[-71.43,41.861],[-71.575,41.859],[-71.607,42.013],[-71.799,42.008],[-71.798,41.417],[-71.907,41.305]]],[[[-71.679,41.159],[-71.619,41.099],[-71.518,41.107],[-71.489,41.235],[-71.592,41.289],[-71.679,41.159]]]]},"properties":{"id":"RI-02","name":"Rhode Island district 2","state":"RI"},"id":"RI-02"},{"type":"Feature","geometry":{"type":"Polygon","coordinates":[[[-95.262,29.587],[-95.163,29.498],[-95.059,29.559],[-94.911,29.496],[-94.793,29.551],[-94.499,29.544],[-94.354,29.611],[-94.358,29.89],[-94.204,29.983],[-94.212,30.076],[-94.086,30.089],[-94.118,30.242],[-93.706,30.247],[-93.766,30.333],[-93.698,30.442],[-93.74,30.54],[-93.554,30.824],[-93.574,30.885],[-93.526,30.938],[-93.578,31.0],[-93.508,31.032],[-93.564,31.095],[-93.533,31.184],[-93.911,31.158],[-94.473,31.026],[-94.562,31.059],[-94.658,31.012],[-94.538,30.491],[-94.849,30.494],[-95.166,30.345],[-95.031,29.993],[-94.986,29.973],[-95.062,29.889],[-94.998,29.802],[-95.19,29.769],[-95.191,29.592],[-95.262,29.587]]]},"properties":{"id":"TX-36","name":"Texas district 36","state":"TX"},"id":"TX-36"},{"type":"Feature","geometry":{"type":"Polygon","coordinates":[[[-98.214,26.245],[-98.163,26.217],[-98.18,26.121],[-98.137,26.174],[-98.129,26.129],[-98.108,26.202],[-98.073,26.174],[-98.077,26.036],[-97.862,26.07],[-97.663,26.038],[-97.425,25.841],[-97.373,25.84],[-97.375,25.908],[-97.285,25.959],[-97.09,25.961],[-97.323,27.01],[-97.297,27.25],[-97.165,27.568],[-97.841,27.558],[-97.932,27.636],[-98.06,27.636],[-98.058,27.261],[-97.986,27.26],[-97.957,26.612],[-98.004,26.449],[-97.862,26.434],[-97.862,26.348],[-98.155,26.3],[-98.159,26.245],[-98.214,26.245]]]},"properties":{"id":"TX-34","name":"Texas district 34","state":"TX"},"id":"TX-34"},{"type":"Feature","geometry":{"type":"Polygon","coordinates":[[[-95.623,29.675],[-95.571,29.649],[-95.583,29.581],[-95.532,29.574],[-95.562,29.563],[-95.527,29.511],[-95.463,29.508],[-95.551,29.438],[-95.314,29.516],[-95.306,29.56],[-95.386,29.586],[-95.243,29.641],[-95.39,29.725],[-95.623,29.675]]]},"properties":{"id":"TX-09","name":"Texas district 9","state":"TX"},"id":"TX-09"},{"type":"Feature","geometry":{"type":"Polygon","coordinates":[[[-80.297,26.236],[-80.192,26.214],[-80.099,26.327],[-80.169,26.107],[-80.049,26.093],[-80.007,26.426],[-80.297,26.356],[-80.297,26.236]]]},"properties":{"id":"FL-23","name":"Florida district 23","state":"FL"},"id":"FL-23"},{"type":"Feature","geometry":{"type":"Polygon","coordinates":[[[-83.021,27.881],[-82.924,27.648],[-82.748,27.649],[-82.735,27.611],[-82.673,27.645],[-82.652,27.886],[-82.709,27.959],[-82.648,27.966],[-82.651,28.173],[-83.019,28.171],[-83.021,27.881]]]},"properties":{"id":"FL-13","name":"Florida district 13","state":"FL"},"id":"FL-13"},{"type":"Feature","geometry":{"type":"Polygon","coordinates":[[[-80.886,26.949],[-80.873,25.979],[-80.439,25.957],[-80.447,26.146],[-80.363,26.102],[-80.314,26.161],[-80.234,26.106],[-80.149,26.122],[-80.098,26.327],[-80.192,26.214],[-80.297,26.229],[-80.297,26.356],[-80.25,26.341],[-80.222,26.513],[-80.364,26.685],[-80.07,26.676],[-80.043,26.804],[-80.132,26.796],[-80.1,26.707],[-80.3,26.745],[-80.363,26.71],[-80.58,26.958],[-80.886,26.949]]]},"properties":{"id":"FL-20","name":"Florida district 20","state":"FL"},"id":"FL-20"},{"type":"Feature","geometry":{"type":"Polygon","coordinates":[[[-73.997,40.625],[-73.945,40.602],[-73.917,40.673],[-73.997,40.625]]]},"properties":{"id":"NY-09","name":"New York district 9","state":"NY"},"id":"NY-09"},{"type":"Feature","geometry":{"type":"MultiPolygon","coordinates":[[[[-74.053,40.656],[-73.99,40.63],[-73.963,40.723],[-74.017,40.744],[-74.053,40.656]]],[[[-74.041,40.7],[-74.04,40.699],[-74.038,40.699],[-74.041,40.7]]],[[[-74.047,40.691],[-74.044,40.689],[-74.044,40.69],[-74.047,40.691]]]]},"properties":{"id":"NY-10","name":"New York district 10","state":"NY"},"id":"NY-10"},{"type":"Feature","geometry":{"type":"Polygon","coordinates":[[[-74.259,40.5],[-74.042,40.508],[-74.038,40.589],[-73.978,40.604],[-74.053,40.656],[-74.186,40.646],[-74.259,40.5]]]},"properties":{"id":"NY-11","name":"New York district 11","state":"NY"},"id":"NY-11"},{"type":"Feature","geometry":{"type":"Polygon","coordinates":[[[-73.971,40.816],[-73.917,40.784],[-73.933,40.836],[-73.884,40.879],[-73.934,40.882],[-73.971,40.816]]]},"properties":{"id":"NY-13","name":"New York district 13","state":"NY"},"id":"NY-13"},{"type":"Feature","geometry":{"type":"Polygon","coordinates":[[[-73.934,40.882],[-73.88,40.869],[-73.932,40.808],[-73.83,40.862],[-73.851,40.91],[-73.934,40.882]]]},"properties":{"id":"NY-15","name":"New York district 15","state":"NY"},"id":"NY-15"},{"type":"Feature","geometry":{"type":"Polygon","coordinates":[[[-95.585,29.933],[-95.515,29.925],[-95.57,29.832],[-95.454,29.781],[-95.41,29.807],[-95.379,29.691],[-95.327,29.695],[-95.312,29.787],[-95.254,29.73],[-95.28,29.802],[-95.23,29.824],[-95.237,29.907],[-95.309,29.909],[-95.367,29.774],[-95.422,29.888],[-95.48,29.911],[-95.465,29.965],[-95.248,29.962],[-95.187,29.871],[-95.212,29.999],[-95.318,30.034],[-95.461,30.035],[-95.585,29.933]]]},"properties":{"id":"TX-18","name":"Texas district 18","state":"TX"},"id":"TX-18"},{"type":"Feature","geometry":{"type":"Polygon","coordinates":[[[-122.333,47.786],[-122.271,47.777],[-122.231,47.681],[-122.264,47.613],[-122.097,47.602],[-122.113,47.776],[-122.0,47.775],[-122.038,47.823],[-121.938,47.856],[-121.947,47.95],[-122.0,47.963],[-122.013,48.083],[-122.109,48.144],[-122.109,48.208],[-122.216,48.156],[-122.145,48.021],[-122.174,47.922],[-122.207,47.878],[-122.252,47.896],[-122.262,47.819],[-122.333,47.786]]]},"properties":{"id":"WA-01","name":"Washington district 1","state":"WA"},"id":"WA-01"},{"type":"Feature","geometry":{"type":"Polygon","coordinates":[[[-85.773,41.194],[-85.687,41.178],[-85.639,40.653],[-85.449,40.654],[-85.444,40.379],[-85.22,40.379],[-85.216,40.179],[-84.807,40.18],[-84.806,41.76],[-85.66,41.759],[-85.654,41.437],[-85.769,41.436],[-85.773,41.194]]]},"properties":{"id":"IN-03","name":"Indiana district 3","state":"IN"},"id":"IN-03"},{"type":"Feature","geometry":{"type":"Polygon","coordinates":[[[-86.686,39.321],[-86.683,38.687],[-86.309,38.688],[-86.309,38.423],[-86.255,38.423],[-86.247,38.35],[-86.282,38.35],[-86.253,38.292],[-86.33,38.182],[-86.272,38.139],[-86.268,38.057],[-86.046,37.959],[-85.926,38.022],[-85.906,38.168],[-85.829,38.277],[-85.68,38.298],[-85.607,38.439],[-85.42,38.535],[-85.436,38.729],[-85.278,38.742],[-85.164,38.69],[-84.992,38.778],[-84.815,38.785],[-84.785,38.873],[-84.877,38.909],[-84.83,38.973],[-84.897,39.055],[-84.82,39.105],[-84.815,39.522],[-85.299,39.525],[-85.298,39.453],[-85.629,39.453],[-85.631,39.35],[-85.685,39.35],[-85.687,39.131],[-86.08,39.153],[-86.086,39.344],[-86.65,39.356],[-86.686,39.321]]]},"properties":{"id":"IN-09","name":"Indiana district 9","state":"IN"},"id":"IN-09"},{"type":"Feature","geometry":{"type":"Polygon","coordinates":[[[-87.527,41.308],[-87.527,41.166],[-87.394,41.163],[-87.131,41.286],[-86.938,41.23],[-86.93,41.519],[-86.726,41.517],[-86.7,41.76],[-87.524,41.76],[-87.527,41.308]]]},"properties":{"id":"IN-01","name":"Indiana district 1","state":"IN"},"id":"IN-01"},{"type":"Feature","geometry":{"type":"Polygon","coordinates":[[[-86.376,40.439],[-86.236,40.417],[-86.241,39.926],[-85.576,39.946],[-85.576,40.077],[-85.214,40.077],[-85.22,40.379],[-85.444,40.379],[-85.449,40.654],[-85.865,40.652],[-85.864,40.566],[-86.374,40.561],[-86.376,40.439]]]},"properties":{"id":"IN-05","name":"Indiana district 5","state":"IN"},"id":"IN-05"},{"type":"Feature","geometry":{"type":"Polygon","coordinates":[[[-86.931,40.958],[-86.931,40.912],[-86.468,40.91],[-86.468,40.823],[-86.365,40.823],[-86.354,40.761],[-86.279,40.755],[-86.279,40.664],[-86.35,40.634],[-86.347,40.561],[-85.864,40.566],[-85.865,40.652],[-85.639,40.653],[-85.687,41.178],[-85.773,41.192],[-85.769,41.436],[-85.654,41.437],[-85.66,41.759],[-86.7,41.76],[-86.726,41.517],[-86.93,41.519],[-86.931,40.958]]]},"properties":{"id":"IN-02","name":"Indiana district 2","state":"IN"},"id":"IN-02"},{"type":"Feature","geometry":{"type":"Polygon","coordinates":[[[-111.914,40.459],[-111.773,40.341],[-111.718,40.182],[-111.748,40.166],[-111.511,40.159],[-111.513,40.283],[-111.313,40.287],[-111.225,40.166],[-111.246,40.047],[-111.083,39.943],[-111.083,39.9],[-110.858,39.9],[-110.858,39.813],[-111.247,39.813],[-111.248,39.467],[-111.301,39.467],[-111.306,38.5],[-110.025,38.5],[-110.033,38.386],[-109.941,38.354],[-109.963,38.319],[-109.889,38.23],[-109.92,38.221],[-109.887,38.183],[-110.026,38.097],[-110.078,37.998],[-110.202,37.947],[-110.209,37.894],[-110.404,37.881],[-110.477,37.8],[-110.426,37.775],[-110.498,37.652],[-110.603,37.603],[-110.664,37.518],[-110.64,37.486],[-110.748,37.458],[-110.699,37.432],[-110.753,37.405],[-110.736,37.346],[-110.873,37.346],[-110.839,37.3],[-110.958,37.125],[-111.176,37.103],[-111.24,37.022],[-111.3,37.067],[-111.306,37.013],[-111.413,37.002],[-109.045,36.999],[-109.05,41.001],[-110.872,40.997],[-110.859,40.94],[-110.967,40.838],[-111.401,40.813],[-111.379,40.738],[-111.434,40.739],[-111.437,40.681],[-111.866,40.687],[-111.914,40.459]]]},"properties":{"id":"UT-03","name":"Utah district 3","state":"UT"},"id":"UT-03"},{"type":"Feature","geometry":{"type":"Polygon","coordinates":[[[-114.042,41.002],[-112.799,41.0],[-112.452,41.087],[-112.127,41.089],[-112.044,40.99],[-111.892,41.017],[-111.816,40.871],[-111.918,40.807],[-111.891,40.75],[-111.83,40.745],[-111.831,40.687],[-111.606,40.713],[-111.558,40.677],[-111.437,40.681],[-111.434,40.739],[-111.379,40.738],[-111.401,40.813],[-110.967,40.838],[-110.852,40.964],[-111.047,40.998],[-111.047,42.002],[-114.041,41.994],[-114.042,41.002]]]},"properties":{"id":"UT-01","name":"Utah district 1","state":"UT"},"id":"UT-01"},{"type":"Feature","geometry":{"type":"Polygon","coordinates":[[[-85.387,33.902],[-85.184,32.861],[-85.105,32.641],[-84.984,32.489],[-84.922,32.523],[-84.982,32.608],[-84.695,32.584],[-84.701,32.845],[-84.477,32.878],[-84.203,32.69],[-84.124,32.801],[-84.123,32.932],[-84.044,32.948],[-84.041,33.168],[-84.041,33.203],[-84.124,33.203],[-84.103,33.299],[-84.247,33.336],[-84.203,33.452],[-84.354,33.436],[-84.354,33.353],[-84.388,33.352],[-84.397,33.486],[-84.496,33.448],[-84.557,33.528],[-84.851,33.511],[-84.753,33.629],[-84.767,33.787],[-85.038,33.812],[-85.037,33.904],[-85.387,33.902]]]},"properties":{"id":"GA-03","name":"Georgia district 3","state":"GA"},"id":"GA-03"},{"type":"Feature","geometry":{"type":"Polygon","coordinates":[[[-85.142,31.782],[-85.041,31.542],[-85.108,31.186],[-84.865,30.712],[-83.744,30.658],[-83.736,31.038],[-84.004,31.042],[-83.982,31.563],[-84.033,31.715],[-83.986,31.765],[-84.008,31.802],[-83.927,31.863],[-83.961,32.031],[-83.61,32.028],[-83.606,32.288],[-83.848,32.291],[-83.847,32.469],[-83.798,32.447],[-83.787,32.513],[-83.723,32.521],[-83.719,32.631],[-83.537,32.575],[-83.612,32.695],[-83.489,32.824],[-83.598,32.888],[-83.705,32.833],[-83.745,32.861],[-83.767,32.819],[-83.873,32.859],[-84.124,32.85],[-84.203,32.69],[-84.477,32.878],[-84.701,32.845],[-84.695,32.584],[-84.982,32.608],[-84.923,32.522],[-84.967,32.482],[-84.999,32.507],[-84.963,32.424],[-85.007,32.328],[-84.888,32.259],[-85.062,32.133],[-85.049,32.022],[-85.134,31.892],[-85.142,31.782]]]},"properties":{"id":"GA-02","name":"Georgia district 2","state":"GA"},"id":"GA-02"},{"type":"Feature","geometry":{"type":"Polygon","coordinates":[[[-84.851,33.512],[-84.557,33.528],[-84.496,33.448],[-84.469,33.488],[-84.422,33.456],[-84.397,33.486],[-84.459,33.551],[-84.458,33.629],[-84.523,33.665],[-84.464,33.788],[-84.348,33.825],[-84.348,33.93],[-84.724,33.904],[-84.724,33.789],[-84.781,33.76],[-84.753,33.629],[-84.851,33.512]]]},"properties":{"id":"GA-06","name":"Georgia district 6","state":"GA"},"id":"GA-06"},{"type":"Feature","geometry":{"type":"Polygon","coordinates":[[[-84.249,33.353],[-84.089,33.286],[-84.124,33.203],[-83.843,33.197],[-83.816,33.132],[-83.263,33.189],[-83.098,33.152],[-83.101,33.05],[-83.009,33.081],[-82.748,33.238],[-82.867,33.467],[-82.815,33.521],[-82.747,33.512],[-82.68,33.6],[-82.813,33.656],[-82.879,33.62],[-82.938,33.715],[-82.866,33.726],[-82.811,33.829],[-82.729,33.86],[-82.771,33.973],[-82.564,33.956],[-82.575,33.992],[-82.717,34.151],[-82.887,34.481],[-82.999,34.472],[-83.104,34.537],[-83.178,34.477],[-83.398,34.461],[-83.394,34.325],[-83.338,34.261],[-83.402,34.197],[-83.359,34.04],[-83.537,33.966],[-83.574,34.039],[-83.764,34.065],[-83.818,34.127],[-83.865,34.013],[-83.939,33.979],[-83.843,33.895],[-83.982,33.786],[-83.915,33.744],[-83.925,33.633],[-83.849,33.654],[-83.804,33.611],[-83.823,33.557],[-83.891,33.518],[-84.097,33.56],[-84.144,33.491],[-84.217,33.482],[-84.181,33.427],[-84.249,33.353]]]},"properties":{"id":"GA-10","name":"Georgia district 10","state":"GA"},"id":"GA-10"},{"type":"Feature","geometry":{"type":"Polygon","coordinates":[[[-82.05,30.676],[-82.005,30.564],[-82.05,30.361],[-82.049,29.719],[-81.812,29.836],[-81.581,29.84],[-81.605,29.963],[-81.689,30.029],[-81.649,30.228],[-81.684,30.283],[-81.556,30.385],[-81.317,30.396],[-81.38,30.563],[-81.347,30.712],[-81.61,30.716],[-81.939,30.83],[-81.978,30.777],[-82.023,30.788],[-82.05,30.676]]]},"properties":{"id":"FL-04","name":"Florida district 4","state":"FL"},"id":"FL-04"},{"type":"Feature","geometry":{"type":"Polygon","coordinates":[[[-109.047,35.393],[-109.046,35.176],[-108.848,35.177],[-108.856,35.106],[-108.807,35.119],[-108.826,35.075],[-108.763,35.056],[-108.705,35.112],[-108.54,35.122],[-108.539,35.292],[-108.492,35.306],[-107.734,35.305],[-107.734,35.348],[-107.628,35.348],[-107.629,35.304],[-107.239,35.306],[-107.197,35.219],[-106.962,35.218],[-106.976,35.284],[-106.856,35.293],[-106.862,35.357],[-106.718,35.322],[-106.635,35.371],[-106.558,35.324],[-106.395,35.348],[-106.325,35.462],[-106.249,35.443],[-106.245,35.239],[-106.157,35.225],[-106.156,35.142],[-105.98,35.142],[-106.03,35.041],[-105.291,35.042],[-105.291,35.216],[-104.125,35.216],[-104.129,34.605],[-103.949,34.605],[-103.946,34.082],[-103.842,34.082],[-103.842,33.819],[-103.717,33.82],[-103.718,33.704],[-103.771,33.728],[-103.884,33.67],[-104.206,33.644],[-104.349,33.588],[-104.488,33.437],[-104.885,33.369],[-104.905,32.963],[-104.551,32.964],[-104.631,32.828],[-104.518,32.787],[-104.531,32.756],[-104.413,32.785],[-104.413,32.828],[-104.32,32.76],[-104.15,32.8],[-104.108,32.965],[-103.815,32.965],[-103.814,32.77],[-103.351,32.769],[-103.351,32.697],[-103.065,32.727],[-103.042,36.5],[-103.002,36.501],[-103.002,37.0],[-109.045,36.999],[-109.047,35.393]]]},"properties":{"id":"NM-03","name":"New Mexico district 3","state":"NM"},"id":"NM-03"},{"type":"Feature","geometry":{"type":"Polygon","coordinates":[[[-106.981,35.26],[-106.962,35.218],[-106.681,35.197],[-106.727,35.124],[-106.629,35.045],[-106.664,34.947],[-106.38,34.947],[-106.412,34.87],[-106.464,34.87],[-106.465,34.811],[-106.668,34.811],[-106.72,34.872],[-106.748,34.708],[-106.565,34.474],[-106.417,34.44],[-106.416,34.26],[-105.926,34.26],[-105.925,33.826],[-106.053,33.826],[-106.053,33.65],[-106.374,33.661],[-106.372,33.391],[-105.932,33.39],[-105.93,33.218],[-105.749,33.229],[-105.694,33.117],[-105.46,33.024],[-105.484,33.005],[-105.316,33.003],[-105.317,33.132],[-104.905,33.139],[-104.885,33.369],[-104.488,33.437],[-104.349,33.588],[-104.206,33.644],[-103.884,33.67],[-103.771,33.728],[-103.718,33.704],[-103.717,33.82],[-103.842,33.819],[-103.842,34.082],[-103.946,34.082],[-103.949,34.605],[-104.129,34.605],[-104.125,35.216],[-105.291,35.216],[-105.291,35.042],[-106.03,35.041],[-105.98,35.142],[-106.156,35.142],[-106.157,35.225],[-106.245,35.239],[-106.249,35.443],[-106.325,35.462],[-106.395,35.348],[-106.558,35.324],[-106.635,35.371],[-106.718,35.322],[-106.862,35.357],[-106.856,35.293],[-106.981,35.26]]]},"properties":{"id":"NM-01","name":"New Mexico district 1","state":"NM"},"id":"NM-01"},{"type":"Feature","geometry":{"type":"Polygon","coordinates":[[[-109.05,31.528],[-109.05,31.332],[-108.208,31.333],[-108.208,31.784],[-106.528,31.784],[-106.636,31.866],[-106.618,32.0],[-103.065,32.0],[-103.065,32.727],[-103.351,32.697],[-103.351,32.769],[-103.814,32.77],[-103.815,32.965],[-104.108,32.965],[-104.15,32.8],[-104.32,32.76],[-104.413,32.828],[-104.413,32.785],[-104.531,32.756],[-104.518,32.787],[-104.631,32.828],[-104.551,32.964],[-104.905,32.963],[-104.905,33.139],[-105.317,33.132],[-105.316,33.003],[-105.419,32.992],[-105.694,33.117],[-105.749,33.229],[-105.93,33.218],[-105.932,33.39],[-106.372,33.391],[-106.374,33.661],[-106.053,33.65],[-106.053,33.826],[-105.925,33.826],[-105.925,34.217],[-105.926,34.26],[-106.416,34.26],[-106.417,34.44],[-106.565,34.474],[-106.745,34.66],[-106.72,34.872],[-106.668,34.811],[-106.465,34.811],[-106.464,34.87],[-106.412,34.87],[-106.38,34.947],[-106.664,34.947],[-106.629,35.045],[-106.727,35.124],[-106.68,35.194],[-106.723,35.216],[-107.197,35.219],[-107.239,35.306],[-107.629,35.304],[-107.628,35.348],[-107.734,35.348],[-107.734,35.305],[-108.522,35.3],[-108.54,35.122],[-108.706,35.112],[-108.741,35.057],[-108.826,35.075],[-108.807,35.119],[-108.856,35.106],[-108.848,35.177],[-109.046,35.176],[-109.05,31.528]]]},"properties":{"id":"NM-02","name":"New Mexico district 2","state":"NM"},"id":"NM-02"},{"type":"Feature","geometry":{"type":"Polygon","coordinates":[[[-82.709,27.959],[-82.652,27.886],[-82.672,27.645],[-82.514,27.651],[-82.347,27.864],[-82.351,28.012],[-82.542,28.061],[-82.536,28.173],[-82.651,28.173],[-82.648,27.966],[-82.709,27.959]]]},"properties":{"id":"FL-14","name":"Florida district 14","state":"FL"},"id":"FL-14"},{"type":"Feature","geometry":{"type":"Polygon","coordinates":[[[-80.886,26.959],[-80.58,26.958],[-80.363,26.71],[-80.3,26.745],[-80.1,26.707],[-80.132,26.796],[-80.092,26.77],[-80.085,26.808],[-79.975,26.773],[-80.264,27.557],[-80.68,27.559],[-80.677,27.122],[-80.886,26.959]]]},"properties":{"id":"FL-21","name":"Florida district 21","state":"FL"},"id":"FL-21"},{"type":"Feature","geometry":{"type":"Polygon","coordinates":[[[-122.437,47.334],[-122.335,47.257],[-122.229,47.258],[-122.176,47.43],[-122.124,47.437],[-122.164,47.478],[-122.122,47.474],[-122.149,47.503],[-122.097,47.602],[-122.324,47.609],[-122.292,47.489],[-122.351,47.378],[-122.437,47.334]]]},"properties":{"id":"WA-09","name":"Washington district 9","state":"WA"},"id":"WA-09"},{"type":"Feature","geometry":{"type":"Polygon","coordinates":[[[-75.166,39.944],[-74.976,40.048],[-74.965,40.118],[-75.015,40.138],[-75.109,40.046],[-75.139,40.063],[-75.166,39.944]]]},"properties":{"id":"PA-02","name":"Pennsylvania district 2","state":"PA"},"id":"PA-02"},{"type":"Feature","geometry":{"type":"Polygon","coordinates":[[[-92.909,36.809],[-92.765,36.806],[-92.772,36.498],[-90.152,36.498],[-90.139,36.414],[-90.064,36.384],[-90.064,36.303],[-90.378,35.996],[-89.707,36.001],[-89.679,36.085],[-89.592,36.142],[-89.702,36.246],[-89.535,36.253],[-89.62,36.323],[-89.51,36.374],[-89.567,36.565],[-89.48,36.569],[-89.464,36.458],[-89.366,36.625],[-89.219,36.575],[-89.159,36.666],[-89.198,36.74],[-89.117,36.766],[-89.179,36.83],[-89.099,36.958],[-89.185,36.974],[-89.255,37.072],[-89.308,37.068],[-89.279,36.989],[-89.384,37.046],[-89.459,37.249],[-89.518,37.285],[-89.421,37.388],[-89.517,37.537],[-89.476,37.593],[-89.516,37.693],[-89.663,37.75],[-89.67,37.8],[-89.843,37.905],[-89.939,37.874],[-89.975,37.927],[-89.925,37.96],[-90.241,38.11],[-90.364,38.236],[-90.336,38.454],[-90.513,38.501],[-90.492,38.139],[-90.64,38.077],[-90.645,37.735],[-91.147,37.741],[-91.147,37.697],[-91.311,37.7],[-91.308,37.787],[-91.529,37.789],[-91.525,38.152],[-91.631,38.154],[-91.632,38.051],[-91.952,38.041],[-92.021,38.011],[-92.029,37.603],[-92.249,37.605],[-92.252,37.473],[-92.687,37.482],[-92.686,37.067],[-92.903,37.071],[-92.909,36.809]]]},"properties":{"id":"MO-08","name":"Missouri district 8","state":"MO"},"id":"MO-08"},{"type":"Feature","geometry":{"type":"Polygon","coordinates":[[[-97.081,32.68],[-97.053,32.549],[-96.529,32.545],[-96.622,32.618],[-96.563,32.701],[-96.649,32.7],[-96.68,32.763],[-96.854,32.86],[-96.874,32.779],[-96.826,32.781],[-96.864,32.758],[-96.81,32.759],[-96.815,32.708],[-97.005,32.724],[-97.081,32.68]]]},"properties":{"id":"TX-30","name":"Texas district 30","state":"TX"},"id":"TX-30"},{"type":"Feature","geometry":{"type":"Polygon","coordinates":[[[-98.543,29.427],[-98.49,29.395],[-98.485,29.43],[-98.224,29.488],[-98.346,29.517],[-98.348,29.555],[-98.001,29.751],[-97.492,30.21],[-97.555,30.257],[-97.477,30.324],[-97.517,30.396],[-97.611,30.435],[-97.667,30.373],[-97.671,30.309],[-97.884,30.046],[-97.88,29.947],[-97.924,29.895],[-97.985,29.9],[-97.973,29.853],[-98.095,29.699],[-98.33,29.594],[-98.372,29.51],[-98.417,29.545],[-98.414,29.456],[-98.47,29.443],[-98.499,29.486],[-98.543,29.427]]]},"properties":{"id":"TX-35","name":"Texas district 35","state":"TX"},"id":"TX-35"},{"type":"Feature","geometry":{"type":"Polygon","coordinates":[[[-98.064,32.638],[-97.85,32.728],[-97.578,32.61],[-97.603,32.711],[-97.675,32.705],[-97.681,32.786],[-97.58,32.788],[-97.548,32.776],[-97.551,32.555],[-97.365,32.553],[-97.373,32.682],[-97.304,32.753],[-97.401,32.819],[-97.347,32.842],[-97.284,32.765],[-97.178,32.798],[-97.277,32.839],[-97.328,32.991],[-98.056,33.003],[-98.064,32.638]]]},"properties":{"id":"TX-12","name":"Texas district 12","state":"TX"},"id":"TX-12"},{"type":"Feature","geometry":{"type":"Polygon","coordinates":[[[-97.317,32.905],[-97.177,32.794],[-97.022,32.837],[-96.974,32.878],[-97.008,32.921],[-96.959,32.907],[-96.975,32.955],[-96.938,32.913],[-96.871,32.953],[-96.895,32.918],[-96.856,32.918],[-96.815,32.82],[-96.759,32.883],[-96.701,32.864],[-96.736,32.912],[-96.788,32.9],[-96.74,32.978],[-96.856,32.924],[-96.808,32.954],[-96.865,32.985],[-97.299,32.991],[-97.317,32.905]]]},"properties":{"id":"TX-24","name":"Texas district 24","state":"TX"},"id":"TX-24"},{"type":"Feature","geometry":{"type":"Polygon","coordinates":[[[-95.782,30.027],[-95.77,29.949],[-95.701,29.972],[-95.62,29.915],[-95.654,29.908],[-95.62,29.853],[-95.645,29.785],[-95.736,29.785],[-95.73,29.735],[-95.688,29.711],[-95.621,29.771],[-95.411,29.743],[-95.57,29.832],[-95.515,29.925],[-95.585,29.925],[-95.58,29.967],[-95.498,29.988],[-95.526,30.023],[-95.474,30.048],[-95.505,30.14],[-95.749,30.096],[-95.782,30.027]]]},"properties":{"id":"TX-38","name":"Texas district 38","state":"TX"},"id":"TX-38"},{"type":"Feature","geometry":{"type":"Polygon","coordinates":[[[-97.697,30.489],[-97.4,30.368],[-97.369,30.42],[-97.155,30.457],[-96.621,30.731],[-96.567,30.696],[-96.462,30.742],[-96.338,30.921],[-95.975,31.092],[-95.63,31.051],[-95.681,30.987],[-95.616,30.91],[-95.863,30.864],[-95.834,30.658],[-95.578,30.718],[-95.516,30.668],[-95.513,30.706],[-95.339,30.738],[-95.313,30.898],[-95.247,30.904],[-95.2,30.825],[-94.843,31.147],[-94.473,31.026],[-94.13,31.105],[-94.34,31.241],[-94.305,31.571],[-94.395,31.639],[-94.452,31.844],[-94.938,31.846],[-94.978,31.793],[-94.926,31.762],[-94.973,31.739],[-94.954,31.64],[-94.866,31.527],[-95.003,31.426],[-95.101,31.468],[-95.172,31.585],[-95.739,31.504],[-95.736,31.654],[-95.768,31.597],[-95.79,31.649],[-95.955,31.671],[-96.014,31.619],[-96.281,31.641],[-96.333,31.741],[-96.497,31.796],[-96.719,31.815],[-96.932,31.709],[-97.037,31.863],[-97.605,31.588],[-97.343,31.244],[-97.278,31.28],[-97.07,30.986],[-97.259,30.89],[-97.315,30.755],[-97.219,30.61],[-97.375,30.575],[-97.417,30.514],[-97.49,30.518],[-97.483,30.554],[-97.638,30.508],[-97.665,30.567],[-97.697,30.489]]]},"properties":{"id":"TX-17","name":"Texas district 17","state":"TX"},"id":"TX-17"},{"type":"Feature","geometry":{"type":"Polygon","coordinates":[[[-93.768,44.891],[-93.521,44.892],[-93.52,44.802],[-93.379,44.785],[-93.221,44.831],[-93.198,44.862],[-93.319,44.862],[-93.411,44.973],[-93.401,45.066],[-93.281,45.072],[-93.266,45.212],[-93.522,45.247],[-93.64,45.209],[-93.636,45.145],[-93.762,45.081],[-93.768,44.891]]]},"properties":{"id":"MN-03","name":"Minnesota district 3","state":"MN"},"id":"MN-03"},{"type":"Feature","geometry":{"type":"Polygon","coordinates":[[[-95.874,29.23],[-95.842,29.099],[-95.765,29.061],[-95.768,28.97],[-95.655,28.952],[-95.574,28.833],[-95.504,28.838],[-95.496,28.765],[-95.34,28.823],[-95.086,29.068],[-94.65,29.292],[-94.625,29.398],[-94.034,29.625],[-93.814,29.597],[-93.929,29.803],[-93.7,30.057],[-93.734,30.086],[-93.688,30.141],[-93.703,30.24],[-94.118,30.242],[-94.074,30.112],[-94.116,30.058],[-94.212,30.076],[-94.204,29.983],[-94.358,29.89],[-94.354,29.611],[-94.423,29.566],[-94.793,29.551],[-94.911,29.496],[-95.059,29.559],[-95.162,29.497],[-95.201,29.563],[-95.233,29.466],[-95.192,29.4],[-95.423,29.352],[-95.421,29.317],[-95.605,29.331],[-95.655,29.291],[-95.753,29.325],[-95.874,29.23]]]},"properties":{"id":"TX-14","name":"Texas district 14","state":"TX"},"id":"TX-14"},{"type":"Feature","geometry":{"type":"MultiPolygon","coordinates":[[[[-84.82,39.157],[-84.82,39.105],[-84.75,39.148],[-84.608,39.119],[-84.58,39.205],[-84.494,39.2],[-84.353,39.292],[-84.332,39.549],[-84.479,39.591],[-84.486,39.918],[-84.275,39.922],[-84.273,39.995],[-84.183,40.019],[-84.296,40.023],[-84.298,40.096],[-84.43,40.094],[-84.435,40.354],[-84.804,40.353],[-84.82,39.157]]],[[[-84.256,40.024],[-84.254,40.022],[-84.242,40.023],[-84.256,40.024]]]]},"properties":{"id":"OH-08","name":"Ohio district 8","state":"OH"},"id":"OH-08"},{"type":"Feature","geometry":{"type":"Polygon","coordinates":[[[-122.218,37.632],[-122.117,37.507],[-122.038,37.564],[-121.88,37.521],[-121.87,37.481],[-121.469,37.489],[-121.557,37.543],[-121.557,37.816],[-121.851,37.745],[-121.833,37.701],[-122.178,37.816],[-122.123,37.699],[-122.218,37.632]]]},"properties":{"id":"CA-14","name":"California district 14","state":"CA"},"id":"CA-14"},{"type":"Feature","geometry":{"type":"Polygon","coordinates":[[[-77.997,43.137],[-77.906,43.134],[-77.951,43.04],[-77.904,43.037],[-77.91,42.988],[-77.37,42.913],[-77.388,43.632],[-77.994,43.631],[-77.997,43.137]]]},"properties":{"id":"NY-25","name":"New York district 25","state":"NY"},"id":"NY-25"},{"type":"Feature","geometry":{"type":"Polygon","coordinates":[[[-118.142,33.704],[-117.751,33.419],[-117.719,33.549],[-117.756,33.61],[-117.678,33.685],[-117.738,33.712],[-117.701,33.74],[-117.759,33.774],[-117.808,33.695],[-117.98,33.687],[-117.981,33.73],[-118.093,33.786],[-118.142,33.704]]]},"properties":{"id":"CA-47","name":"California district 47","state":"CA"},"id":"CA-47"},{"type":"Feature","geometry":{"type":"Polygon","coordinates":[[[-87.531,40.148],[-87.407,40.128],[-87.386,40.186],[-87.205,40.186],[-87.205,40.054],[-87.091,40.039],[-87.092,39.867],[-87.009,39.867],[-87.015,39.474],[-86.632,39.47],[-86.631,39.341],[-86.252,39.342],[-86.25,39.634],[-86.326,39.632],[-86.328,39.866],[-86.326,39.924],[-86.241,39.926],[-86.236,40.417],[-86.376,40.432],[-86.374,40.561],[-86.35,40.634],[-86.279,40.664],[-86.279,40.755],[-86.354,40.761],[-86.365,40.823],[-86.468,40.823],[-86.468,40.91],[-86.931,40.912],[-86.93,41.237],[-87.131,41.286],[-87.394,41.163],[-87.527,41.166],[-87.531,40.148]]]},"properties":{"id":"IN-04","name":"Indiana district 4","state":"IN"},"id":"IN-04"},{"type":"Feature","geometry":{"type":"Polygon","coordinates":[[[-81.688,40.991],[-81.648,40.989],[-81.648,40.737],[-81.533,40.723],[-81.493,40.821],[-81.425,40.818],[-81.429,40.744],[-81.35,40.787],[-81.289,40.766],[-81.344,40.788],[-81.3,40.989],[-81.374,40.996],[-81.393,41.061],[-81.392,41.348],[-81.598,41.351],[-81.563,41.279],[-81.685,41.277],[-81.688,40.991]]]},"properties":{"id":"OH-13","name":"Ohio district 13","state":"OH"},"id":"OH-13"},{"type":"Feature","geometry":{"type":"Polygon","coordinates":[[[-97.402,32.814],[-97.307,32.767],[-97.373,32.682],[-97.321,32.667],[-97.309,32.603],[-97.219,32.727],[-97.11,32.791],[-97.035,32.78],[-97.002,32.857],[-96.909,32.908],[-96.904,32.805],[-96.963,32.815],[-96.919,32.786],[-96.995,32.778],[-96.993,32.732],[-97.063,32.736],[-97.081,32.692],[-96.811,32.713],[-96.81,32.759],[-96.864,32.758],[-96.826,32.781],[-96.874,32.779],[-96.842,32.83],[-96.89,32.964],[-96.938,32.913],[-96.992,32.948],[-96.974,32.878],[-97.179,32.78],[-97.284,32.765],[-97.347,32.842],[-97.402,32.814]]]},"properties":{"id":"TX-33","name":"Texas district 33","state":"TX"},"id":"TX-33"},{"type":"Feature","geometry":{"type":"Polygon","coordinates":[[[-84.806,41.675],[-84.804,41.253],[-84.457,41.253],[-84.457,41.209],[-84.342,41.209],[-84.342,41.166],[-84.228,41.166],[-84.227,41.252],[-84.228,41.428],[-84.342,41.428],[-84.339,41.486],[-83.883,41.488],[-83.862,41.414],[-83.696,41.522],[-83.647,41.478],[-83.415,41.515],[-83.42,41.254],[-82.342,41.284],[-82.348,41.7],[-82.681,41.676],[-83.069,41.864],[-83.112,41.959],[-83.416,41.734],[-84.806,41.675]]]},"properties":{"id":"OH-09","name":"Ohio district 9","state":"OH"},"id":"OH-09"},{"type":"Feature","geometry":{"type":"Polygon","coordinates":[[[-84.712,39.131],[-84.618,39.073],[-84.459,39.121],[-84.426,39.053],[-84.32,39.022],[-84.294,39.249],[-84.007,39.255],[-83.977,39.569],[-84.365,39.589],[-84.332,39.549],[-84.353,39.292],[-84.494,39.2],[-84.58,39.205],[-84.608,39.119],[-84.712,39.131]]]},"properties":{"id":"OH-01","name":"Ohio district 1","state":"OH"},"id":"OH-01"},{"type":"Feature","geometry":{"type":"Polygon","coordinates":[[[-81.495,42.096],[-81.488,41.57],[-81.391,41.57],[-81.374,40.996],[-81.002,40.988],[-81.002,41.134],[-80.519,41.133],[-80.52,42.327],[-81.25,42.216],[-81.495,42.096]]]},"properties":{"id":"OH-14","name":"Ohio district 14","state":"OH"},"id":"OH-14"},{"type":"Feature","geometry":{"type":"Polygon","coordinates":[[[-84.804,40.403],[-84.804,40.353],[-84.432,40.354],[-84.456,40.685],[-84.397,40.685],[-84.397,40.816],[-84.34,40.816],[-84.341,40.859],[-84.11,40.861],[-84.11,40.905],[-83.88,40.92],[-83.88,40.82],[-83.399,40.818],[-83.42,40.73],[-83.305,40.702],[-82.727,40.711],[-82.725,40.996],[-82.433,40.993],[-82.437,41.065],[-82.171,41.064],[-82.17,41.137],[-82.074,41.136],[-82.072,41.2],[-81.974,41.2],[-81.972,41.275],[-81.878,41.275],[-81.877,41.351],[-81.971,41.351],[-81.971,41.878],[-82.348,41.7],[-82.342,41.284],[-83.42,41.254],[-83.415,41.515],[-83.647,41.478],[-83.696,41.522],[-83.854,41.414],[-83.883,41.488],[-84.342,41.486],[-84.342,41.428],[-84.228,41.428],[-84.228,41.166],[-84.457,41.209],[-84.457,41.253],[-84.804,41.253],[-84.804,40.403]]]},"properties":{"id":"OH-05","name":"Ohio district 5","state":"OH"},"id":"OH-05"},{"type":"Feature","geometry":{"type":"Polygon","coordinates":[[[-82.946,40.148],[-82.762,40.126],[-82.843,39.561],[-82.62,39.564],[-82.618,39.609],[-82.496,39.603],[-82.49,39.662],[-82.159,39.557],[-82.167,39.466],[-82.28,39.473],[-82.268,39.204],[-81.74,39.19],[-81.722,39.27],[-81.818,39.273],[-81.853,39.318],[-81.845,39.45],[-81.823,39.494],[-81.709,39.481],[-81.714,39.585],[-81.588,39.587],[-81.64,39.753],[-81.697,39.755],[-81.694,39.843],[-81.58,39.839],[-81.579,39.898],[-81.464,39.895],[-81.386,39.951],[-81.234,39.951],[-81.226,40.17],[-81.34,40.172],[-81.335,40.304],[-81.274,40.333],[-81.566,40.427],[-81.563,40.478],[-81.474,40.488],[-81.509,40.65],[-81.649,40.635],[-81.649,40.668],[-81.784,40.668],[-81.849,40.595],[-82.643,40.55],[-82.647,40.345],[-82.93,40.358],[-82.946,40.148]]]},"properties":{"id":"OH-12","name":"Ohio district 12","state":"OH"},"id":"OH-12"},{"type":"Feature","geometry":{"type":"Polygon","coordinates":[[[-81.853,39.318],[-81.701,39.221],[-81.678,39.274],[-81.57,39.268],[-81.558,39.339],[-81.468,39.404],[-81.376,39.342],[-81.219,39.387],[-80.88,39.621],[-80.83,39.712],[-80.869,39.766],[-80.791,39.867],[-80.807,39.916],[-80.756,39.913],[-80.738,40.079],[-80.6,40.318],[-80.633,40.391],[-80.595,40.475],[-80.668,40.584],[-80.519,40.639],[-80.519,41.133],[-81.002,41.134],[-81.002,40.988],[-81.3,40.989],[-81.344,40.788],[-81.293,40.762],[-81.35,40.787],[-81.429,40.744],[-81.425,40.818],[-81.493,40.821],[-81.533,40.723],[-81.648,40.737],[-81.649,40.635],[-81.509,40.65],[-81.474,40.488],[-81.563,40.478],[-81.566,40.427],[-81.274,40.333],[-81.335,40.304],[-81.34,40.172],[-81.226,40.17],[-81.234,39.951],[-81.386,39.951],[-81.464,39.895],[-81.579,39.898],[-81.58,39.839],[-81.694,39.843],[-81.697,39.755],[-81.64,39.753],[-81.588,39.587],[-81.716,39.583],[-81.709,39.481],[-81.823,39.494],[-81.853,39.318]]]},"properties":{"id":"OH-06","name":"Ohio district 6","state":"OH"},"id":"OH-06"},{"type":"Feature","geometry":{"type":"Polygon","coordinates":[[[-84.436,40.181],[-84.43,40.094],[-84.298,40.096],[-84.296,40.023],[-84.184,40.024],[-84.273,39.995],[-84.275,39.922],[-84.158,39.923],[-84.157,39.886],[-84.054,39.851],[-83.931,39.847],[-83.957,39.867],[-83.821,39.983],[-83.701,39.948],[-83.72,39.78],[-83.648,39.775],[-83.67,39.55],[-83.576,39.545],[-83.588,39.415],[-83.447,39.473],[-83.372,39.378],[-83.267,39.516],[-83.244,39.813],[-82.802,39.823],[-82.811,39.932],[-82.961,39.901],[-82.99,39.98],[-83.086,40.008],[-83.064,40.138],[-83.504,40.111],[-83.516,40.011],[-84.036,40.04],[-84.01,40.318],[-84.208,40.316],[-84.236,40.356],[-84.264,40.301],[-84.435,40.325],[-84.436,40.181]],[[-84.256,40.024],[-84.242,40.024],[-84.242,40.023],[-84.256,40.024]]]},"properties":{"id":"OH-15","name":"Ohio district 15","state":"OH"},"id":"OH-15"},{"type":"Feature","geometry":{"type":"Polygon","coordinates":[[[-84.456,40.677],[-84.435,40.325],[-84.264,40.301],[-84.236,40.356],[-84.208,40.316],[-84.01,40.318],[-84.036,40.04],[-83.516,40.011],[-83.504,40.111],[-82.884,40.131],[-82.946,40.146],[-82.93,40.358],[-82.647,40.345],[-82.643,40.55],[-82.22,40.568],[-82.221,40.667],[-82.126,40.668],[-82.129,40.992],[-82.173,40.992],[-82.171,41.064],[-82.327,41.066],[-82.437,41.065],[-82.433,40.993],[-82.725,40.996],[-82.727,40.711],[-83.305,40.702],[-83.42,40.73],[-83.399,40.818],[-83.88,40.82],[-83.88,40.92],[-83.995,40.92],[-84.11,40.905],[-84.11,40.861],[-84.341,40.859],[-84.34,40.816],[-84.397,40.816],[-84.397,40.685],[-84.456,40.677]]]},"properties":{"id":"OH-04","name":"Ohio district 4","state":"OH"},"id":"OH-04"},{"type":"Feature","geometry":{"type":"Polygon","coordinates":[[[-84.32,39.223],[-84.276,39.202],[-84.32,39.022],[-84.212,38.805],[-83.869,38.761],[-83.769,38.655],[-83.668,38.626],[-83.513,38.702],[-83.294,38.597],[-83.153,38.619],[-83.03,38.726],[-82.89,38.756],[-82.842,38.589],[-82.698,38.544],[-82.571,38.405],[-82.33,38.444],[-82.291,38.579],[-82.177,38.604],[-82.222,38.787],[-82.038,39.024],[-81.933,38.988],[-81.9,38.875],[-81.827,38.946],[-81.756,38.934],[-81.814,39.073],[-81.746,39.097],[-81.756,39.18],[-82.269,39.204],[-82.28,39.473],[-82.167,39.466],[-82.159,39.557],[-82.49,39.662],[-82.496,39.603],[-82.618,39.609],[-82.62,39.564],[-82.843,39.561],[-82.824,39.795],[-83.244,39.813],[-83.267,39.516],[-83.373,39.377],[-83.447,39.473],[-83.588,39.415],[-83.576,39.545],[-83.977,39.569],[-84.007,39.255],[-84.259,39.271],[-84.32,39.223]]]},"properties":{"id":"OH-02","name":"Ohio district 2","state":"OH"},"id":"OH-02"},{"type":"Feature","geometry":{"type":"Polygon","coordinates":[[[-84.485,39.918],[-84.479,39.591],[-83.67,39.55],[-83.647,39.773],[-83.72,39.78],[-83.701,39.948],[-83.777,39.952],[-83.76,39.977],[-83.893,39.944],[-83.94,39.843],[-84.157,39.886],[-84.158,39.923],[-84.485,39.918]]]},"properties":{"id":"OH-10","name":"Ohio district 10","state":"OH"},"id":"OH-10"},{"type":"Feature","geometry":{"type":"Polygon","coordinates":[[[-82.221,40.667],[-82.22,40.595],[-82.113,40.593],[-81.849,40.595],[-81.784,40.668],[-81.649,40.668],[-81.685,41.277],[-81.563,41.279],[-81.598,41.351],[-81.392,41.348],[-81.392,41.431],[-81.537,41.373],[-81.734,41.419],[-81.739,41.463],[-81.875,41.391],[-81.822,41.477],[-81.968,41.511],[-81.971,41.351],[-81.877,41.351],[-81.878,41.275],[-81.972,41.275],[-81.974,41.2],[-82.072,41.2],[-82.074,41.136],[-82.17,41.137],[-82.126,40.668],[-82.221,40.667]]]},"properties":{"id":"OH-07","name":"Ohio district 7","state":"OH"},"id":"OH-07"},{"type":"Feature","geometry":{"type":"Polygon","coordinates":[[[-81.971,41.878],[-81.968,41.511],[-81.816,41.466],[-81.875,41.391],[-81.739,41.463],[-81.734,41.419],[-81.537,41.373],[-81.495,41.373],[-81.488,41.424],[-81.375,41.424],[-81.391,41.57],[-81.488,41.57],[-81.495,42.096],[-81.971,41.878]]]},"properties":{"id":"OH-11","name":"Ohio district 11","state":"OH"},"id":"OH-11"},{"type":"Feature","geometry":{"type":"Polygon","coordinates":[[[-116.049,48.001],[-115.852,47.828],[-115.832,47.756],[-115.723,47.695],[-115.688,47.595],[-115.756,47.548],[-115.629,47.48],[-115.759,47.423],[-115.578,47.367],[-115.482,47.281],[-115.32,47.257],[-115.301,47.188],[-115.144,47.102],[-115.049,46.97],[-114.925,46.919],[-114.948,46.86],[-114.895,46.802],[-114.787,46.783],[-114.767,46.697],[-114.665,46.739],[-114.606,46.636],[-114.322,46.649],[-114.343,46.518],[-114.403,46.499],[-114.368,46.437],[-114.422,46.387],[-114.425,46.288],[-114.471,46.266],[-114.444,46.169],[-114.527,46.145],[-114.46,46.098],[-114.508,46.031],[-114.412,45.978],[-114.388,45.884],[-114.51,45.845],[-114.566,45.773],[-114.495,45.704],[-114.564,45.638],[-114.565,45.558],[-114.456,45.562],[-114.33,45.46],[-114.248,45.546],[-114.086,45.591],[-114.015,45.696],[-113.935,45.694],[-113.905,45.622],[-113.806,45.602],[-113.835,45.521],[-113.766,45.521],[-113.776,45.408],[-113.692,45.263],[-113.452,45.059],[-113.479,44.895],[-113.341,44.785],[-113.247,44.823],[-113.131,44.773],[-113.051,44.635],[-113.088,44.6],[-112.98,44.434],[-112.845,44.358],[-112.781,44.485],[-112.387,44.447],[-112.353,44.538],[-112.257,44.572],[-112.106,44.521],[-111.869,44.567],[-111.822,44.509],[-111.703,44.56],[-111.468,44.539],[-111.516,44.644],[-111.385,44.755],[-111.219,44.623],[-111.228,44.577],[-111.052,44.478],[-111.038,45.351],[-110.918,45.351],[-110.919,45.525],[-110.795,45.591],[-110.784,46.193],[-111.347,46.188],[-111.419,45.997],[-111.705,45.796],[-112.038,45.858],[-112.185,45.747],[-112.415,45.837],[-112.505,46.184],[-112.577,46.178],[-112.598,46.237],[-112.533,46.335],[-112.454,46.329],[-112.313,46.418],[-112.298,46.626],[-112.411,46.656],[-112.411,46.7],[-112.536,46.699],[-112.536,46.834],[-112.796,46.832],[-112.796,47.177],[-113.059,47.18],[-113.059,47.489],[-113.118,47.498],[-113.166,47.728],[-113.061,47.788],[-113.087,47.918],[-112.879,47.976],[-113.015,48.131],[-112.264,48.131],[-112.269,48.199],[-112.135,48.253],[-112.006,48.221],[-112.099,48.337],[-112.343,48.357],[-112.229,48.482],[-112.061,48.443],[-112.185,48.478],[-112.193,48.999],[-116.049,49.001],[-116.049,48.001]]]},"properties":{"id":"MT-01","name":"Montana district 1","state":"MT"},"id":"MT-01"},{"type":"Feature","geometry":{"type":"Polygon","coordinates":[[[-113.166,47.721],[-113.115,47.491],[-113.059,47.489],[-113.059,47.18],[-112.796,47.177],[-112.796,46.832],[-112.536,46.834],[-112.536,46.699],[-112.411,46.7],[-112.411,46.656],[-112.298,46.626],[-112.313,46.418],[-112.454,46.329],[-112.533,46.335],[-112.598,46.237],[-112.577,46.178],[-112.505,46.184],[-112.404,45.888],[-112.426,45.843],[-112.185,45.747],[-112.038,45.858],[-111.705,45.796],[-111.419,45.997],[-111.347,46.188],[-110.784,46.193],[-110.795,45.591],[-110.919,45.525],[-110.918,45.351],[-111.038,45.351],[-111.045,45.001],[-104.04,44.998],[-104.049,49.0],[-112.193,48.999],[-112.185,48.478],[-112.061,48.443],[-112.229,48.482],[-112.343,48.357],[-112.099,48.337],[-112.006,48.221],[-112.135,48.253],[-112.269,48.199],[-112.264,48.131],[-113.015,48.131],[-112.879,47.976],[-113.087,47.918],[-113.061,47.788],[-113.166,47.721]]]},"properties":{"id":"MT-02","name":"Montana district 2","state":"MT"},"id":"MT-02"},{"type":"Feature","geometry":{"type":"Polygon","coordinates":[[[-96.453,43.609],[-96.453,43.5],[-91.217,43.511],[-91.269,43.617],[-91.244,43.775],[-91.432,43.997],[-91.592,44.031],[-91.875,44.201],[-91.967,44.364],[-92.231,44.444],[-92.336,44.554],[-92.549,44.568],[-92.732,44.714],[-92.793,44.543],[-93.039,44.516],[-93.084,44.385],[-93.403,44.371],[-93.405,44.196],[-94.021,44.24],[-93.933,44.344],[-93.966,44.39],[-93.935,44.457],[-94.789,44.456],[-94.866,44.498],[-94.866,44.34],[-94.746,44.297],[-94.739,44.152],[-94.738,44.109],[-94.86,44.108],[-94.859,43.848],[-96.453,43.85],[-96.453,43.609]]]},"properties":{"id":"MN-01","name":"Minnesota district 1","state":"MN"},"id":"MN-01"},{"type":"Feature","geometry":{"type":"Polygon","coordinates":[[[-96.068,47.485],[-96.066,46.977],[-94.917,46.978],[-94.918,47.065],[-94.791,47.064],[-94.791,46.986],[-94.664,47.035],[-94.66,46.804],[-94.787,46.804],[-94.779,46.394],[-94.541,46.304],[-94.429,46.333],[-94.351,46.295],[-94.394,46.229],[-94.375,46.157],[-93.81,46.157],[-93.759,45.56],[-93.511,45.559],[-93.51,45.415],[-93.02,45.412],[-93.021,45.124],[-92.864,45.124],[-92.835,45.074],[-92.741,45.113],[-92.762,45.288],[-92.647,45.44],[-92.746,45.553],[-92.884,45.575],[-92.869,45.718],[-92.785,45.764],[-92.708,45.895],[-92.429,46.024],[-92.352,46.016],[-92.294,46.074],[-92.291,46.668],[-92.207,46.652],[-92.205,46.704],[-92.117,46.749],[-92.02,46.704],[-90.655,47.31],[-89.957,47.291],[-89.483,48.014],[-89.895,47.987],[-90.141,48.113],[-90.752,48.091],[-90.839,48.24],[-90.886,48.246],[-91.267,48.079],[-91.568,48.044],[-91.559,48.109],[-91.712,48.115],[-91.715,48.2],[-91.958,48.233],[-92.055,48.359],[-92.263,48.355],[-92.306,48.316],[-92.27,48.248],[-92.37,48.22],[-92.47,48.352],[-92.456,48.414],[-92.713,48.463],[-92.627,48.503],[-92.635,48.543],[-92.955,48.632],[-93.255,48.643],[-93.465,48.592],[-93.467,48.546],[-93.793,48.516],[-93.844,48.63],[-94.224,48.649],[-94.291,48.708],[-94.452,48.692],[-94.641,48.741],[-94.694,48.789],[-94.683,48.884],[-94.816,49.321],[-95.153,49.384],[-95.153,48.999],[-95.327,48.978],[-95.255,48.884],[-95.091,48.921],[-95.09,48.713],[-95.343,48.713],[-95.343,48.54],[-95.602,48.539],[-95.554,47.5],[-96.068,47.485]]]},"properties":{"id":"MN-08","name":"Minnesota district 8","state":"MN"},"id":"MN-08"},{"type":"Feature","geometry":{"type":"Polygon","coordinates":[[[-93.411,44.973],[-93.319,44.862],[-93.179,44.88],[-93.228,45.125],[-93.296,45.122],[-93.281,45.072],[-93.401,45.066],[-93.411,44.973]]]},"properties":{"id":"MN-05","name":"Minnesota district 5","state":"MN"},"id":"MN-05"},{"type":"Feature","geometry":{"type":"Polygon","coordinates":[[[-93.228,45.116],[-93.179,44.888],[-93.091,44.923],[-92.764,44.872],[-92.762,45.024],[-92.813,45.1],[-93.228,45.116]]]},"properties":{"id":"MN-04","name":"Minnesota district 4","state":"MN"},"id":"MN-04"},{"type":"Feature","geometry":{"type":"Polygon","coordinates":[[[-94.025,44.257],[-93.768,44.239],[-93.768,44.196],[-93.405,44.196],[-93.403,44.371],[-93.121,44.37],[-93.04,44.429],[-93.039,44.516],[-92.793,44.543],[-92.793,44.63],[-92.732,44.629],[-92.732,44.714],[-92.808,44.752],[-92.77,44.862],[-93.096,44.923],[-93.305,44.795],[-93.579,44.794],[-93.629,44.698],[-93.902,44.588],[-93.887,44.505],[-93.966,44.391],[-93.933,44.344],[-94.025,44.257]]]},"properties":{"id":"MN-02","name":"Minnesota district 2","state":"MN"},"id":"MN-02"},{"type":"Feature","geometry":{"type":"Polygon","coordinates":[[[-97.239,48.968],[-97.09,48.684],[-97.175,48.562],[-97.127,48.52],[-97.163,48.478],[-97.128,48.474],[-97.163,48.393],[-97.112,48.296],[-97.147,48.142],[-96.851,47.599],[-96.84,47.007],[-96.753,46.924],[-96.803,46.812],[-96.798,46.629],[-96.722,46.44],[-96.599,46.33],[-96.554,46.084],[-96.581,45.823],[-96.857,45.605],[-96.693,45.417],[-96.522,45.376],[-96.453,45.301],[-96.453,43.85],[-94.859,43.848],[-94.86,44.108],[-94.738,44.109],[-94.739,44.152],[-94.746,44.297],[-94.866,44.34],[-94.866,44.498],[-94.789,44.456],[-93.933,44.457],[-93.887,44.505],[-93.902,44.588],[-93.764,44.634],[-93.768,44.674],[-93.889,44.673],[-93.889,44.717],[-94.01,44.717],[-94.012,44.979],[-94.256,44.979],[-94.261,45.356],[-94.221,45.356],[-94.22,45.407],[-94.384,45.428],[-94.385,45.5],[-94.506,45.5],[-94.506,45.586],[-94.317,45.59],[-94.264,45.674],[-94.183,45.677],[-94.353,45.822],[-93.764,45.822],[-93.769,45.983],[-93.81,45.983],[-93.81,46.157],[-94.375,46.157],[-94.394,46.229],[-94.351,46.295],[-94.429,46.333],[-94.541,46.304],[-94.779,46.394],[-94.787,46.804],[-94.66,46.804],[-94.664,47.035],[-94.791,46.986],[-94.791,47.064],[-94.918,47.065],[-94.917,46.978],[-96.066,46.977],[-96.068,47.499],[-95.554,47.5],[-95.602,48.539],[-95.343,48.54],[-95.343,48.713],[-95.09,48.713],[-95.091,48.921],[-95.255,48.884],[-95.32,48.929],[-95.32,48.999],[-97.229,49.0],[-97.239,48.968]]]},"properties":{"id":"MN-07","name":"Minnesota district 7","state":"MN"},"id":"MN-07"},{"type":"Feature","geometry":{"type":"Polygon","coordinates":[[[-98.586,26.258],[-98.483,26.201],[-98.444,26.224],[-98.304,26.102],[-98.146,26.049],[-98.075,26.067],[-98.066,26.158],[-98.108,26.202],[-98.129,26.129],[-98.137,26.174],[-98.18,26.121],[-98.163,26.217],[-98.213,26.253],[-98.159,26.245],[-98.155,26.3],[-97.862,26.348],[-97.862,26.434],[-98.004,26.449],[-97.957,26.612],[-97.986,27.26],[-98.058,27.261],[-98.06,27.636],[-97.942,27.636],[-97.934,27.885],[-97.789,28.014],[-97.901,28.068],[-97.904,28.114],[-97.809,28.183],[-98.09,28.663],[-97.915,28.72],[-97.779,28.668],[-97.575,28.813],[-97.755,29.007],[-97.613,29.11],[-97.859,29.353],[-97.631,29.653],[-97.763,29.713],[-97.864,29.856],[-98.092,29.683],[-98.027,29.621],[-98.072,29.541],[-98.043,29.487],[-98.074,29.438],[-98.137,29.44],[-98.407,29.114],[-98.098,28.787],[-98.335,28.613],[-98.334,28.058],[-98.235,28.058],[-98.232,27.262],[-98.537,27.265],[-98.493,27.235],[-98.467,27.055],[-98.418,27.055],[-98.423,26.784],[-98.321,26.783],[-98.586,26.258]]]},"properties":{"id":"TX-15","name":"Texas district 15","state":"TX"},"id":"TX-15"},{"type":"Feature","geometry":{"type":"Polygon","coordinates":[[[-95.483,29.937],[-95.36,29.772],[-95.309,29.909],[-95.245,29.921],[-95.254,29.73],[-95.288,29.788],[-95.344,29.737],[-95.243,29.641],[-95.297,29.597],[-95.191,29.592],[-95.19,29.769],[-95.128,29.835],[-95.185,29.843],[-95.202,29.928],[-95.285,29.966],[-95.483,29.937]]]},"properties":{"id":"TX-29","name":"Texas district 29","state":"TX"},"id":"TX-29"},{"type":"Feature","geometry":{"type":"Polygon","coordinates":[[[-98.171,30.359],[-98.011,30.24],[-97.862,30.354],[-97.786,30.294],[-97.808,30.38],[-97.914,30.385],[-97.759,30.501],[-97.517,30.396],[-97.477,30.324],[-97.555,30.256],[-97.424,30.188],[-97.453,30.15],[-97.38,30.183],[-97.32,30.105],[-97.346,30.076],[-97.288,30.068],[-97.291,30.104],[-97.165,30.033],[-97.194,29.897],[-97.318,29.785],[-97.143,29.628],[-96.847,29.621],[-96.561,29.335],[-96.64,29.248],[-96.349,29.406],[-96.308,29.515],[-96.176,29.633],[-96.025,29.603],[-96.017,29.667],[-96.06,29.676],[-96.016,29.681],[-96.033,29.728],[-95.826,29.789],[-95.961,30.163],[-95.803,30.09],[-95.863,30.864],[-95.616,30.91],[-95.681,30.987],[-95.63,31.051],[-95.764,31.094],[-96.046,31.069],[-96.338,30.921],[-96.462,30.742],[-96.567,30.696],[-96.621,30.731],[-97.155,30.457],[-97.369,30.42],[-97.4,30.368],[-97.583,30.467],[-97.662,30.449],[-97.709,30.521],[-97.847,30.473],[-97.917,30.605],[-98.05,30.624],[-98.171,30.359]]]},"properties":{"id":"TX-10","name":"Texas district 10","state":"TX"},"id":"TX-10"},{"type":"Feature","geometry":{"type":"Polygon","coordinates":[[[-95.601,30.175],[-95.596,30.134],[-95.505,30.14],[-95.498,29.988],[-95.451,30.038],[-95.212,29.999],[-95.185,29.844],[-95.128,29.836],[-95.157,29.772],[-95.01,29.772],[-95.003,29.842],[-95.062,29.889],[-94.986,29.973],[-95.031,29.993],[-95.166,30.345],[-95.319,30.332],[-95.303,30.23],[-95.399,30.306],[-95.601,30.175]]]},"properties":{"id":"TX-02","name":"Texas district 2","state":"TX"},"id":"TX-02"},{"type":"Feature","geometry":{"type":"Polygon","coordinates":[[[-96.64,29.248],[-96.309,28.963],[-96.395,28.28],[-96.182,28.452],[-95.496,28.765],[-95.504,28.838],[-95.574,28.833],[-95.655,28.952],[-95.769,28.971],[-95.765,29.061],[-95.842,29.099],[-95.874,29.23],[-95.753,29.325],[-95.655,29.291],[-95.605,29.331],[-95.421,29.317],[-95.423,29.352],[-95.192,29.4],[-95.233,29.466],[-95.215,29.557],[-95.384,29.587],[-95.306,29.56],[-95.314,29.516],[-95.551,29.438],[-95.463,29.508],[-95.527,29.511],[-95.597,29.661],[-95.651,29.627],[-95.607,29.601],[-95.622,29.539],[-95.747,29.546],[-95.68,29.641],[-95.775,29.701],[-95.687,29.71],[-95.793,29.817],[-96.033,29.728],[-96.016,29.681],[-96.06,29.676],[-96.017,29.667],[-96.025,29.603],[-96.176,29.633],[-96.308,29.515],[-96.349,29.406],[-96.64,29.248]]]},"properties":{"id":"TX-22","name":"Texas district 22","state":"TX"},"id":"TX-22"},{"type":"Feature","geometry":{"type":"Polygon","coordinates":[[[-100.064,29.711],[-100.014,29.623],[-98.984,29.623],[-98.973,29.552],[-98.779,29.72],[-98.55,29.761],[-98.443,29.733],[-98.45,29.658],[-98.492,29.661],[-98.562,29.531],[-98.464,29.517],[-98.492,29.468],[-98.443,29.44],[-98.417,29.545],[-98.372,29.51],[-98.33,29.594],[-98.096,29.698],[-97.973,29.853],[-97.985,29.9],[-97.912,29.906],[-97.884,30.046],[-97.814,30.099],[-97.929,30.187],[-97.894,30.25],[-97.811,30.244],[-97.91,30.307],[-98.011,30.24],[-98.173,30.356],[-98.126,30.426],[-98.411,30.502],[-99.304,30.5],[-99.302,30.287],[-99.754,30.291],[-99.758,30.074],[-99.968,30.082],[-100.025,29.728],[-100.064,29.711]]]},"properties":{"id":"TX-21","name":"Texas district 21","state":"TX"},"id":"TX-21"},{"type":"Feature","geometry":{"type":"Polygon","coordinates":[[[-94.506,45.586],[-94.506,45.5],[-94.385,45.5],[-94.384,45.428],[-94.22,45.407],[-94.221,45.356],[-94.261,45.356],[-94.256,44.979],[-94.012,44.979],[-94.01,44.717],[-93.889,44.717],[-93.889,44.673],[-93.768,44.674],[-93.755,44.636],[-93.52,44.805],[-93.521,44.892],[-93.768,44.891],[-93.762,45.081],[-93.636,45.145],[-93.639,45.21],[-93.389,45.241],[-93.266,45.212],[-93.267,45.125],[-93.021,45.124],[-93.02,45.412],[-93.51,45.415],[-93.511,45.559],[-93.759,45.56],[-93.764,45.822],[-94.353,45.822],[-94.183,45.677],[-94.264,45.674],[-94.317,45.59],[-94.506,45.586]]]},"properties":{"id":"MN-06","name":"Minnesota district 6","state":"MN"},"id":"MN-06"},{"type":"Feature","geometry":{"type":"Polygon","coordinates":[[[-106.514,32.001],[-106.496,31.912],[-106.371,31.927],[-106.421,31.828],[-106.34,31.866],[-106.2,31.816],[-106.199,31.712],[-106.145,31.68],[-106.198,31.609],[-106.163,31.597],[-106.338,31.671],[-106.207,31.467],[-105.954,31.365],[-105.773,31.167],[-105.604,31.084],[-105.396,30.849],[-105.215,30.806],[-104.923,30.604],[-104.859,30.39],[-104.706,30.235],[-104.683,29.929],[-104.536,29.667],[-104.381,29.543],[-104.21,29.482],[-104.167,29.395],[-104.037,29.32],[-103.784,29.265],[-103.719,29.181],[-103.554,29.158],[-103.287,28.978],[-103.154,28.972],[-102.996,29.179],[-102.867,29.224],[-102.906,29.26],[-102.884,29.348],[-102.812,29.401],[-102.808,29.523],[-102.674,29.745],[-102.487,29.787],[-102.387,29.761],[-102.316,29.88],[-102.073,29.786],[-101.818,29.812],[-101.645,29.754],[-101.544,29.812],[-101.536,29.759],[-101.401,29.77],[-101.361,29.65],[-101.303,29.65],[-101.306,29.578],[-101.25,29.624],[-101.255,29.52],[-101.06,29.459],[-101.01,29.368],[-100.814,29.263],[-100.773,29.168],[-100.675,29.101],[-100.641,28.914],[-100.535,28.805],[-100.5,28.662],[-100.334,28.499],[-100.368,28.479],[-100.348,28.398],[-100.212,28.197],[-99.394,28.205],[-99.389,28.03],[-98.803,28.057],[-98.805,29.251],[-98.484,29.141],[-98.472,29.251],[-98.501,29.32],[-98.646,29.323],[-98.637,29.371],[-98.551,29.387],[-98.649,29.397],[-98.63,29.453],[-98.66,29.394],[-98.732,29.379],[-98.758,29.461],[-98.713,29.485],[-98.788,29.501],[-98.747,29.537],[-98.629,29.52],[-98.667,29.554],[-98.609,29.62],[-98.549,29.544],[-98.492,29.661],[-98.45,29.658],[-98.443,29.734],[-98.551,29.761],[-98.779,29.72],[-98.973,29.552],[-98.984,29.623],[-100.014,29.623],[-100.064,29.711],[-100.025,29.728],[-99.968,30.082],[-99.758,30.074],[-99.754,30.291],[-100.116,30.29],[-100.115,31.088],[-101.275,31.079],[-101.267,31.651],[-102.799,31.652],[-102.802,32.087],[-103.065,32.087],[-103.065,32.0],[-106.514,32.001]]]},"properties":{"id":"TX-23","name":"Texas district 23","state":"TX"},"id":"TX-23"},{"type":"Feature","geometry":{"type":"Polygon","coordinates":[[[-88.098,37.904],[-88.026,37.834],[-88.077,37.805],[-87.951,37.772],[-87.904,37.813],[-87.941,37.885],[-87.897,37.928],[-87.83,37.876],[-87.675,37.902],[-87.674,37.83],[-87.614,37.833],[-87.587,37.975],[-87.511,37.906],[-87.386,37.938],[-87.111,37.782],[-87.034,37.906],[-86.82,37.999],[-86.733,37.895],[-86.648,37.909],[-86.638,37.843],[-86.589,37.921],[-86.507,37.93],[-86.522,38.04],[-86.431,38.075],[-86.464,38.118],[-86.332,38.13],[-86.376,38.191],[-86.313,38.178],[-86.277,38.227],[-86.246,38.388],[-86.309,38.423],[-86.309,38.688],[-86.683,38.687],[-86.686,39.336],[-86.631,39.347],[-86.632,39.47],[-87.015,39.474],[-87.009,39.867],[-87.092,39.867],[-87.091,40.039],[-87.205,40.054],[-87.205,40.186],[-87.386,40.186],[-87.407,40.128],[-87.531,40.148],[-87.532,39.348],[-87.621,39.307],[-87.575,39.218],[-87.659,39.136],[-87.512,38.954],[-87.553,38.862],[-87.496,38.741],[-87.62,38.639],[-87.612,38.589],[-87.67,38.545],[-87.647,38.508],[-87.75,38.471],[-87.745,38.409],[-87.841,38.28],[-87.871,38.312],[-87.988,38.257],[-87.911,38.162],[-88.015,38.101],[-87.96,38.1],[-87.967,38.067],[-88.042,38.046],[-88.013,37.967],[-88.069,37.926],[-88.015,37.891],[-88.098,37.904]]]},"properties":{"id":"IN-08","name":"Indiana district 8","state":"IN"},"id":"IN-08"},{"type":"Feature","geometry":{"type":"Polygon","coordinates":[[[-86.327,39.686],[-86.326,39.632],[-86.25,39.634],[-86.252,39.342],[-86.086,39.344],[-86.08,39.153],[-85.687,39.131],[-85.685,39.35],[-85.631,39.35],[-85.629,39.453],[-85.298,39.453],[-85.299,39.525],[-84.815,39.522],[-84.807,40.18],[-85.216,40.179],[-85.214,40.077],[-85.576,40.077],[-85.576,39.946],[-85.938,39.927],[-85.952,39.726],[-86.327,39.72],[-86.327,39.686]]]},"properties":{"id":"IN-06","name":"Indiana district 6","state":"IN"},"id":"IN-06"},{"type":"Feature","geometry":{"type":"Polygon","coordinates":[[[-124.175,46.794],[-124.13,46.432],[-124.16,46.261],[-124.036,46.264],[-124.025,46.299],[-123.873,46.235],[-123.501,46.271],[-123.371,46.146],[-123.116,46.185],[-122.884,46.06],[-122.785,45.868],[-122.775,45.68],[-122.683,45.621],[-122.267,45.544],[-121.867,45.693],[-121.524,45.725],[-121.514,45.782],[-121.609,45.783],[-121.612,46.044],[-121.522,46.044],[-121.522,46.388],[-121.387,46.41],[-121.456,46.517],[-121.387,46.621],[-121.413,46.676],[-121.353,46.712],[-121.455,46.784],[-121.759,46.784],[-121.842,46.728],[-122.265,46.765],[-122.328,46.844],[-122.622,46.938],[-122.989,46.81],[-123.039,46.858],[-123.152,46.841],[-123.161,46.793],[-124.175,46.794]]]},"properties":{"id":"WA-03","name":"Washington district 3","state":"WA"},"id":"WA-03"},{"type":"Feature","geometry":{"type":"Polygon","coordinates":[[[-86.328,39.866],[-86.327,39.72],[-85.952,39.726],[-85.938,39.927],[-86.326,39.924],[-86.328,39.866]]]},"properties":{"id":"IN-07","name":"Indiana district 7","state":"IN"},"id":"IN-07"},{"type":"Feature","geometry":{"type":"Polygon","coordinates":[[[-95.775,29.701],[-95.68,29.641],[-95.747,29.546],[-95.622,29.539],[-95.623,29.675],[-95.503,29.713],[-95.456,29.681],[-95.371,29.749],[-95.444,29.811],[-95.411,29.743],[-95.621,29.771],[-95.775,29.701]]]},"properties":{"id":"TX-07","name":"Texas district 7","state":"TX"},"id":"TX-07"},{"type":"Feature","geometry":{"type":"Polygon","coordinates":[[[-122.566,46.94],[-122.49,46.867],[-122.328,46.844],[-122.266,46.766],[-121.842,46.728],[-121.759,46.784],[-121.455,46.784],[-121.514,46.891],[-121.382,47.086],[-121.281,47.089],[-121.027,46.911],[-120.635,46.912],[-120.634,46.826],[-120.509,46.825],[-120.51,46.738],[-119.973,46.737],[-119.926,46.811],[-120.042,47.069],[-120.004,47.216],[-120.091,47.24],[-120.086,47.339],[-120.287,47.393],[-120.317,47.471],[-120.199,47.682],[-120.209,47.748],[-119.995,47.781],[-119.86,47.943],[-120.067,47.966],[-120.143,48.065],[-120.349,48.144],[-120.356,48.218],[-120.587,48.32],[-120.563,48.371],[-120.65,48.398],[-120.669,48.45],[-120.632,48.469],[-120.652,48.537],[-120.788,48.507],[-120.845,48.551],[-121.036,48.495],[-121.072,48.318],[-121.002,48.296],[-122.304,48.298],[-122.18,48.167],[-122.107,48.207],[-122.114,48.155],[-122.013,48.083],[-122.013,47.996],[-121.949,47.953],[-121.932,47.872],[-122.038,47.823],[-122.0,47.775],[-122.126,47.747],[-122.079,47.623],[-122.143,47.527],[-122.122,47.474],[-122.164,47.478],[-122.124,47.437],[-122.176,47.43],[-122.229,47.276],[-122.187,47.253],[-122.219,47.242],[-122.195,47.192],[-122.242,47.186],[-122.231,47.086],[-122.398,47.053],[-122.435,47.084],[-122.566,46.94]]]},"properties":{"id":"WA-08","name":"Washington district 8","state":"WA"},"id":"WA-08"},{"type":"Feature","geometry":{"type":"Polygon","coordinates":[[[-124.849,48.181],[-124.785,48.087],[-124.795,47.967],[-124.54,47.716],[-124.555,47.644],[-124.461,47.625],[-124.419,47.384],[-124.306,47.248],[-124.247,46.918],[-124.181,46.794],[-123.161,46.793],[-123.158,46.996],[-123.203,46.997],[-123.202,47.085],[-123.075,47.085],[-122.938,47.19],[-122.896,47.157],[-122.821,47.194],[-122.76,47.141],[-122.675,47.251],[-122.622,47.209],[-122.505,47.243],[-122.505,47.185],[-122.294,47.243],[-122.437,47.334],[-122.539,47.34],[-122.519,47.462],[-122.445,47.543],[-122.433,47.842],[-122.626,47.993],[-122.657,48.125],[-122.852,48.226],[-122.863,48.37],[-123.541,48.225],[-124.012,48.297],[-124.763,48.5],[-124.746,48.446],[-124.818,48.391],[-124.761,48.296],[-124.849,48.181]]]},"properties":{"id":"WA-06","name":"Washington district 6","state":"WA"},"id":"WA-06"},{"type":"Feature","geometry":{"type":"Polygon","coordinates":[[[-121.613,45.885],[-121.609,45.783],[-121.514,45.782],[-121.524,45.725],[-121.216,45.671],[-121.168,45.606],[-121.064,45.652],[-120.896,45.643],[-120.635,45.746],[-120.483,45.694],[-120.211,45.726],[-119.966,45.824],[-119.67,45.857],[-119.572,45.925],[-119.126,45.933],[-118.942,46.027],[-119.04,46.196],[-118.779,46.293],[-118.951,46.283],[-118.988,46.329],[-119.116,46.285],[-119.115,46.373],[-119.269,46.37],[-119.27,46.52],[-119.458,46.674],[-119.369,46.678],[-119.369,46.738],[-119.081,46.738],[-119.133,46.762],[-119.144,46.9],[-118.983,46.911],[-118.974,47.943],[-118.846,47.963],[-118.87,48.626],[-118.837,48.654],[-118.837,49.0],[-120.886,48.975],[-120.757,48.944],[-120.735,48.786],[-120.656,48.725],[-120.785,48.605],[-120.651,48.536],[-120.632,48.469],[-120.669,48.45],[-120.65,48.398],[-120.563,48.371],[-120.587,48.32],[-120.356,48.218],[-120.349,48.144],[-120.143,48.065],[-120.067,47.966],[-119.861,47.947],[-119.995,47.781],[-120.209,47.748],[-120.199,47.682],[-120.317,47.471],[-120.287,47.393],[-120.086,47.339],[-120.091,47.24],[-120.004,47.216],[-120.043,47.072],[-119.927,46.798],[-119.973,46.737],[-120.51,46.738],[-120.509,46.825],[-120.634,46.826],[-120.635,46.912],[-121.027,46.911],[-121.219,47.066],[-121.38,47.087],[-121.523,46.873],[-121.43,46.74],[-121.353,46.712],[-121.413,46.676],[-121.387,46.621],[-121.456,46.517],[-121.387,46.41],[-121.522,46.388],[-121.522,46.044],[-121.612,46.044],[-121.613,45.885]]]},"properties":{"id":"WA-04","name":"Washington district 4","state":"WA"},"id":"WA-04"},{"type":"Feature","geometry":{"type":"Polygon","coordinates":[[[-123.203,46.997],[-123.158,46.996],[-123.132,46.829],[-123.039,46.858],[-122.989,46.81],[-122.713,46.876],[-122.643,46.938],[-122.564,46.927],[-122.435,47.084],[-122.398,47.053],[-122.232,47.086],[-122.242,47.186],[-122.195,47.192],[-122.187,47.254],[-122.295,47.257],[-122.32,47.207],[-122.418,47.238],[-122.453,47.185],[-122.521,47.196],[-122.505,47.243],[-122.622,47.209],[-122.675,47.251],[-122.76,47.141],[-122.821,47.194],[-122.896,47.157],[-122.94,47.19],[-123.075,47.085],[-123.202,47.085],[-123.203,46.997]]]},"properties":{"id":"WA-10","name":"Washington district 10","state":"WA"},"id":"WA-10"},{"type":"Feature","geometry":{"type":"Polygon","coordinates":[[[-122.542,47.349],[-122.468,47.319],[-122.327,47.408],[-122.291,47.524],[-122.33,47.603],[-122.265,47.601],[-122.23,47.668],[-122.271,47.777],[-122.438,47.778],[-122.445,47.543],[-122.519,47.462],[-122.542,47.349]]]},"properties":{"id":"WA-07","name":"Washington district 7","state":"WA"},"id":"WA-07"},{"type":"Feature","geometry":{"type":"Polygon","coordinates":[[[-83.427,42.287],[-83.423,42.179],[-83.154,42.185],[-83.078,42.309],[-82.83,42.373],[-82.75,42.451],[-83.151,42.446],[-83.143,42.294],[-83.427,42.287]]]},"properties":{"id":"MI-13","name":"Michigan district 13","state":"MI"},"id":"MI-13"},{"type":"Feature","geometry":{"type":"Polygon","coordinates":[[[-87.108,43.118],[-87.059,42.765],[-86.209,42.768],[-86.219,42.943],[-85.876,42.958],[-85.782,42.911],[-85.782,42.768],[-85.546,42.768],[-85.546,42.854],[-85.429,42.856],[-85.431,43.118],[-85.907,43.119],[-85.908,43.206],[-86.145,43.205],[-86.204,43.272],[-86.361,43.264],[-86.272,43.118],[-87.108,43.118]]]},"properties":{"id":"MI-03","name":"Michigan district 3","state":"MI"},"id":"MI-03"},{"type":"Feature","geometry":{"type":"Polygon","coordinates":[[[-83.712,43.832],[-83.696,43.266],[-83.46,43.215],[-83.453,42.876],[-83.689,42.871],[-83.677,42.606],[-83.56,42.582],[-83.55,42.7],[-82.977,42.716],[-82.974,42.657],[-82.759,42.593],[-82.864,42.53],[-82.864,42.451],[-82.75,42.451],[-82.523,42.607],[-82.456,42.926],[-82.123,43.591],[-82.25,44.159],[-83.185,44.168],[-83.712,43.832]]]},"properties":{"id":"MI-09","name":"Michigan district 9","state":"MI"},"id":"MI-09"},{"type":"Feature","geometry":{"type":"Polygon","coordinates":[[[-90.418,46.566],[-90.217,46.502],[-90.121,46.337],[-89.092,46.138],[-88.671,45.989],[-88.515,46.02],[-88.102,45.922],[-88.07,45.873],[-88.13,45.81],[-87.877,45.754],[-87.782,45.683],[-87.824,45.648],[-87.777,45.588],[-87.834,45.562],[-87.793,45.5],[-87.888,45.355],[-87.657,45.369],[-87.742,45.197],[-87.66,45.108],[-87.443,45.076],[-87.406,45.202],[-87.101,45.444],[-86.754,45.444],[-86.25,45.236],[-86.5,45.081],[-86.686,44.881],[-86.847,44.519],[-85.757,44.513],[-85.759,44.424],[-85.338,44.425],[-85.335,44.165],[-84.166,44.162],[-84.166,43.997],[-84.045,43.997],[-84.045,43.911],[-83.709,43.834],[-83.185,44.168],[-82.25,44.159],[-82.521,45.336],[-83.484,45.772],[-83.637,45.774],[-83.434,45.999],[-83.655,46.122],[-83.826,46.119],[-83.955,46.057],[-84.108,46.241],[-84.129,46.53],[-84.557,46.461],[-84.763,46.634],[-84.859,46.889],[-88.37,48.306],[-88.677,48.245],[-89.338,47.974],[-89.483,48.014],[-90.418,46.566]]]},"properties":{"id":"MI-01","name":"Michigan district 1","state":"MI"},"id":"MI-01"},{"type":"Feature","geometry":{"type":"Polygon","coordinates":[[[-84.489,43.532],[-84.489,43.466],[-84.37,43.466],[-84.368,43.128],[-83.929,43.133],[-83.894,42.781],[-83.686,42.783],[-83.689,42.871],[-83.453,42.876],[-83.461,43.223],[-83.696,43.266],[-83.709,43.834],[-84.045,43.911],[-84.045,43.997],[-84.166,43.997],[-84.167,43.826],[-84.367,43.828],[-84.368,43.726],[-84.487,43.727],[-84.489,43.532]]]},"properties":{"id":"MI-08","name":"Michigan district 8","state":"MI"},"id":"MI-08"},{"type":"Feature","geometry":{"type":"Polygon","coordinates":[[[-87.206,41.766],[-84.806,41.76],[-84.806,41.696],[-83.416,41.734],[-83.112,41.959],[-83.144,42.028],[-83.295,42.094],[-84.132,42.072],[-84.131,42.425],[-85.065,42.422],[-85.061,42.247],[-85.297,42.246],[-85.295,42.158],[-85.765,42.157],[-85.763,42.069],[-86.436,42.073],[-86.533,42.036],[-86.365,42.243],[-87.088,42.235],[-87.206,41.766]]]},"properties":{"id":"MI-05","name":"Michigan district 5","state":"MI"},"id":"MI-05"},{"type":"Feature","geometry":{"type":"Polygon","coordinates":[[[-83.434,42.439],[-83.427,42.287],[-83.141,42.297],[-83.204,42.532],[-83.321,42.529],[-83.317,42.442],[-83.434,42.439]]]},"properties":{"id":"MI-12","name":"Michigan district 12","state":"MI"},"id":"MI-12"},{"type":"Feature","geometry":{"type":"Polygon","coordinates":[[[-84.134,42.16],[-84.132,42.072],[-83.295,42.094],[-83.184,42.028],[-83.144,42.028],[-83.122,42.125],[-83.131,42.203],[-83.423,42.179],[-83.438,42.527],[-83.555,42.493],[-83.552,42.435],[-84.131,42.425],[-84.134,42.16]]]},"properties":{"id":"MI-06","name":"Michigan district 6","state":"MI"},"id":"MI-06"},{"type":"Feature","geometry":{"type":"Polygon","coordinates":[[[-87.085,42.25],[-86.365,42.243],[-86.533,42.036],[-86.436,42.073],[-85.763,42.069],[-85.765,42.157],[-85.295,42.158],[-85.297,42.246],[-85.061,42.247],[-85.065,42.422],[-85.543,42.421],[-85.546,42.768],[-85.782,42.768],[-85.782,42.911],[-85.876,42.958],[-86.219,42.943],[-86.209,42.768],[-87.059,42.765],[-87.02,42.494],[-87.085,42.25]]]},"properties":{"id":"MI-04","name":"Michigan district 4","state":"MI"},"id":"MI-04"},{"type":"Feature","geometry":{"type":"Polygon","coordinates":[[[-87.147,43.38],[-87.108,43.118],[-86.272,43.118],[-86.361,43.264],[-86.219,43.272],[-86.145,43.205],[-85.908,43.206],[-85.907,43.119],[-85.431,43.118],[-85.429,42.856],[-85.546,42.854],[-85.543,42.421],[-85.072,42.421],[-85.074,42.509],[-85.015,42.509],[-85.014,42.582],[-84.956,42.597],[-84.956,42.77],[-84.837,42.77],[-84.837,43.119],[-84.368,43.118],[-84.37,43.466],[-84.489,43.466],[-84.487,43.727],[-84.368,43.726],[-84.367,43.828],[-84.167,43.826],[-84.166,44.162],[-85.335,44.165],[-85.338,44.425],[-85.759,44.424],[-85.757,44.513],[-86.847,44.519],[-87.049,44.0],[-87.147,43.38]]]},"properties":{"id":"MI-02","name":"Michigan district 2","state":"MI"},"id":"MI-02"},{"type":"Feature","geometry":{"type":"Polygon","coordinates":[[[-83.214,42.71],[-83.209,42.621],[-83.091,42.624],[-83.083,42.447],[-82.864,42.451],[-82.855,42.541],[-82.758,42.575],[-82.801,42.631],[-82.974,42.657],[-82.977,42.716],[-83.214,42.71]]]},"properties":{"id":"MI-10","name":"Michigan district 10","state":"MI"},"id":"MI-10"},{"type":"Feature","geometry":{"type":"Polygon","coordinates":[[[-99.632,32.094],[-98.924,32.078],[-98.668,31.701],[-98.493,31.724],[-98.464,31.684],[-98.157,31.842],[-98.208,31.918],[-97.631,32.207],[-97.514,32.134],[-97.476,32.182],[-97.27,32.227],[-97.3,32.453],[-97.24,32.473],[-97.233,32.551],[-97.075,32.641],[-97.123,32.721],[-97.035,32.78],[-97.11,32.791],[-97.219,32.727],[-97.294,32.604],[-97.353,32.667],[-97.365,32.553],[-97.551,32.555],[-97.548,32.776],[-97.58,32.788],[-97.681,32.786],[-97.675,32.705],[-97.603,32.711],[-97.578,32.61],[-97.85,32.728],[-98.064,32.637],[-98.056,33.003],[-97.922,33.001],[-97.918,33.434],[-98.421,33.467],[-98.421,33.396],[-98.954,33.398],[-98.951,32.957],[-99.096,32.957],[-99.096,32.515],[-99.397,32.515],[-99.455,32.407],[-99.63,32.437],[-99.632,32.094]]]},"properties":{"id":"TX-25","name":"Texas district 25","state":"TX"},"id":"TX-25"},{"type":"Feature","geometry":{"type":"Polygon","coordinates":[[[-117.243,44.391],[-117.19,44.337],[-117.198,44.274],[-116.976,44.243],[-116.894,44.162],[-116.977,44.085],[-116.935,43.989],[-117.033,43.83],[-117.026,42.0],[-115.038,41.996],[-115.038,42.768],[-115.454,42.768],[-115.442,42.931],[-115.772,42.939],[-115.929,43.002],[-116.011,42.95],[-116.202,43.049],[-116.193,43.084],[-116.266,43.112],[-115.979,43.113],[-115.975,43.365],[-116.161,43.542],[-116.354,43.576],[-116.354,43.691],[-116.264,43.796],[-115.98,43.586],[-115.876,43.591],[-115.645,43.701],[-115.5,43.89],[-115.278,43.942],[-115.197,44.069],[-115.231,44.099],[-115.173,44.085],[-115.137,43.985],[-115.067,43.94],[-114.969,43.974],[-115.048,44.038],[-114.997,44.092],[-115.047,44.12],[-115.027,44.158],[-115.168,44.203],[-115.175,44.293],[-115.289,44.326],[-115.224,44.463],[-115.305,44.58],[-115.168,44.647],[-115.117,44.756],[-114.947,44.723],[-114.723,44.891],[-114.732,45.151],[-114.593,45.297],[-114.793,45.436],[-114.798,45.497],[-114.664,45.471],[-114.572,45.55],[-114.564,45.638],[-114.495,45.704],[-114.566,45.773],[-114.509,45.846],[-114.389,45.882],[-114.412,45.978],[-114.508,46.031],[-114.46,46.098],[-114.527,46.145],[-114.444,46.169],[-114.471,46.266],[-114.425,46.288],[-114.422,46.387],[-114.368,46.437],[-114.403,46.499],[-114.343,46.518],[-114.321,46.647],[-114.606,46.636],[-114.665,46.739],[-114.767,46.697],[-114.787,46.783],[-114.895,46.802],[-114.948,46.86],[-114.925,46.919],[-115.049,46.97],[-115.144,47.102],[-115.301,47.188],[-115.32,47.257],[-115.482,47.281],[-115.578,47.367],[-115.759,47.424],[-115.629,47.48],[-115.756,47.548],[-115.688,47.595],[-115.723,47.695],[-116.049,47.977],[-116.049,49.001],[-117.032,48.999],[-117.063,46.354],[-116.922,46.169],[-116.982,46.085],[-116.86,45.907],[-116.782,45.825],[-116.548,45.752],[-116.463,45.604],[-116.674,45.322],[-116.73,45.142],[-116.848,45.023],[-116.852,44.888],[-116.935,44.784],[-117.062,44.727],[-117.243,44.391]]]},"properties":{"id":"ID-01","name":"Idaho district 1","state":"ID"},"id":"ID-01"},{"type":"Feature","geometry":{"type":"Polygon","coordinates":[[[-116.355,43.608],[-116.354,43.576],[-116.161,43.542],[-115.975,43.365],[-115.979,43.113],[-116.266,43.112],[-116.193,43.084],[-116.202,43.049],[-116.011,42.95],[-115.929,43.002],[-115.772,42.939],[-115.442,42.931],[-115.454,42.768],[-115.038,42.768],[-115.038,41.996],[-111.047,42.002],[-111.049,44.474],[-111.228,44.577],[-111.219,44.623],[-111.385,44.755],[-111.516,44.644],[-111.468,44.539],[-111.703,44.56],[-111.822,44.509],[-111.869,44.567],[-112.106,44.521],[-112.287,44.569],[-112.353,44.538],[-112.387,44.447],[-112.781,44.485],[-112.854,44.36],[-113.005,44.453],[-113.131,44.773],[-113.247,44.823],[-113.341,44.785],[-113.455,44.865],[-113.499,44.942],[-113.444,44.959],[-113.452,45.059],[-113.685,45.254],[-113.776,45.408],[-113.766,45.521],[-113.835,45.521],[-113.806,45.602],[-113.905,45.622],[-113.938,45.696],[-114.015,45.696],[-114.086,45.591],[-114.248,45.546],[-114.33,45.46],[-114.472,45.565],[-114.565,45.558],[-114.664,45.471],[-114.794,45.508],[-114.793,45.436],[-114.593,45.297],[-114.732,45.151],[-114.723,44.891],[-114.947,44.723],[-115.117,44.756],[-115.168,44.647],[-115.305,44.58],[-115.224,44.463],[-115.293,44.335],[-115.175,44.293],[-115.168,44.203],[-115.024,44.155],[-115.047,44.12],[-114.997,44.091],[-115.048,44.038],[-114.983,44.011],[-114.991,43.95],[-115.074,43.944],[-115.173,44.085],[-115.231,44.099],[-115.197,44.069],[-115.278,43.942],[-115.509,43.885],[-115.645,43.701],[-115.829,43.606],[-115.98,43.586],[-116.264,43.796],[-116.354,43.691],[-116.355,43.608]]]},"properties":{"id":"ID-02","name":"Idaho district 2","state":"ID"},"id":"ID-02"},{"type":"Feature","geometry":{"type":"Polygon","coordinates":[[[-117.235,32.839],[-117.21,32.763],[-117.07,32.758],[-117.016,32.675],[-116.941,32.733],[-117.0,32.778],[-116.896,32.8],[-117.038,32.831],[-116.981,32.942],[-117.067,32.928],[-117.083,32.998],[-117.168,32.966],[-117.224,32.906],[-117.185,32.858],[-117.235,32.839]]]},"properties":{"id":"CA-51","name":"California district 51","state":"CA"},"id":"CA-51"},{"type":"Feature","geometry":{"type":"Polygon","coordinates":[[[-118.018,33.806],[-117.898,33.789],[-117.942,33.752],[-117.919,33.696],[-117.838,33.711],[-117.83,33.845],[-117.879,33.874],[-117.985,33.876],[-118.018,33.806]]]},"properties":{"id":"CA-46","name":"California district 46","state":"CA"},"id":"CA-46"},{"type":"Feature","geometry":{"type":"Polygon","coordinates":[[[-105.11,39.627],[-105.025,39.629],[-105.009,39.679],[-104.885,39.624],[-104.847,39.657],[-104.913,39.679],[-104.866,39.697],[-104.88,39.755],[-104.735,39.769],[-104.762,39.823],[-104.62,39.822],[-104.6,39.899],[-104.73,39.896],[-104.791,39.798],[-105.064,39.791],[-105.054,39.651],[-105.11,39.627]]]},"properties":{"id":"CO-01","name":"Colorado district 1","state":"CO"},"id":"CO-01"},{"type":"Feature","geometry":{"type":"Polygon","coordinates":[[[-85.947,38.005],[-85.713,38.087],[-85.567,38.075],[-85.58,38.134],[-85.509,38.18],[-85.476,38.29],[-85.638,38.38],[-85.683,38.296],[-85.826,38.279],[-85.947,38.005]]]},"properties":{"id":"KY-03","name":"Kentucky district 3","state":"KY"},"id":"KY-03"},{"type":"Feature","geometry":{"type":"MultiPolygon","coordinates":[[[[-89.417,36.5],[-88.053,36.497],[-88.071,36.678],[-87.85,36.664],[-87.853,36.633],[-84.975,36.615],[-85.064,36.859],[-84.836,36.998],[-84.906,37.047],[-84.901,37.116],[-84.721,37.238],[-84.706,37.3],[-84.723,37.36],[-84.851,37.427],[-84.857,37.529],[-84.652,37.649],[-84.694,37.641],[-84.682,37.686],[-84.74,37.714],[-85.025,37.679],[-85.001,37.855],[-85.075,37.951],[-84.865,38.141],[-84.725,38.195],[-84.741,38.352],[-84.906,38.375],[-84.998,38.336],[-84.957,38.332],[-85.048,38.072],[-85.169,37.998],[-85.152,37.887],[-85.279,37.853],[-85.45,37.686],[-85.521,37.554],[-85.466,37.466],[-85.584,37.47],[-85.353,37.192],[-85.527,37.109],[-85.744,37.17],[-85.777,37.138],[-85.739,36.841],[-85.977,36.723],[-86.071,36.807],[-86.065,36.899],[-86.106,36.865],[-86.136,36.932],[-86.206,36.933],[-86.406,36.776],[-86.401,36.807],[-86.583,36.83],[-86.612,36.883],[-86.731,36.859],[-86.744,36.923],[-86.674,37.0],[-86.845,37.057],[-87.25,37.041],[-87.334,37.132],[-87.308,37.195],[-87.388,37.257],[-87.295,37.387],[-87.353,37.427],[-87.36,37.549],[-87.5,37.631],[-87.272,37.78],[-87.323,37.819],[-87.303,37.898],[-87.414,37.945],[-87.511,37.906],[-87.593,37.975],[-87.615,37.832],[-87.678,37.834],[-87.675,37.902],[-87.83,37.876],[-87.898,37.928],[-87.941,37.885],[-87.907,37.807],[-87.952,37.772],[-88.028,37.799],[-88.125,37.707],[-88.158,37.637],[-88.063,37.515],[-88.082,37.473],[-88.467,37.4],[-88.516,37.284],[-88.425,37.152],[-88.46,37.075],[-88.567,37.075],[-88.932,37.227],[-89.076,37.175],[-89.182,37.039],[-89.099,36.958],[-89.179,36.83],[-89.118,36.762],[-89.201,36.733],[-89.159,36.666],[-89.236,36.567],[-89.366,36.625],[-89.417,36.5]]],[[[-89.571,36.552],[-89.539,36.498],[-89.466,36.53],[-89.529,36.582],[-89.571,36.552]]]]},"properties":{"id":"KY-01","name":"Kentucky district 1","state":"KY"},"id":"KY-01"},{"type":"Feature","geometry":{"type":"Polygon","coordinates":[[[-85.064,36.859],[-84.975,36.615],[-83.691,36.583],[-83.53,36.666],[-83.135,36.743],[-83.073,36.854],[-82.879,36.89],[-82.867,36.978],[-82.722,37.045],[-82.721,37.121],[-82.349,37.268],[-81.965,37.543],[-82.132,37.552],[-82.175,37.648],[-82.214,37.625],[-82.304,37.676],[-82.312,37.765],[-82.502,37.933],[-82.465,37.984],[-82.638,38.141],[-82.572,38.316],[-82.604,38.459],[-82.665,38.506],[-82.817,38.374],[-82.999,38.412],[-83.285,38.306],[-83.417,38.396],[-83.646,38.171],[-83.7,38.202],[-83.688,38.262],[-83.823,38.197],[-83.904,38.234],[-83.934,38.2],[-83.719,38.109],[-83.699,38.018],[-83.774,37.99],[-83.775,37.939],[-83.631,37.825],[-83.906,37.543],[-83.965,37.581],[-84.263,37.516],[-84.345,37.54],[-84.374,37.473],[-84.473,37.494],[-84.651,37.64],[-84.847,37.548],[-84.851,37.427],[-84.723,37.36],[-84.716,37.253],[-84.901,37.116],[-84.906,37.047],[-84.836,36.998],[-85.064,36.859]]]},"properties":{"id":"KY-05","name":"Kentucky district 5","state":"KY"},"id":"KY-05"},{"type":"Feature","geometry":{"type":"Polygon","coordinates":[[[-85.075,37.951],[-85.001,37.855],[-85.025,37.679],[-84.738,37.713],[-84.649,37.61],[-84.374,37.473],[-84.345,37.54],[-84.263,37.516],[-83.965,37.581],[-83.906,37.543],[-83.631,37.825],[-83.775,37.939],[-83.774,37.99],[-83.699,38.018],[-83.719,38.109],[-83.934,38.2],[-83.904,38.234],[-83.823,38.197],[-83.688,38.262],[-83.7,38.202],[-83.646,38.171],[-83.507,38.269],[-83.453,38.382],[-83.581,38.43],[-83.642,38.525],[-83.859,38.456],[-83.93,38.492],[-83.999,38.422],[-84.102,38.459],[-84.28,38.313],[-84.429,38.28],[-84.561,38.492],[-84.741,38.352],[-84.725,38.195],[-84.865,38.141],[-85.075,37.951]]]},"properties":{"id":"KY-06","name":"Kentucky district 6","state":"KY"},"id":"KY-06"},{"type":"Feature","geometry":{"type":"Polygon","coordinates":[[[-85.637,38.382],[-85.405,38.264],[-85.43,38.107],[-85.517,38.011],[-85.489,37.991],[-85.586,37.908],[-85.512,37.827],[-85.428,37.817],[-85.462,37.765],[-85.432,37.727],[-85.254,37.866],[-85.204,37.847],[-85.199,37.902],[-85.152,37.887],[-85.169,37.998],[-85.048,38.072],[-84.957,38.332],[-84.998,38.336],[-84.906,38.375],[-84.746,38.349],[-84.561,38.492],[-84.462,38.384],[-84.445,38.284],[-84.379,38.278],[-84.102,38.459],[-83.999,38.422],[-83.93,38.492],[-83.859,38.456],[-83.629,38.522],[-83.581,38.43],[-83.412,38.397],[-83.285,38.306],[-82.999,38.412],[-82.817,38.374],[-82.665,38.506],[-82.842,38.589],[-82.89,38.756],[-83.03,38.726],[-83.153,38.619],[-83.293,38.597],[-83.521,38.703],[-83.659,38.627],[-83.764,38.653],[-83.869,38.761],[-84.213,38.806],[-84.306,39.008],[-84.426,39.053],[-84.453,39.119],[-84.618,39.073],[-84.75,39.148],[-84.897,39.057],[-84.83,38.973],[-84.877,38.909],[-84.785,38.88],[-84.814,38.785],[-84.992,38.778],[-85.173,38.688],[-85.272,38.741],[-85.435,38.729],[-85.418,38.538],[-85.637,38.382]]]},"properties":{"id":"KY-04","name":"Kentucky district 4","state":"KY"},"id":"KY-04"},{"type":"Feature","geometry":{"type":"Polygon","coordinates":[[[-87.5,37.639],[-87.36,37.549],[-87.353,37.427],[-87.295,37.387],[-87.388,37.257],[-87.308,37.195],[-87.334,37.132],[-87.25,37.041],[-86.845,37.057],[-86.674,37.0],[-86.744,36.923],[-86.731,36.859],[-86.612,36.883],[-86.583,36.83],[-86.401,36.807],[-86.406,36.776],[-86.206,36.933],[-86.136,36.932],[-86.106,36.865],[-86.065,36.899],[-86.071,36.807],[-85.977,36.723],[-85.739,36.841],[-85.777,37.138],[-85.744,37.17],[-85.527,37.109],[-85.353,37.192],[-85.587,37.438],[-85.583,37.47],[-85.466,37.466],[-85.521,37.554],[-85.402,37.731],[-85.462,37.764],[-85.428,37.817],[-85.512,37.827],[-85.586,37.908],[-85.43,38.107],[-85.405,38.264],[-85.476,38.29],[-85.509,38.18],[-85.58,38.134],[-85.567,38.075],[-85.713,38.087],[-86.041,37.958],[-86.268,38.057],[-86.273,38.141],[-86.36,38.199],[-86.325,38.136],[-86.461,38.121],[-86.434,38.066],[-86.525,38.029],[-86.507,37.93],[-86.589,37.921],[-86.633,37.844],[-86.648,37.909],[-86.733,37.895],[-86.819,37.999],[-87.034,37.906],[-87.098,37.785],[-87.303,37.898],[-87.323,37.819],[-87.272,37.78],[-87.5,37.639]]]},"properties":{"id":"KY-02","name":"Kentucky district 2","state":"KY"},"id":"KY-02"},{"type":"Feature","geometry":{"type":"Polygon","coordinates":[[[-73.918,40.918],[-73.827,40.859],[-73.613,40.951],[-73.706,41.074],[-73.848,41.087],[-73.895,41.07],[-73.918,40.918]]]},"properties":{"id":"NY-16","name":"New York district 16","state":"NY"},"id":"NY-16"},{"type":"Feature","geometry":{"type":"Polygon","coordinates":[[[-74.234,41.143],[-73.894,40.997],[-73.895,41.07],[-73.744,41.052],[-73.728,41.101],[-73.483,41.213],[-73.551,41.295],[-73.521,41.62],[-73.728,41.581],[-73.812,41.634],[-73.861,41.496],[-73.982,41.439],[-73.964,41.344],[-74.234,41.143]]]},"properties":{"id":"NY-17","name":"New York district 17","state":"NY"},"id":"NY-17"},{"type":"Feature","geometry":{"type":"Polygon","coordinates":[[[-74.763,41.448],[-74.696,41.358],[-74.234,41.143],[-73.964,41.344],[-73.982,41.439],[-73.861,41.496],[-73.812,41.634],[-73.728,41.581],[-73.521,41.62],[-73.487,42.05],[-73.521,42.05],[-73.527,41.978],[-73.711,42.005],[-73.93,42.079],[-73.911,42.127],[-74.002,42.177],[-74.075,42.097],[-74.272,42.112],[-74.262,42.02],[-74.094,42.016],[-74.035,41.875],[-74.069,41.801],[-74.225,41.729],[-74.218,41.659],[-74.125,41.633],[-74.126,41.583],[-74.264,41.633],[-74.476,41.504],[-74.752,41.494],[-74.763,41.448]]]},"properties":{"id":"NY-18","name":"New York district 18","state":"NY"},"id":"NY-18"},{"type":"Feature","geometry":{"type":"Polygon","coordinates":[[[-76.697,42.547],[-76.691,42.284],[-76.25,42.297],[-76.239,42.357],[-76.293,42.407],[-76.13,42.41],[-76.081,42.258],[-76.106,41.999],[-75.345,41.995],[-75.258,41.862],[-75.172,41.872],[-75.072,41.814],[-75.105,41.774],[-75.053,41.752],[-75.075,41.607],[-74.983,41.481],[-74.789,41.421],[-74.755,41.425],[-74.761,41.491],[-74.476,41.504],[-74.264,41.633],[-74.126,41.583],[-74.125,41.633],[-74.218,41.659],[-74.225,41.729],[-74.069,41.801],[-74.035,41.875],[-74.094,42.016],[-74.262,42.02],[-74.272,42.112],[-74.075,42.097],[-74.002,42.177],[-73.911,42.127],[-73.93,42.079],[-73.527,41.978],[-73.265,42.746],[-73.278,42.838],[-73.649,42.793],[-73.629,42.636],[-73.76,42.614],[-73.784,42.464],[-74.254,42.408],[-74.313,42.357],[-74.444,42.355],[-74.619,42.424],[-74.712,42.518],[-74.631,42.627],[-74.648,42.83],[-74.879,42.898],[-74.907,42.825],[-75.101,42.908],[-75.14,42.86],[-75.243,42.878],[-75.296,42.744],[-75.89,42.724],[-75.884,42.656],[-76.072,42.647],[-76.065,42.543],[-76.261,42.55],[-76.266,42.624],[-76.459,42.627],[-76.667,42.623],[-76.586,42.55],[-76.697,42.547]]]},"properties":{"id":"NY-19","name":"New York district 19","state":"NY"},"id":"NY-19"},{"type":"Feature","geometry":{"type":"Polygon","coordinates":[[[-74.307,42.751],[-74.165,42.717],[-74.263,42.407],[-73.784,42.464],[-73.76,42.614],[-73.629,42.636],[-73.608,42.703],[-73.652,42.698],[-73.654,42.791],[-73.278,42.838],[-73.274,42.944],[-73.635,42.941],[-73.594,43.014],[-73.744,43.017],[-73.676,43.149],[-73.778,43.14],[-73.771,43.096],[-74.111,43.067],[-74.097,42.983],[-74.289,42.984],[-74.248,42.785],[-74.307,42.751]]]},"properties":{"id":"NY-20","name":"New York district 20","state":"NY"},"id":"NY-20"},{"type":"Feature","geometry":{"type":"Polygon","coordinates":[[[-75.887,43.325],[-75.868,43.147],[-75.776,43.173],[-75.653,43.108],[-75.514,43.133],[-75.544,43.169],[-75.341,43.179],[-75.255,43.113],[-75.161,43.115],[-75.219,43.052],[-75.211,42.857],[-75.101,42.908],[-74.907,42.825],[-74.879,42.898],[-74.648,42.83],[-74.631,42.627],[-74.712,42.518],[-74.619,42.424],[-74.444,42.355],[-74.245,42.377],[-74.242,42.551],[-74.17,42.667],[-74.18,42.73],[-74.307,42.75],[-74.248,42.785],[-74.289,42.984],[-74.097,42.983],[-74.111,43.067],[-73.771,43.096],[-73.778,43.14],[-73.681,43.153],[-73.668,43.106],[-73.744,43.017],[-73.594,43.014],[-73.635,42.941],[-73.274,42.944],[-73.242,43.535],[-73.306,43.628],[-73.372,43.624],[-73.396,43.568],[-73.431,43.588],[-73.351,43.771],[-73.438,44.045],[-73.391,44.191],[-73.313,44.265],[-73.335,44.364],[-73.294,44.439],[-73.39,44.618],[-73.333,44.789],[-73.382,44.849],[-73.343,45.011],[-74.827,45.016],[-75.414,44.772],[-75.86,44.403],[-75.625,44.285],[-75.794,44.14],[-75.878,44.175],[-75.858,43.984],[-75.695,44.055],[-75.604,43.971],[-75.759,43.879],[-75.84,43.884],[-75.851,43.792],[-75.787,43.789],[-75.756,43.47],[-75.815,43.484],[-75.887,43.325]]]},"properties":{"id":"NY-21","name":"New York district 21","state":"NY"},"id":"NY-21"},{"type":"Feature","geometry":{"type":"Polygon","coordinates":[[[-114.755,36.086],[-114.741,35.976],[-114.662,35.871],[-114.712,35.806],[-114.654,35.61],[-114.679,35.498],[-114.569,35.183],[-114.578,35.129],[-114.647,35.102],[-114.603,35.069],[-114.635,34.875],[-114.47,34.711],[-114.387,34.458],[-114.177,34.349],[-114.131,34.263],[-114.434,34.087],[-114.438,34.023],[-114.536,33.934],[-114.494,33.708],[-114.532,33.675],[-114.524,33.553],[-114.643,33.417],[-114.725,33.405],[-114.698,33.352],[-114.731,33.302],[-114.672,33.258],[-114.706,33.088],[-114.662,33.033],[-114.52,33.03],[-114.467,32.965],[-114.469,32.845],[-114.535,32.733],[-114.614,32.726],[-114.599,32.68],[-114.685,32.684],[-114.632,32.553],[-114.563,32.553],[-114.542,32.626],[-114.116,32.62],[-113.747,32.694],[-113.617,32.767],[-113.334,32.768],[-113.334,33.023],[-113.145,33.098],[-113.027,33.204],[-112.828,33.203],[-112.828,33.117],[-112.496,33.131],[-112.496,33.218],[-112.358,33.189],[-112.358,33.486],[-112.203,33.538],[-112.307,33.551],[-112.308,33.639],[-112.46,33.638],[-112.306,33.718],[-112.447,33.782],[-112.428,33.921],[-112.744,34.0],[-113.333,34.0],[-113.334,35.508],[-113.62,35.495],[-113.784,35.655],[-113.83,35.67],[-113.873,35.589],[-113.852,35.623],[-113.92,35.621],[-114.043,35.725],[-113.905,35.82],[-113.904,36.093],[-113.782,36.025],[-113.647,35.824],[-113.606,35.849],[-113.514,35.768],[-113.384,35.755],[-113.31,35.863],[-113.354,36.04],[-113.32,36.097],[-113.225,36.091],[-113.163,36.172],[-112.794,36.284],[-112.629,36.392],[-112.66,36.543],[-112.597,36.83],[-112.827,36.832],[-112.83,37.001],[-114.051,37.0],[-114.044,36.193],[-114.137,36.038],[-114.244,36.015],[-114.406,36.147],[-114.63,36.142],[-114.755,36.086]]]},"properties":{"id":"AZ-09","name":"Arizona district 9","state":"AZ"},"id":"AZ-09"},{"type":"Feature","geometry":{"type":"Polygon","coordinates":[[[-112.115,33.7],[-112.1,33.517],[-111.955,33.445],[-111.715,33.5],[-111.04,33.466],[-111.153,33.678],[-111.224,33.603],[-111.387,33.75],[-111.372,33.824],[-111.405,33.919],[-111.452,33.921],[-111.454,34.005],[-111.996,34.03],[-112.031,33.844],[-111.995,33.748],[-112.026,33.699],[-112.115,33.7]]]},"properties":{"id":"AZ-01","name":"Arizona district 1","state":"AZ"},"id":"AZ-01"},{"type":"Feature","geometry":{"type":"Polygon","coordinates":[[[-112.46,33.638],[-112.308,33.639],[-112.307,33.551],[-112.1,33.531],[-112.115,33.7],[-112.026,33.699],[-111.995,33.748],[-112.031,33.844],[-111.996,34.03],[-112.165,34.048],[-112.276,33.882],[-112.428,33.921],[-112.447,33.782],[-112.306,33.718],[-112.46,33.638]]]},"properties":{"id":"AZ-08","name":"Arizona district 8","state":"AZ"},"id":"AZ-08"},{"type":"Feature","geometry":{"type":"Polygon","coordinates":[[[-111.894,33.291],[-111.893,33.203],[-111.686,33.205],[-111.686,33.118],[-111.486,33.118],[-111.519,33.293],[-111.409,33.309],[-111.494,33.386],[-111.477,33.466],[-111.65,33.495],[-111.684,33.473],[-111.637,33.415],[-111.841,33.379],[-111.824,33.283],[-111.894,33.291]]]},"properties":{"id":"AZ-05","name":"Arizona district 5","state":"AZ"},"id":"AZ-05"},{"type":"Feature","geometry":{"type":"Polygon","coordinates":[[[-111.878,32.875],[-111.757,32.828],[-111.672,32.646],[-111.5,32.647],[-111.466,32.501],[-111.342,32.499],[-111.304,32.392],[-111.144,32.381],[-111.123,32.316],[-110.829,32.221],[-110.81,32.192],[-110.909,32.195],[-110.91,32.134],[-110.858,32.142],[-110.859,31.963],[-111.012,31.891],[-111.058,31.726],[-110.452,31.731],[-110.46,31.4],[-110.239,31.348],[-110.207,31.38],[-110.241,31.409],[-110.037,31.38],[-110.004,31.469],[-110.053,31.469],[-110.053,31.553],[-109.852,31.557],[-109.817,31.436],[-109.482,31.455],[-109.494,31.334],[-109.05,31.332],[-109.047,33.777],[-109.349,33.778],[-109.353,33.725],[-109.484,33.687],[-109.515,33.035],[-109.666,33.015],[-109.76,33.07],[-109.77,33.126],[-109.894,33.146],[-110.055,33.305],[-110.055,32.875],[-110.137,32.958],[-110.395,33.007],[-110.449,32.987],[-110.449,32.771],[-111.362,32.763],[-111.361,32.85],[-111.498,32.85],[-111.515,32.778],[-111.515,32.836],[-111.593,32.88],[-111.654,32.85],[-111.654,32.894],[-111.809,32.912],[-111.878,32.875]]]},"properties":{"id":"AZ-06","name":"Arizona district 6","state":"AZ"},"id":"AZ-06"},{"type":"Feature","geometry":{"type":"Polygon","coordinates":[[[-112.146,33.305],[-111.824,33.283],[-111.841,33.379],[-111.688,33.379],[-111.636,33.427],[-111.684,33.5],[-111.856,33.437],[-111.939,33.465],[-111.981,33.451],[-111.957,33.356],[-112.146,33.305]]]},"properties":{"id":"AZ-04","name":"Arizona district 4","state":"AZ"},"id":"AZ-04"},{"type":"Feature","geometry":{"type":"Polygon","coordinates":[[[-114.042,35.725],[-113.92,35.621],[-113.852,35.623],[-113.873,35.589],[-113.83,35.67],[-113.784,35.655],[-113.62,35.495],[-113.334,35.508],[-113.333,34.0],[-112.744,34.0],[-112.276,33.882],[-112.165,34.048],[-111.454,34.005],[-111.331,33.688],[-111.222,33.602],[-111.153,33.678],[-111.04,33.466],[-111.477,33.466],[-111.494,33.386],[-111.409,33.309],[-111.519,33.293],[-111.486,33.118],[-111.686,33.118],[-111.686,33.205],[-111.893,33.203],[-111.894,33.291],[-112.134,33.29],[-112.235,33.389],[-112.309,33.381],[-112.306,33.247],[-112.202,33.247],[-112.197,32.978],[-112.048,32.986],[-112.067,32.85],[-111.805,32.912],[-111.654,32.894],[-111.654,32.85],[-111.593,32.88],[-111.515,32.836],[-111.515,32.778],[-111.498,32.85],[-111.454,32.851],[-111.361,32.85],[-111.362,32.763],[-110.449,32.771],[-110.449,32.987],[-110.395,33.007],[-110.137,32.958],[-110.055,32.875],[-110.055,33.305],[-109.894,33.146],[-109.77,33.126],[-109.76,33.07],[-109.666,33.015],[-109.515,33.035],[-109.484,33.687],[-109.353,33.725],[-109.349,33.778],[-109.047,33.777],[-109.045,36.999],[-112.83,37.001],[-112.827,36.832],[-112.597,36.829],[-112.657,36.357],[-113.163,36.172],[-113.225,36.091],[-113.32,36.097],[-113.354,36.04],[-113.31,35.863],[-113.387,35.753],[-113.514,35.768],[-113.606,35.849],[-113.647,35.824],[-113.782,36.025],[-113.904,36.093],[-113.905,35.82],[-114.042,35.725]]]},"properties":{"id":"AZ-02","name":"Arizona district 2","state":"AZ"},"id":"AZ-02"},{"type":"Feature","geometry":{"type":"Polygon","coordinates":[[[-114.816,32.508],[-111.075,31.332],[-109.487,31.334],[-109.464,31.386],[-109.503,31.465],[-109.817,31.436],[-109.852,31.557],[-110.053,31.553],[-110.053,31.469],[-110.004,31.469],[-110.037,31.38],[-110.241,31.409],[-110.207,31.351],[-110.287,31.353],[-110.436,31.425],[-110.46,31.4],[-110.452,31.731],[-111.058,31.726],[-111.012,31.891],[-110.859,31.963],[-110.858,32.142],[-110.91,32.134],[-110.909,32.195],[-110.81,32.192],[-110.829,32.221],[-111.123,32.316],[-111.144,32.381],[-111.304,32.392],[-111.342,32.499],[-111.466,32.501],[-111.5,32.647],[-111.672,32.646],[-111.757,32.828],[-111.826,32.828],[-111.843,32.872],[-112.067,32.85],[-112.048,32.986],[-112.203,32.993],[-112.202,33.247],[-112.306,33.247],[-112.309,33.381],[-112.221,33.437],[-112.272,33.494],[-112.358,33.486],[-112.358,33.189],[-112.496,33.218],[-112.496,33.131],[-112.828,33.117],[-112.828,33.203],[-113.027,33.204],[-113.145,33.098],[-113.334,33.023],[-113.334,32.768],[-113.617,32.767],[-113.747,32.694],[-114.116,32.62],[-114.542,32.626],[-114.563,32.553],[-114.632,32.553],[-114.685,32.684],[-114.599,32.68],[-114.614,32.726],[-114.527,32.76],[-114.702,32.746],[-114.808,32.619],[-114.816,32.508]]]},"properties":{"id":"AZ-07","name":"Arizona district 7","state":"AZ"},"id":"AZ-07"},{"type":"Feature","geometry":{"type":"Polygon","coordinates":[[[-75.031,39.992],[-74.895,39.783],[-74.807,39.783],[-74.668,39.684],[-74.655,39.627],[-74.435,39.542],[-74.39,39.596],[-74.39,39.773],[-74.553,40.079],[-74.342,40.217],[-74.269,40.206],[-74.225,40.339],[-74.149,40.325],[-74.133,40.427],[-74.262,40.395],[-74.461,40.251],[-74.573,40.301],[-74.65,40.242],[-74.713,40.358],[-74.762,40.284],[-74.724,40.146],[-75.031,39.992]]]},"properties":{"id":"NJ-03","name":"New Jersey district 3","state":"NJ"},"id":"NJ-03"},{"type":"Feature","geometry":{"type":"Polygon","coordinates":[[[-74.303,41.012],[-74.197,40.955],[-74.198,40.857],[-74.13,40.82],[-74.164,40.754],[-74.079,40.751],[-73.964,40.827],[-74.14,40.924],[-74.182,41.035],[-74.249,41.064],[-74.303,41.012]]]},"properties":{"id":"NJ-09","name":"New Jersey district 9","state":"NJ"},"id":"NJ-09"},{"type":"Feature","geometry":{"type":"Polygon","coordinates":[[[-75.267,39.808],[-75.194,39.793],[-75.229,39.758],[-75.14,39.715],[-75.168,39.685],[-75.053,39.678],[-74.912,39.578],[-74.736,39.73],[-74.903,39.791],[-75.031,40.016],[-75.267,39.808]]]},"properties":{"id":"NJ-01","name":"New Jersey district 1","state":"NJ"},"id":"NJ-01"},{"type":"Feature","geometry":{"type":"Polygon","coordinates":[[[-74.254,40.67],[-74.201,40.633],[-74.056,40.651],[-73.985,40.798],[-74.018,40.823],[-74.091,40.749],[-74.172,40.788],[-74.167,40.72],[-74.055,40.717],[-74.254,40.67]],[[-74.047,40.691],[-74.044,40.69],[-74.044,40.689],[-74.047,40.691]],[[-74.041,40.7],[-74.038,40.699],[-74.04,40.699],[-74.041,40.7]]]},"properties":{"id":"NJ-08","name":"New Jersey district 8","state":"NJ"},"id":"NJ-08"},{"type":"Feature","geometry":{"type":"Polygon","coordinates":[[[-74.872,41.201],[-74.74,40.97],[-74.639,41.119],[-74.35,41.004],[-74.249,41.064],[-74.17,41.028],[-74.192,40.979],[-74.14,40.924],[-73.977,40.828],[-73.896,40.982],[-74.696,41.358],[-74.796,41.32],[-74.872,41.201]]]},"properties":{"id":"NJ-05","name":"New Jersey district 5","state":"NJ"},"id":"NJ-05"},{"type":"Feature","geometry":{"type":"Polygon","coordinates":[[[-74.943,40.342],[-74.752,40.184],[-74.762,40.284],[-74.713,40.358],[-74.65,40.242],[-74.573,40.301],[-74.461,40.251],[-74.261,40.413],[-74.314,40.451],[-74.362,40.417],[-74.385,40.487],[-74.489,40.474],[-74.459,40.497],[-74.52,40.556],[-74.395,40.601],[-74.409,40.644],[-74.524,40.57],[-74.688,40.555],[-74.655,40.478],[-74.87,40.378],[-74.856,40.347],[-74.943,40.342]]]},"properties":{"id":"NJ-12","name":"New Jersey district 12","state":"NJ"},"id":"NJ-12"},{"type":"Feature","geometry":{"type":"Polygon","coordinates":[[[-74.52,40.556],[-74.459,40.497],[-74.489,40.474],[-74.385,40.487],[-74.362,40.417],[-74.314,40.451],[-74.209,40.382],[-74.122,40.439],[-74.024,40.4],[-74.09,40.339],[-74.0,40.256],[-74.095,40.206],[-74.005,40.195],[-74.028,40.117],[-73.965,40.098],[-73.891,40.311],[-73.89,40.487],[-73.978,40.519],[-74.225,40.477],[-74.258,40.509],[-74.214,40.604],[-74.52,40.556]]]},"properties":{"id":"NJ-06","name":"New Jersey district 6","state":"NJ"},"id":"NJ-06"},{"type":"Feature","geometry":{"type":"Polygon","coordinates":[[[-74.553,40.079],[-74.417,39.823],[-74.25,39.798],[-74.204,39.841],[-74.103,39.796],[-74.087,39.875],[-74.168,39.867],[-74.175,39.904],[-74.097,39.941],[-74.077,39.913],[-74.007,40.098],[-74.005,40.195],[-74.095,40.206],[-74.009,40.235],[-74.09,40.339],[-74.015,40.389],[-74.131,40.436],[-74.149,40.325],[-74.225,40.339],[-74.269,40.206],[-74.342,40.217],[-74.553,40.079]]]},"properties":{"id":"NJ-04","name":"New Jersey district 4","state":"NJ"},"id":"NJ-04"},{"type":"Feature","geometry":{"type":"Polygon","coordinates":[[[-75.564,39.483],[-75.316,39.245],[-75.015,38.789],[-74.743,38.959],[-74.565,39.211],[-74.266,39.422],[-74.044,39.736],[-73.965,40.098],[-74.034,40.1],[-74.077,39.913],[-74.171,39.915],[-74.17,39.868],[-74.087,39.875],[-74.103,39.796],[-74.204,39.841],[-74.25,39.798],[-74.417,39.823],[-74.39,39.596],[-74.435,39.542],[-74.655,39.627],[-74.736,39.73],[-74.912,39.578],[-75.053,39.678],[-75.168,39.685],[-75.14,39.715],[-75.229,39.758],[-75.194,39.793],[-75.323,39.85],[-75.451,39.775],[-75.557,39.633],[-75.512,39.567],[-75.564,39.483]]]},"properties":{"id":"NJ-02","name":"New Jersey district 2","state":"NJ"},"id":"NJ-02"},{"type":"Feature","geometry":{"type":"Polygon","coordinates":[[[-74.334,40.65],[-74.266,40.627],[-74.216,40.644],[-74.254,40.67],[-74.094,40.687],[-74.055,40.732],[-74.167,40.72],[-74.208,40.825],[-74.227,40.795],[-74.22,40.834],[-74.285,40.847],[-74.305,40.758],[-74.235,40.751],[-74.334,40.65]]]},"properties":{"id":"NJ-10","name":"New Jersey district 10","state":"NJ"},"id":"NJ-10"},{"type":"Feature","geometry":{"type":"Polygon","coordinates":[[[-75.204,40.691],[-75.195,40.577],[-75.069,40.542],[-75.059,40.419],[-74.967,40.399],[-74.932,40.339],[-74.655,40.478],[-74.687,40.555],[-74.524,40.57],[-74.409,40.644],[-74.395,40.601],[-74.2,40.598],[-74.216,40.644],[-74.334,40.649],[-74.296,40.712],[-74.369,40.739],[-74.514,40.698],[-74.538,40.811],[-74.646,40.837],[-74.566,40.908],[-74.641,40.962],[-74.536,41.059],[-74.639,41.119],[-74.74,40.97],[-74.872,41.201],[-75.131,40.99],[-75.051,40.866],[-75.197,40.752],[-75.204,40.691]]]},"properties":{"id":"NJ-07","name":"New Jersey district 7","state":"NJ"},"id":"NJ-07"},{"type":"Feature","geometry":{"type":"Polygon","coordinates":[[[-74.646,40.837],[-74.538,40.811],[-74.549,40.734],[-74.444,40.688],[-74.372,40.74],[-74.253,40.715],[-74.235,40.751],[-74.305,40.758],[-74.285,40.847],[-74.22,40.834],[-74.227,40.795],[-74.208,40.825],[-74.189,40.768],[-74.13,40.82],[-74.198,40.857],[-74.198,40.956],[-74.447,41.054],[-74.498,41.034],[-74.501,41.086],[-74.641,40.963],[-74.566,40.908],[-74.646,40.837]]]},"properties":{"id":"NJ-11","name":"New Jersey district 11","state":"NJ"},"id":"NJ-11"}]}